id,code,exception,tax_classification
l10n_br_fiscal.ncm_00000000,0000.00.00,,
__export__.l10n_br_fiscal_ncm_11545_f40493dc,0101.21.00,,
__export__.l10n_br_fiscal_ncm_11546_c79a33b7,0101.29.00,,
__export__.l10n_br_fiscal_ncm_11547_abb7c674,0101.30.00,,
__export__.l10n_br_fiscal_ncm_11548_cd56cf91,0101.90.00,,
__export__.l10n_br_fiscal_ncm_11549_2a76180d,0102.21.10,,l10n_br_fiscal.tax_classification_200038
__export__.l10n_br_fiscal_ncm_11550_96b16bf5,0102.21.90,,l10n_br_fiscal.tax_classification_200038
__export__.l10n_br_fiscal_ncm_11551_8c576bd2,0102.29.11,,l10n_br_fiscal.tax_classification_200038
__export__.l10n_br_fiscal_ncm_11552_ba7b05d3,0102.29.19,,l10n_br_fiscal.tax_classification_200038
__export__.l10n_br_fiscal_ncm_11553_87ffb78e,0102.29.90,,l10n_br_fiscal.tax_classification_200038
__export__.l10n_br_fiscal_ncm_11554_7337435a,0102.31.10,,l10n_br_fiscal.tax_classification_200038
__export__.l10n_br_fiscal_ncm_11555_588c6969,0102.31.90,,l10n_br_fiscal.tax_classification_200038
__export__.l10n_br_fiscal_ncm_11556_e2960cae,0102.39.11,,l10n_br_fiscal.tax_classification_200038
__export__.l10n_br_fiscal_ncm_11557_4558f9eb,0102.39.19,,l10n_br_fiscal.tax_classification_200038
__export__.l10n_br_fiscal_ncm_11558_7586c0b5,0102.39.90,,l10n_br_fiscal.tax_classification_200038
__export__.l10n_br_fiscal_ncm_11559_33ae0872,0102.90.00,,l10n_br_fiscal.tax_classification_200038
__export__.l10n_br_fiscal_ncm_11560_a041a8df,0103.10.00,,l10n_br_fiscal.tax_classification_200038
__export__.l10n_br_fiscal_ncm_11561_a3f1b33b,0103.91.00,,l10n_br_fiscal.tax_classification_200038
__export__.l10n_br_fiscal_ncm_11562_b742224d,0103.92.00,,l10n_br_fiscal.tax_classification_200038
__export__.l10n_br_fiscal_ncm_11563_138bfceb,0104.10.11,,l10n_br_fiscal.tax_classification_200038
__export__.l10n_br_fiscal_ncm_11564_f5d81896,0104.10.19,,l10n_br_fiscal.tax_classification_200038
__export__.l10n_br_fiscal_ncm_11565_b02f4efa,0104.10.90,,l10n_br_fiscal.tax_classification_200038
__export__.l10n_br_fiscal_ncm_11566_cfc59257,0104.20.10,,l10n_br_fiscal.tax_classification_200038
__export__.l10n_br_fiscal_ncm_11567_22e4085f,0104.20.90,,l10n_br_fiscal.tax_classification_200038
__export__.l10n_br_fiscal_ncm_11568_300adc30,0105.11.10,,l10n_br_fiscal.tax_classification_200038
__export__.l10n_br_fiscal_ncm_11569_7374e42b,0105.11.90,,l10n_br_fiscal.tax_classification_200038
__export__.l10n_br_fiscal_ncm_11570_1a50c9c6,0105.12.00,,l10n_br_fiscal.tax_classification_200038
__export__.l10n_br_fiscal_ncm_11571_18343aa5,0105.13.00,,l10n_br_fiscal.tax_classification_200038
__export__.l10n_br_fiscal_ncm_11572_0153ff67,0105.14.00,,l10n_br_fiscal.tax_classification_200038
__export__.l10n_br_fiscal_ncm_11573_c0e6ef15,0105.15.00,,l10n_br_fiscal.tax_classification_200038
__export__.l10n_br_fiscal_ncm_11574_bbd73cef,0105.94.00,,l10n_br_fiscal.tax_classification_200038
__export__.l10n_br_fiscal_ncm_11575_0c66c83e,0105.99.00,,l10n_br_fiscal.tax_classification_200038
__export__.l10n_br_fiscal_ncm_11576_6e313fa6,0106.11.00,,
__export__.l10n_br_fiscal_ncm_11577_dfadbeff,0106.12.00,,
__export__.l10n_br_fiscal_ncm_11578_b48aac18,0106.13.00,,
__export__.l10n_br_fiscal_ncm_11579_af36a9f9,0106.14.00,,
__export__.l10n_br_fiscal_ncm_11580_a31f5ba1,0106.19.00,,
__export__.l10n_br_fiscal_ncm_11581_e8a4c4ed,0106.20.00,,l10n_br_fiscal.tax_classification_200038
__export__.l10n_br_fiscal_ncm_11582_8063102a,0106.31.00,,
__export__.l10n_br_fiscal_ncm_11583_39a2cf49,0106.32.00,,
__export__.l10n_br_fiscal_ncm_11584_1b474e86,0106.33.10,,
__export__.l10n_br_fiscal_ncm_11585_9f6c0af4,0106.33.90,,
__export__.l10n_br_fiscal_ncm_11586_5d8d2175,0106.39.00,,
__export__.l10n_br_fiscal_ncm_11587_9c31a214,0106.41.00,,
__export__.l10n_br_fiscal_ncm_11588_487baef4,0106.49.00,,
__export__.l10n_br_fiscal_ncm_11589_491d39bf,0106.90.00,,l10n_br_fiscal.tax_classification_200038
__export__.l10n_br_fiscal_ncm_11590_d6549359,0201.10.00,,l10n_br_fiscal.tax_classification_200003
__export__.l10n_br_fiscal_ncm_11591_5e797b7d,0201.20.10,,l10n_br_fiscal.tax_classification_200003
__export__.l10n_br_fiscal_ncm_11592_f289140d,0201.20.20,,l10n_br_fiscal.tax_classification_200003
__export__.l10n_br_fiscal_ncm_11593_94a64f9a,0201.20.90,,l10n_br_fiscal.tax_classification_200003
__export__.l10n_br_fiscal_ncm_11594_33580386,0201.30.00,,l10n_br_fiscal.tax_classification_200003
__export__.l10n_br_fiscal_ncm_11595_d862ecc6,0202.10.00,,l10n_br_fiscal.tax_classification_200003
__export__.l10n_br_fiscal_ncm_11596_2e79a581,0202.20.10,,l10n_br_fiscal.tax_classification_200003
__export__.l10n_br_fiscal_ncm_11597_6a47ac34,0202.20.20,,l10n_br_fiscal.tax_classification_200003
__export__.l10n_br_fiscal_ncm_11598_d59d13e6,0202.20.90,,l10n_br_fiscal.tax_classification_200003
__export__.l10n_br_fiscal_ncm_11599_c3bf858b,0202.30.00,,l10n_br_fiscal.tax_classification_200003
__export__.l10n_br_fiscal_ncm_11600_72ed9d1d,0203.11.00,,l10n_br_fiscal.tax_classification_200003
__export__.l10n_br_fiscal_ncm_11601_8bd415b6,0203.12.00,,l10n_br_fiscal.tax_classification_200003
__export__.l10n_br_fiscal_ncm_11602_3794b8cd,0203.19.00,,l10n_br_fiscal.tax_classification_200003
__export__.l10n_br_fiscal_ncm_11603_9780d560,0203.21.00,,l10n_br_fiscal.tax_classification_200003
__export__.l10n_br_fiscal_ncm_11604_57eeca86,0203.22.00,,l10n_br_fiscal.tax_classification_200003
__export__.l10n_br_fiscal_ncm_11605_61921015,0203.29.00,,l10n_br_fiscal.tax_classification_200003
__export__.l10n_br_fiscal_ncm_11606_3e9d2233,0204.10.00,,l10n_br_fiscal.tax_classification_200003
__export__.l10n_br_fiscal_ncm_11607_ac22c41f,0204.21.00,,l10n_br_fiscal.tax_classification_200003
__export__.l10n_br_fiscal_ncm_11608_fdb13639,0204.22.00,,l10n_br_fiscal.tax_classification_200003
__export__.l10n_br_fiscal_ncm_11609_d0d120f1,0204.23.00,,l10n_br_fiscal.tax_classification_200003
__export__.l10n_br_fiscal_ncm_11610_bbee53f1,0204.30.00,,l10n_br_fiscal.tax_classification_200003
__export__.l10n_br_fiscal_ncm_11611_3a9e8b1f,0204.41.00,,l10n_br_fiscal.tax_classification_200003
__export__.l10n_br_fiscal_ncm_11612_2961abac,0204.42.00,,l10n_br_fiscal.tax_classification_200003
__export__.l10n_br_fiscal_ncm_11613_b0727b80,0204.43.00,,l10n_br_fiscal.tax_classification_200003
__export__.l10n_br_fiscal_ncm_11614_dd64503a,0204.50.00,,l10n_br_fiscal.tax_classification_200003
__export__.l10n_br_fiscal_ncm_11615_616da51f,0205.00.00,,
__export__.l10n_br_fiscal_ncm_11616_e5ab0e23,0206.10.00,,l10n_br_fiscal.tax_classification_200003
__export__.l10n_br_fiscal_ncm_11617_daa1e047,0206.21.00,,l10n_br_fiscal.tax_classification_200003
__export__.l10n_br_fiscal_ncm_11618_4e562316,0206.22.00,,l10n_br_fiscal.tax_classification_200003
__export__.l10n_br_fiscal_ncm_11619_077421d2,0206.29.10,,l10n_br_fiscal.tax_classification_200003
__export__.l10n_br_fiscal_ncm_11620_02805c9c,0206.29.90,,l10n_br_fiscal.tax_classification_200003
__export__.l10n_br_fiscal_ncm_11621_16d3a81a,0206.30.00,,l10n_br_fiscal.tax_classification_200003
__export__.l10n_br_fiscal_ncm_11622_e279a068,0206.41.00,,l10n_br_fiscal.tax_classification_200003
__export__.l10n_br_fiscal_ncm_11623_6559045d,0206.49.00,,l10n_br_fiscal.tax_classification_200003
__export__.l10n_br_fiscal_ncm_11624_1c72f46b,0206.80.00,,l10n_br_fiscal.tax_classification_200003
__export__.l10n_br_fiscal_ncm_11625_e6450dc8,0206.90.00,,l10n_br_fiscal.tax_classification_200003
__export__.l10n_br_fiscal_ncm_11626_0d22fa42,0207.11.00,,l10n_br_fiscal.tax_classification_200003
__export__.l10n_br_fiscal_ncm_11627_28eb2304,0207.12.00,,
__export__.l10n_br_fiscal_ncm_11628_aa8830c2,0207.13.00,,l10n_br_fiscal.tax_classification_200003
__export__.l10n_br_fiscal_ncm_11629_7c06184a,0207.14.00,,
__export__.l10n_br_fiscal_ncm_11630_90d24c8b,0207.24.00,,l10n_br_fiscal.tax_classification_200003
__export__.l10n_br_fiscal_ncm_11631_c08970ee,0207.25.00,,l10n_br_fiscal.tax_classification_200003
__export__.l10n_br_fiscal_ncm_11632_a7e92b7a,0207.26.00,,l10n_br_fiscal.tax_classification_200003
__export__.l10n_br_fiscal_ncm_11633_dc005813,0207.27.00,,l10n_br_fiscal.tax_classification_200003
__export__.l10n_br_fiscal_ncm_11634_6ddd7e87,0207.41.00,,l10n_br_fiscal.tax_classification_200003
__export__.l10n_br_fiscal_ncm_11635_6d715915,0207.42.00,,l10n_br_fiscal.tax_classification_200003
__export__.l10n_br_fiscal_ncm_11636_115337bc,0207.43.00,,
__export__.l10n_br_fiscal_ncm_11637_08472720,0207.44.00,,l10n_br_fiscal.tax_classification_200003
__export__.l10n_br_fiscal_ncm_11638_ca8b336f,0207.45.00,,l10n_br_fiscal.tax_classification_200003
__export__.l10n_br_fiscal_ncm_11639_a600dbe1,0207.51.00,,l10n_br_fiscal.tax_classification_200003
__export__.l10n_br_fiscal_ncm_11640_5a4f3216,0207.52.00,,l10n_br_fiscal.tax_classification_200003
__export__.l10n_br_fiscal_ncm_11641_cc513146,0207.53.00,,
__export__.l10n_br_fiscal_ncm_11642_d536ec93,0207.54.00,,l10n_br_fiscal.tax_classification_200003
__export__.l10n_br_fiscal_ncm_11643_a6f1998f,0207.55.00,,l10n_br_fiscal.tax_classification_200003
__export__.l10n_br_fiscal_ncm_11644_c064a7be,0207.60.00,,l10n_br_fiscal.tax_classification_200003
__export__.l10n_br_fiscal_ncm_11645_3c172614,0208.10.00,,
__export__.l10n_br_fiscal_ncm_11646_36775526,0208.30.00,,
__export__.l10n_br_fiscal_ncm_11647_3c3c6ff0,0208.40.00,,
__export__.l10n_br_fiscal_ncm_11648_a0976170,0208.50.00,,
__export__.l10n_br_fiscal_ncm_11649_e136f5cc,0208.60.00,,
__export__.l10n_br_fiscal_ncm_11650_b02edf56,0208.90.00,,
__export__.l10n_br_fiscal_ncm_11651_baf26aa0,0209.10.11,,l10n_br_fiscal.tax_classification_200003
__export__.l10n_br_fiscal_ncm_11652_f6e97353,0209.10.19,,l10n_br_fiscal.tax_classification_200003
__export__.l10n_br_fiscal_ncm_11653_0f78f07f,0209.10.21,,l10n_br_fiscal.tax_classification_200003
__export__.l10n_br_fiscal_ncm_11654_7d635542,0209.10.29,,l10n_br_fiscal.tax_classification_200003
__export__.l10n_br_fiscal_ncm_11655_99ff5ff9,0209.90.00,,l10n_br_fiscal.tax_classification_200003
__export__.l10n_br_fiscal_ncm_11656_994982cd,0210.11.00,,l10n_br_fiscal.tax_classification_200003
__export__.l10n_br_fiscal_ncm_11657_232bd9f7,0210.12.00,,l10n_br_fiscal.tax_classification_200003
__export__.l10n_br_fiscal_ncm_11658_1220f2d0,0210.19.00,,l10n_br_fiscal.tax_classification_200003
__export__.l10n_br_fiscal_ncm_11659_bee30326,0210.20.00,,l10n_br_fiscal.tax_classification_200003
__export__.l10n_br_fiscal_ncm_11660_be8aead1,0210.91.00,,l10n_br_fiscal.tax_classification_200038
__export__.l10n_br_fiscal_ncm_11661_0d152325,0210.91.00,1,l10n_br_fiscal.tax_classification_200038
__export__.l10n_br_fiscal_ncm_11662_5f692704,0210.92.00,,l10n_br_fiscal.tax_classification_200038
__export__.l10n_br_fiscal_ncm_11663_db9b8528,0210.92.00,1,l10n_br_fiscal.tax_classification_200038
__export__.l10n_br_fiscal_ncm_11664_dd7b95df,0210.93.00,,l10n_br_fiscal.tax_classification_200038
__export__.l10n_br_fiscal_ncm_11665_3d382b6d,0210.93.00,1,l10n_br_fiscal.tax_classification_200038
__export__.l10n_br_fiscal_ncm_11666_6050e453,0210.99.11,,l10n_br_fiscal.tax_classification_200003
__export__.l10n_br_fiscal_ncm_11667_10b3d7ac,0210.99.19,,l10n_br_fiscal.tax_classification_200003
__export__.l10n_br_fiscal_ncm_11668_f547885e,0210.99.20,,l10n_br_fiscal.tax_classification_200038
__export__.l10n_br_fiscal_ncm_11669_965c4172,0210.99.30,,l10n_br_fiscal.tax_classification_200038
__export__.l10n_br_fiscal_ncm_11670_4553de59,0210.99.40,,l10n_br_fiscal.tax_classification_200038
__export__.l10n_br_fiscal_ncm_11671_19be9a02,0210.99.90,,l10n_br_fiscal.tax_classification_200003
__export__.l10n_br_fiscal_ncm_11672_8538f360,0210.99.90,1,l10n_br_fiscal.tax_classification_200003
__export__.l10n_br_fiscal_ncm_11673_19d4eacb,0301.11.10,,
__export__.l10n_br_fiscal_ncm_11674_6adb54fc,0301.11.90,,
__export__.l10n_br_fiscal_ncm_11675_023a9f8d,0301.19.00,,
__export__.l10n_br_fiscal_ncm_11676_90a81583,0301.91.10,,
__export__.l10n_br_fiscal_ncm_11677_ddda1cf3,0301.91.90,,
__export__.l10n_br_fiscal_ncm_11678_5060b064,0301.92.10,,
__export__.l10n_br_fiscal_ncm_11679_915bce90,0301.92.90,,
__export__.l10n_br_fiscal_ncm_11680_bffe72d4,0301.93.10,,
__export__.l10n_br_fiscal_ncm_11681_469d44f3,0301.93.90,,
__export__.l10n_br_fiscal_ncm_11682_999f021b,0301.94.10,,
__export__.l10n_br_fiscal_ncm_11683_297a7601,0301.94.90,,
__export__.l10n_br_fiscal_ncm_11684_171b67bd,0301.95.10,,
__export__.l10n_br_fiscal_ncm_11685_8c78f15a,0301.95.90,,
__export__.l10n_br_fiscal_ncm_11686_a687e098,0301.99.11,,
__export__.l10n_br_fiscal_ncm_11687_4d6fcb57,0301.99.12,,
__export__.l10n_br_fiscal_ncm_11688_ec5b01dc,0301.99.19,,
__export__.l10n_br_fiscal_ncm_11689_fdbc7cfd,0301.99.91,,
__export__.l10n_br_fiscal_ncm_11690_2a354bf4,0301.99.92,,
__export__.l10n_br_fiscal_ncm_11691_a22c37cf,0301.99.99,,
__export__.l10n_br_fiscal_ncm_11692_7ba532cf,0302.11.00,,
__export__.l10n_br_fiscal_ncm_11693_65977998,0302.13.00,,
__export__.l10n_br_fiscal_ncm_11694_0e149116,0302.14.00,,
__export__.l10n_br_fiscal_ncm_11695_4ed06eb6,0302.19.00,,
__export__.l10n_br_fiscal_ncm_11696_b85730c9,0302.21.00,,l10n_br_fiscal.tax_classification_200003
__export__.l10n_br_fiscal_ncm_11697_4b98c005,0302.22.00,,l10n_br_fiscal.tax_classification_200003
__export__.l10n_br_fiscal_ncm_11698_5286f1c7,0302.23.00,,l10n_br_fiscal.tax_classification_200003
__export__.l10n_br_fiscal_ncm_11699_471d4346,0302.24.00,,l10n_br_fiscal.tax_classification_200003
__export__.l10n_br_fiscal_ncm_11700_ab63b296,0302.29.00,,l10n_br_fiscal.tax_classification_200003
__export__.l10n_br_fiscal_ncm_11701_6151cfdd,0302.31.00,,
__export__.l10n_br_fiscal_ncm_11702_8308c247,0302.32.00,,
__export__.l10n_br_fiscal_ncm_11703_55b72d8c,0302.33.00,,
__export__.l10n_br_fiscal_ncm_11704_3e261f1d,0302.34.00,,
__export__.l10n_br_fiscal_ncm_11705_c773df54,0302.35.00,,
__export__.l10n_br_fiscal_ncm_11706_d7a2f6fd,0302.36.00,,
__export__.l10n_br_fiscal_ncm_11707_3c31159f,0302.39.00,,
__export__.l10n_br_fiscal_ncm_11708_ed423e26,0302.41.00,,l10n_br_fiscal.tax_classification_200003
__export__.l10n_br_fiscal_ncm_11709_266ff77c,0302.42.10,,l10n_br_fiscal.tax_classification_200003
__export__.l10n_br_fiscal_ncm_11710_c478085b,0302.42.90,,l10n_br_fiscal.tax_classification_200003
__export__.l10n_br_fiscal_ncm_11711_d62e7b93,0302.43.00,,l10n_br_fiscal.tax_classification_200003
__export__.l10n_br_fiscal_ncm_11712_f267821b,0302.44.00,,l10n_br_fiscal.tax_classification_200003
__export__.l10n_br_fiscal_ncm_11713_0629ee35,0302.45.00,,l10n_br_fiscal.tax_classification_200003
__export__.l10n_br_fiscal_ncm_11714_8bd16832,0302.46.00,,l10n_br_fiscal.tax_classification_200003
__export__.l10n_br_fiscal_ncm_11715_f56717cb,0302.47.00,,l10n_br_fiscal.tax_classification_200003
__export__.l10n_br_fiscal_ncm_11716_6c194b8a,0302.49.10,,l10n_br_fiscal.tax_classification_200003
__export__.l10n_br_fiscal_ncm_11717_6c99dd09,0302.49.90,,l10n_br_fiscal.tax_classification_200003
__export__.l10n_br_fiscal_ncm_11718_b01fc96c,0302.51.00,,
__export__.l10n_br_fiscal_ncm_11719_745282dc,0302.52.00,,
__export__.l10n_br_fiscal_ncm_11720_26ab264f,0302.53.00,,
__export__.l10n_br_fiscal_ncm_11721_cc3a5ed2,0302.54.00,,l10n_br_fiscal.tax_classification_200003
__export__.l10n_br_fiscal_ncm_11722_ea6b8c00,0302.55.00,,l10n_br_fiscal.tax_classification_200003
__export__.l10n_br_fiscal_ncm_11723_d6cd6535,0302.56.00,,l10n_br_fiscal.tax_classification_200003
__export__.l10n_br_fiscal_ncm_11724_5ebcc2e9,0302.59.00,,l10n_br_fiscal.tax_classification_200003
__export__.l10n_br_fiscal_ncm_11725_a58158cf,0302.71.00,,l10n_br_fiscal.tax_classification_200003
__export__.l10n_br_fiscal_ncm_11726_e5f286fd,0302.72.10,,l10n_br_fiscal.tax_classification_200003
__export__.l10n_br_fiscal_ncm_11727_a0fde3da,0302.72.90,,l10n_br_fiscal.tax_classification_200003
__export__.l10n_br_fiscal_ncm_11728_8a8f304b,0302.73.00,,l10n_br_fiscal.tax_classification_200003
__export__.l10n_br_fiscal_ncm_11729_11d82787,0302.74.00,,l10n_br_fiscal.tax_classification_200003
__export__.l10n_br_fiscal_ncm_11730_f81d561e,0302.79.00,,l10n_br_fiscal.tax_classification_200003
__export__.l10n_br_fiscal_ncm_11731_9adb40ff,0302.81.00,,l10n_br_fiscal.tax_classification_200003
__export__.l10n_br_fiscal_ncm_11732_e48cfa62,0302.82.00,,l10n_br_fiscal.tax_classification_200003
__export__.l10n_br_fiscal_ncm_11733_18e69a65,0302.83.10,,l10n_br_fiscal.tax_classification_200003
__export__.l10n_br_fiscal_ncm_11734_a3f7820f,0302.83.20,,l10n_br_fiscal.tax_classification_200003
__export__.l10n_br_fiscal_ncm_11735_7a9d4c2a,0302.84.00,,l10n_br_fiscal.tax_classification_200003
__export__.l10n_br_fiscal_ncm_11736_6e9f35f4,0302.85.00,,l10n_br_fiscal.tax_classification_200003
__export__.l10n_br_fiscal_ncm_11737_5ee1ae58,0302.89.10,,l10n_br_fiscal.tax_classification_200003
__export__.l10n_br_fiscal_ncm_11738_db5d056f,0302.89.21,,l10n_br_fiscal.tax_classification_200003
__export__.l10n_br_fiscal_ncm_11739_58f5b97d,0302.89.22,,l10n_br_fiscal.tax_classification_200003
__export__.l10n_br_fiscal_ncm_11740_94a031c4,0302.89.23,,l10n_br_fiscal.tax_classification_200003
__export__.l10n_br_fiscal_ncm_11741_26f7042b,0302.89.24,,l10n_br_fiscal.tax_classification_200003
__export__.l10n_br_fiscal_ncm_11742_e38ddd1e,0302.89.31,,l10n_br_fiscal.tax_classification_200003
__export__.l10n_br_fiscal_ncm_11743_f270e957,0302.89.32,,l10n_br_fiscal.tax_classification_200003
__export__.l10n_br_fiscal_ncm_11744_d137f01e,0302.89.33,,l10n_br_fiscal.tax_classification_200003
__export__.l10n_br_fiscal_ncm_11745_f6088f9c,0302.89.34,,l10n_br_fiscal.tax_classification_200003
__export__.l10n_br_fiscal_ncm_11746_b32a7090,0302.89.35,,l10n_br_fiscal.tax_classification_200003
__export__.l10n_br_fiscal_ncm_11747_0cb56450,0302.89.36,,l10n_br_fiscal.tax_classification_200003
__export__.l10n_br_fiscal_ncm_11748_518dfcf1,0302.89.37,,l10n_br_fiscal.tax_classification_200003
__export__.l10n_br_fiscal_ncm_11749_1dc98e29,0302.89.38,,l10n_br_fiscal.tax_classification_200003
__export__.l10n_br_fiscal_ncm_11750_c0d4d993,0302.89.41,,l10n_br_fiscal.tax_classification_200003
__export__.l10n_br_fiscal_ncm_11751_b73d921e,0302.89.42,,l10n_br_fiscal.tax_classification_200003
__export__.l10n_br_fiscal_ncm_11752_568ed1f6,0302.89.43,,l10n_br_fiscal.tax_classification_200003
__export__.l10n_br_fiscal_ncm_11753_601470ba,0302.89.44,,l10n_br_fiscal.tax_classification_200003
__export__.l10n_br_fiscal_ncm_11754_6fa28a9f,0302.89.45,,l10n_br_fiscal.tax_classification_200003
__export__.l10n_br_fiscal_ncm_11755_3fc6409d,0302.89.90,,l10n_br_fiscal.tax_classification_200003
__export__.l10n_br_fiscal_ncm_11756_8ad6a8bf,0302.91.00,,
__export__.l10n_br_fiscal_ncm_11757_9ec50c20,0302.92.00,,
__export__.l10n_br_fiscal_ncm_11758_2b6db570,0302.99.00,,
__export__.l10n_br_fiscal_ncm_11759_279dacda,0303.11.00,,
__export__.l10n_br_fiscal_ncm_11760_07eec4c7,0303.12.00,,
__export__.l10n_br_fiscal_ncm_11761_1a55bb35,0303.13.00,,
__export__.l10n_br_fiscal_ncm_11762_9fcb70d0,0303.14.00,,
__export__.l10n_br_fiscal_ncm_11763_53710635,0303.19.00,,
__export__.l10n_br_fiscal_ncm_11764_d919d195,0303.23.00,,l10n_br_fiscal.tax_classification_200003
__export__.l10n_br_fiscal_ncm_11765_c5bb2b84,0303.24.10,,l10n_br_fiscal.tax_classification_200003
__export__.l10n_br_fiscal_ncm_11766_700e9456,0303.24.90,,l10n_br_fiscal.tax_classification_200003
__export__.l10n_br_fiscal_ncm_11767_022774a1,0303.25.00,,l10n_br_fiscal.tax_classification_200003
__export__.l10n_br_fiscal_ncm_11768_c0d8dadc,0303.26.00,,l10n_br_fiscal.tax_classification_200003
__export__.l10n_br_fiscal_ncm_11769_23deb01f,0303.29.00,,l10n_br_fiscal.tax_classification_200003
__export__.l10n_br_fiscal_ncm_11770_523474df,0303.31.00,,l10n_br_fiscal.tax_classification_200003
__export__.l10n_br_fiscal_ncm_11771_62e42945,0303.32.00,,l10n_br_fiscal.tax_classification_200003
__export__.l10n_br_fiscal_ncm_11772_74acf20e,0303.33.00,,l10n_br_fiscal.tax_classification_200003
__export__.l10n_br_fiscal_ncm_11773_2bd4b723,0303.34.00,,l10n_br_fiscal.tax_classification_200003
__export__.l10n_br_fiscal_ncm_11774_4d619298,0303.39.00,,l10n_br_fiscal.tax_classification_200003
__export__.l10n_br_fiscal_ncm_11775_a3e86601,0303.41.00,,
__export__.l10n_br_fiscal_ncm_11776_736e8f4e,0303.42.00,,
__export__.l10n_br_fiscal_ncm_11777_92e1a4fb,0303.43.00,,
__export__.l10n_br_fiscal_ncm_11778_f8a75f53,0303.44.00,,
__export__.l10n_br_fiscal_ncm_11779_1afc8bf8,0303.45.00,,
__export__.l10n_br_fiscal_ncm_11780_f4cd91d5,0303.46.00,,
__export__.l10n_br_fiscal_ncm_11781_5e5e4546,0303.49.00,,
__export__.l10n_br_fiscal_ncm_11782_3a5328e0,0303.51.00,,l10n_br_fiscal.tax_classification_200003
__export__.l10n_br_fiscal_ncm_11783_6e212229,0303.53.00,,l10n_br_fiscal.tax_classification_200003
__export__.l10n_br_fiscal_ncm_11784_5ab2f104,0303.54.00,,l10n_br_fiscal.tax_classification_200003
__export__.l10n_br_fiscal_ncm_11785_c30c7418,0303.55.00,,l10n_br_fiscal.tax_classification_200003
__export__.l10n_br_fiscal_ncm_11786_06cf46a1,0303.56.00,,l10n_br_fiscal.tax_classification_200003
__export__.l10n_br_fiscal_ncm_11787_afd3fbe2,0303.57.00,,l10n_br_fiscal.tax_classification_200003
__export__.l10n_br_fiscal_ncm_11788_1ce259d0,0303.59.10,,l10n_br_fiscal.tax_classification_200003
__export__.l10n_br_fiscal_ncm_11789_746d2749,0303.59.20,,l10n_br_fiscal.tax_classification_200003
__export__.l10n_br_fiscal_ncm_11790_143477bf,0303.59.90,,l10n_br_fiscal.tax_classification_200003
__export__.l10n_br_fiscal_ncm_11791_195fda08,0303.63.00,,
__export__.l10n_br_fiscal_ncm_11792_ddac172b,0303.64.00,,
__export__.l10n_br_fiscal_ncm_11793_c74c510e,0303.65.00,,
__export__.l10n_br_fiscal_ncm_11794_c8e4d390,0303.66.00,,l10n_br_fiscal.tax_classification_200003
__export__.l10n_br_fiscal_ncm_11795_19409f7a,0303.67.00,,l10n_br_fiscal.tax_classification_200003
__export__.l10n_br_fiscal_ncm_11796_a3a1d9e0,0303.68.00,,l10n_br_fiscal.tax_classification_200003
__export__.l10n_br_fiscal_ncm_11797_d2614f85,0303.69.10,,l10n_br_fiscal.tax_classification_200003
__export__.l10n_br_fiscal_ncm_11798_249133fd,0303.69.90,,l10n_br_fiscal.tax_classification_200003
__export__.l10n_br_fiscal_ncm_11799_b964b99f,0303.81.11,,l10n_br_fiscal.tax_classification_200003
__export__.l10n_br_fiscal_ncm_11800_16d9aa02,0303.81.12,,l10n_br_fiscal.tax_classification_200003
__export__.l10n_br_fiscal_ncm_11801_90c3eced,0303.81.13,,l10n_br_fiscal.tax_classification_200003
__export__.l10n_br_fiscal_ncm_11802_c6ea80de,0303.81.14,,l10n_br_fiscal.tax_classification_200003
__export__.l10n_br_fiscal_ncm_11803_8cef2f56,0303.81.19,,l10n_br_fiscal.tax_classification_200003
__export__.l10n_br_fiscal_ncm_11804_ae47e989,0303.81.90,,l10n_br_fiscal.tax_classification_200003
__export__.l10n_br_fiscal_ncm_11805_a6ed508f,0303.82.00,,l10n_br_fiscal.tax_classification_200003
__export__.l10n_br_fiscal_ncm_11806_b84c4b21,0303.83.11,,l10n_br_fiscal.tax_classification_200003
__export__.l10n_br_fiscal_ncm_11807_f6941217,0303.83.19,,l10n_br_fiscal.tax_classification_200003
__export__.l10n_br_fiscal_ncm_11808_54b19163,0303.83.21,,l10n_br_fiscal.tax_classification_200003
__export__.l10n_br_fiscal_ncm_11809_5e71406e,0303.83.29,,l10n_br_fiscal.tax_classification_200003
__export__.l10n_br_fiscal_ncm_11810_c1e15c56,0303.84.00,,l10n_br_fiscal.tax_classification_200003
__export__.l10n_br_fiscal_ncm_11811_c4962a6c,0303.89.10,,l10n_br_fiscal.tax_classification_200003
__export__.l10n_br_fiscal_ncm_11812_b41ee13e,0303.89.20,,l10n_br_fiscal.tax_classification_200003
__export__.l10n_br_fiscal_ncm_11813_b45bef79,0303.89.32,,l10n_br_fiscal.tax_classification_200003
__export__.l10n_br_fiscal_ncm_11814_d26848c3,0303.89.33,,l10n_br_fiscal.tax_classification_200003
__export__.l10n_br_fiscal_ncm_11815_cb20c9c3,0303.89.41,,l10n_br_fiscal.tax_classification_200003
__export__.l10n_br_fiscal_ncm_11816_2667dac2,0303.89.42,,l10n_br_fiscal.tax_classification_200003
__export__.l10n_br_fiscal_ncm_11817_80909792,0303.89.43,,l10n_br_fiscal.tax_classification_200003
__export__.l10n_br_fiscal_ncm_11818_2bf9c862,0303.89.44,,l10n_br_fiscal.tax_classification_200003
__export__.l10n_br_fiscal_ncm_11819_29e543fc,0303.89.45,,l10n_br_fiscal.tax_classification_200003
__export__.l10n_br_fiscal_ncm_11820_40649ccc,0303.89.46,,l10n_br_fiscal.tax_classification_200003
__export__.l10n_br_fiscal_ncm_11821_3b2ed13d,0303.89.51,,l10n_br_fiscal.tax_classification_200003
__export__.l10n_br_fiscal_ncm_11822_b1448750,0303.89.52,,l10n_br_fiscal.tax_classification_200003
__export__.l10n_br_fiscal_ncm_11823_19bc1089,0303.89.53,,l10n_br_fiscal.tax_classification_200003
__export__.l10n_br_fiscal_ncm_11824_25e8ac79,0303.89.54,,l10n_br_fiscal.tax_classification_200003
__export__.l10n_br_fiscal_ncm_11825_0d9b8182,0303.89.55,,l10n_br_fiscal.tax_classification_200003
__export__.l10n_br_fiscal_ncm_11826_a6446772,0303.89.56,,l10n_br_fiscal.tax_classification_200003
__export__.l10n_br_fiscal_ncm_11827_4dde4ab3,0303.89.61,,l10n_br_fiscal.tax_classification_200003
__export__.l10n_br_fiscal_ncm_11828_e511bcb1,0303.89.62,,l10n_br_fiscal.tax_classification_200003
__export__.l10n_br_fiscal_ncm_11829_ba8afd11,0303.89.63,,l10n_br_fiscal.tax_classification_200003
__export__.l10n_br_fiscal_ncm_11830_4f9ca64e,0303.89.64,,l10n_br_fiscal.tax_classification_200003
__export__.l10n_br_fiscal_ncm_11831_87812756,0303.89.65,,l10n_br_fiscal.tax_classification_200003
__export__.l10n_br_fiscal_ncm_11832_1272b127,0303.89.90,,l10n_br_fiscal.tax_classification_200003
__export__.l10n_br_fiscal_ncm_11833_fdb0d120,0303.91.00,,
__export__.l10n_br_fiscal_ncm_11834_18d3c56e,0303.92.00,,
__export__.l10n_br_fiscal_ncm_11835_df810f49,0303.99.10,,
__export__.l10n_br_fiscal_ncm_11836_9aabf7f0,0303.99.20,,
__export__.l10n_br_fiscal_ncm_11837_04d89fa6,0303.99.90,,
__export__.l10n_br_fiscal_ncm_11838_03a72333,0304.31.00,,l10n_br_fiscal.tax_classification_200003
__export__.l10n_br_fiscal_ncm_11839_c2ebbf57,0304.32.10,,l10n_br_fiscal.tax_classification_200003
__export__.l10n_br_fiscal_ncm_11840_d3a8f744,0304.32.90,,l10n_br_fiscal.tax_classification_200003
__export__.l10n_br_fiscal_ncm_11841_f12935de,0304.33.00,,l10n_br_fiscal.tax_classification_200003
__export__.l10n_br_fiscal_ncm_11842_321e56d0,0304.39.00,,l10n_br_fiscal.tax_classification_200003
__export__.l10n_br_fiscal_ncm_11843_e9a859b1,0304.41.00,,
__export__.l10n_br_fiscal_ncm_11844_26a1ed97,0304.42.00,,
__export__.l10n_br_fiscal_ncm_11845_b30140ed,0304.43.00,,
__export__.l10n_br_fiscal_ncm_11846_60278676,0304.44.00,,
__export__.l10n_br_fiscal_ncm_11847_3371d440,0304.45.00,,
__export__.l10n_br_fiscal_ncm_11848_34a8f12a,0304.46.00,,
__export__.l10n_br_fiscal_ncm_11849_42615a0b,0304.47.00,,
__export__.l10n_br_fiscal_ncm_11850_280a2e22,0304.48.00,,
__export__.l10n_br_fiscal_ncm_11851_4778366a,0304.49.10,,
__export__.l10n_br_fiscal_ncm_11852_45362ab2,0304.49.20,,
__export__.l10n_br_fiscal_ncm_11853_270ce6a7,0304.49.90,,
__export__.l10n_br_fiscal_ncm_11854_e70e062d,0304.51.00,,
__export__.l10n_br_fiscal_ncm_11855_665a5181,0304.52.00,,
__export__.l10n_br_fiscal_ncm_11856_5d1dfea8,0304.53.00,,
__export__.l10n_br_fiscal_ncm_11857_ce8dd228,0304.54.00,,
__export__.l10n_br_fiscal_ncm_11858_6c29a004,0304.55.00,,
__export__.l10n_br_fiscal_ncm_11859_5143b8f0,0304.56.00,,
__export__.l10n_br_fiscal_ncm_11860_468fcac6,0304.57.00,,
__export__.l10n_br_fiscal_ncm_11861_0477182b,0304.59.00,,
__export__.l10n_br_fiscal_ncm_11862_609f86cc,0304.61.00,,l10n_br_fiscal.tax_classification_200003
__export__.l10n_br_fiscal_ncm_11863_e5a8db4c,0304.62.10,,l10n_br_fiscal.tax_classification_200003
__export__.l10n_br_fiscal_ncm_11864_143951e3,0304.62.90,,l10n_br_fiscal.tax_classification_200003
__export__.l10n_br_fiscal_ncm_11865_d082f5be,0304.63.00,,l10n_br_fiscal.tax_classification_200003
__export__.l10n_br_fiscal_ncm_11866_0df5196e,0304.69.00,,l10n_br_fiscal.tax_classification_200003
__export__.l10n_br_fiscal_ncm_11867_9fce27a1,0304.71.00,,
__export__.l10n_br_fiscal_ncm_11868_a2884785,0304.72.00,,
__export__.l10n_br_fiscal_ncm_11869_09006904,0304.73.00,,
__export__.l10n_br_fiscal_ncm_11870_63caed8e,0304.74.00,,
__export__.l10n_br_fiscal_ncm_11871_660ae048,0304.75.00,,
__export__.l10n_br_fiscal_ncm_11872_dbfa3c89,0304.79.00,,
__export__.l10n_br_fiscal_ncm_11873_f8f0c3d5,0304.81.00,,
__export__.l10n_br_fiscal_ncm_11874_c48be61a,0304.82.00,,
__export__.l10n_br_fiscal_ncm_11875_9c508d3b,0304.83.00,,
__export__.l10n_br_fiscal_ncm_11876_9acd00f2,0304.84.00,,
__export__.l10n_br_fiscal_ncm_11877_33b778ca,0304.85.10,,
__export__.l10n_br_fiscal_ncm_11878_ed2a21cf,0304.85.20,,
__export__.l10n_br_fiscal_ncm_11879_c3ce0eb9,0304.86.00,,
__export__.l10n_br_fiscal_ncm_11880_4bf3a6dc,0304.87.00,,
__export__.l10n_br_fiscal_ncm_11881_c0ed4e70,0304.88.10,,
__export__.l10n_br_fiscal_ncm_11882_c8576db3,0304.88.90,,
__export__.l10n_br_fiscal_ncm_11883_ef9bab3c,0304.89.10,,
__export__.l10n_br_fiscal_ncm_11884_795046e1,0304.89.20,,
__export__.l10n_br_fiscal_ncm_11885_ab19888e,0304.89.30,,
__export__.l10n_br_fiscal_ncm_11886_df5936d8,0304.89.90,,
__export__.l10n_br_fiscal_ncm_11887_df6c7fe6,0304.91.00,,
__export__.l10n_br_fiscal_ncm_11888_e43e8037,0304.92.11,,
__export__.l10n_br_fiscal_ncm_11889_d20a77f4,0304.92.12,,
__export__.l10n_br_fiscal_ncm_11890_9a92278a,0304.92.19,,
__export__.l10n_br_fiscal_ncm_11891_6f1b0f86,0304.92.21,,
__export__.l10n_br_fiscal_ncm_11892_71cb4858,0304.92.22,,
__export__.l10n_br_fiscal_ncm_11893_71d8223d,0304.92.29,,
__export__.l10n_br_fiscal_ncm_11894_a5004bf6,0304.93.00,,
__export__.l10n_br_fiscal_ncm_11895_0cebc754,0304.94.00,,
__export__.l10n_br_fiscal_ncm_11896_16c9a90a,0304.95.00,,
__export__.l10n_br_fiscal_ncm_11897_1f5e9101,0304.96.00,,
__export__.l10n_br_fiscal_ncm_11898_57a31fe1,0304.97.00,,
__export__.l10n_br_fiscal_ncm_11899_c8c9a303,0304.99.00,,
__export__.l10n_br_fiscal_ncm_11900_64889737,0305.20.00,,
__export__.l10n_br_fiscal_ncm_11901_158b8774,0305.31.00,,
__export__.l10n_br_fiscal_ncm_11902_5bf41716,0305.32.10,,
__export__.l10n_br_fiscal_ncm_11903_d12a2fbd,0305.32.20,,
__export__.l10n_br_fiscal_ncm_11904_700728e9,0305.32.30,,
__export__.l10n_br_fiscal_ncm_11905_2d6a122f,0305.32.90,,
__export__.l10n_br_fiscal_ncm_11906_e26e9151,0305.39.00,,
__export__.l10n_br_fiscal_ncm_11907_63e8cbda,0305.41.00,,
__export__.l10n_br_fiscal_ncm_11908_195cd6f1,0305.42.00,,
__export__.l10n_br_fiscal_ncm_11909_6668fe45,0305.43.00,,
__export__.l10n_br_fiscal_ncm_11910_80538192,0305.44.00,,
__export__.l10n_br_fiscal_ncm_11911_3b576e88,0305.49.10,,
__export__.l10n_br_fiscal_ncm_11912_85a07c49,0305.49.20,,
__export__.l10n_br_fiscal_ncm_11913_15615d28,0305.49.90,,
__export__.l10n_br_fiscal_ncm_11914_db60cf2d,0305.51.00,,
__export__.l10n_br_fiscal_ncm_11915_41d1c75a,0305.52.00,,
__export__.l10n_br_fiscal_ncm_11916_c09d0c4b,0305.53.10,,
__export__.l10n_br_fiscal_ncm_11917_273100d9,0305.53.90,,
__export__.l10n_br_fiscal_ncm_11918_d08c09c3,0305.54.00,,
__export__.l10n_br_fiscal_ncm_11919_4cbb8255,0305.59.00,,
__export__.l10n_br_fiscal_ncm_11920_ca169600,0305.61.00,,
__export__.l10n_br_fiscal_ncm_11921_be321edd,0305.62.00,,
__export__.l10n_br_fiscal_ncm_11922_48d2d24d,0305.63.00,,
__export__.l10n_br_fiscal_ncm_11923_0093fa23,0305.64.00,,
__export__.l10n_br_fiscal_ncm_11924_5cfe8298,0305.69.10,,
__export__.l10n_br_fiscal_ncm_11925_d516b1d8,0305.69.90,,
__export__.l10n_br_fiscal_ncm_11926_190bc9ed,0305.71.00,,
__export__.l10n_br_fiscal_ncm_11927_96b349bb,0305.71.00,1,
__export__.l10n_br_fiscal_ncm_11929_69e081e6,0305.72.00,1,
__export__.l10n_br_fiscal_ncm_11928_b4a0b437,0305.72.00,,
__export__.l10n_br_fiscal_ncm_11930_36c672a8,0305.72.00,2,
__export__.l10n_br_fiscal_ncm_11931_a019101c,0305.79.00,,
__export__.l10n_br_fiscal_ncm_11932_63c7a062,0305.79.00,1,
__export__.l10n_br_fiscal_ncm_11933_93872556,0305.79.00,2,
__export__.l10n_br_fiscal_ncm_11934_637a4b0e,0306.11.10,,
__export__.l10n_br_fiscal_ncm_11935_b8b1123a,0306.11.90,,
__export__.l10n_br_fiscal_ncm_11936_4b9cd420,0306.12.00,,l10n_br_fiscal.tax_classification_200034
__export__.l10n_br_fiscal_ncm_11937_005b2591,0306.14.00,,l10n_br_fiscal.tax_classification_200034
__export__.l10n_br_fiscal_ncm_11938_db2d1d16,0306.15.00,,
__export__.l10n_br_fiscal_ncm_11939_9ece211c,0306.16.10,,l10n_br_fiscal.tax_classification_200034
__export__.l10n_br_fiscal_ncm_11940_976ab179,0306.16.90,,l10n_br_fiscal.tax_classification_200034
__export__.l10n_br_fiscal_ncm_11941_5ca433b3,0306.17.10,,l10n_br_fiscal.tax_classification_200034
__export__.l10n_br_fiscal_ncm_11942_e11e1e74,0306.17.90,,l10n_br_fiscal.tax_classification_200034
__export__.l10n_br_fiscal_ncm_11943_7fd45e55,0306.19.10,,l10n_br_fiscal.tax_classification_200034
__export__.l10n_br_fiscal_ncm_11944_a1684ac9,0306.19.90,,l10n_br_fiscal.tax_classification_200034
__export__.l10n_br_fiscal_ncm_11945_c217060c,0306.31.00,,
__export__.l10n_br_fiscal_ncm_11946_71397325,0306.32.00,,l10n_br_fiscal.tax_classification_200034
__export__.l10n_br_fiscal_ncm_11947_b9246cd2,0306.33.00,,l10n_br_fiscal.tax_classification_200034
__export__.l10n_br_fiscal_ncm_11948_f36b05d1,0306.34.00,,
__export__.l10n_br_fiscal_ncm_11949_486dd458,0306.35.00,,l10n_br_fiscal.tax_classification_200034
__export__.l10n_br_fiscal_ncm_11950_b2291309,0306.36.00,,l10n_br_fiscal.tax_classification_200034
__export__.l10n_br_fiscal_ncm_11951_f92f14af,0306.39.10,,
__export__.l10n_br_fiscal_ncm_11952_4fb9f2c2,0306.39.90,,l10n_br_fiscal.tax_classification_200034
__export__.l10n_br_fiscal_ncm_11953_6af744f8,0306.91.00,,
__export__.l10n_br_fiscal_ncm_11954_5642d876,0306.92.00,,
__export__.l10n_br_fiscal_ncm_11955_09983d3c,0306.93.00,,
__export__.l10n_br_fiscal_ncm_11956_f3ff3093,0306.94.00,,
__export__.l10n_br_fiscal_ncm_11957_ab95e7ca,0306.95.00,,
__export__.l10n_br_fiscal_ncm_11958_e100b779,0306.99.10,,
__export__.l10n_br_fiscal_ncm_11959_0d928110,0306.99.90,,
__export__.l10n_br_fiscal_ncm_11960_30aa4069,0307.11.00,,
__export__.l10n_br_fiscal_ncm_11961_335a60cc,0307.12.00,,
__export__.l10n_br_fiscal_ncm_11962_f2b398c2,0307.19.00,,
__export__.l10n_br_fiscal_ncm_11963_8c289211,0307.21.00,,
__export__.l10n_br_fiscal_ncm_11964_9ad185ba,0307.22.00,,
__export__.l10n_br_fiscal_ncm_11965_5b3ecb43,0307.29.00,,
__export__.l10n_br_fiscal_ncm_11966_61973403,0307.31.00,,l10n_br_fiscal.tax_classification_200034
__export__.l10n_br_fiscal_ncm_11967_bc7c48ca,0307.32.00,,l10n_br_fiscal.tax_classification_200034
__export__.l10n_br_fiscal_ncm_11968_8f3f9314,0307.39.00,,
__export__.l10n_br_fiscal_ncm_11969_40c68bd3,0307.42.00,,l10n_br_fiscal.tax_classification_200034
__export__.l10n_br_fiscal_ncm_11970_e2fb067a,0307.43.10,,l10n_br_fiscal.tax_classification_200034
__export__.l10n_br_fiscal_ncm_11971_ba9a9ef7,0307.43.20,,l10n_br_fiscal.tax_classification_200034
__export__.l10n_br_fiscal_ncm_11972_47752b74,0307.49.00,,
__export__.l10n_br_fiscal_ncm_11973_310fd681,0307.51.00,,l10n_br_fiscal.tax_classification_200034
__export__.l10n_br_fiscal_ncm_11974_fc95c9e5,0307.52.00,,l10n_br_fiscal.tax_classification_200034
__export__.l10n_br_fiscal_ncm_11975_40a0c077,0307.59.00,,
__export__.l10n_br_fiscal_ncm_11976_649cf453,0307.60.00,,
__export__.l10n_br_fiscal_ncm_11977_37d818dc,0307.71.00,,
__export__.l10n_br_fiscal_ncm_11978_c60fefaa,0307.72.00,,
__export__.l10n_br_fiscal_ncm_11979_f7d991f0,0307.79.00,,
__export__.l10n_br_fiscal_ncm_11980_033302b7,0307.81.00,,
__export__.l10n_br_fiscal_ncm_11981_84bd3423,0307.82.00,,
__export__.l10n_br_fiscal_ncm_11982_b6914384,0307.83.00,,
__export__.l10n_br_fiscal_ncm_11983_c1b1e2a1,0307.84.00,,
__export__.l10n_br_fiscal_ncm_11984_355067c5,0307.87.00,,
__export__.l10n_br_fiscal_ncm_11985_0793addd,0307.88.00,,
__export__.l10n_br_fiscal_ncm_11986_71d707f9,0307.91.00,,l10n_br_fiscal.tax_classification_200034
__export__.l10n_br_fiscal_ncm_11987_f80c38e8,0307.92.00,,l10n_br_fiscal.tax_classification_200034
__export__.l10n_br_fiscal_ncm_11988_160be414,0307.99.00,,
__export__.l10n_br_fiscal_ncm_11989_3b0dec91,0308.11.00,,
__export__.l10n_br_fiscal_ncm_11990_6fe125a2,0308.12.00,,
__export__.l10n_br_fiscal_ncm_11991_a6fa35f0,0308.19.00,,
__export__.l10n_br_fiscal_ncm_11992_7d96e410,0308.21.00,,
__export__.l10n_br_fiscal_ncm_11993_5a890dd3,0308.22.00,,
__export__.l10n_br_fiscal_ncm_11994_6ad16672,0308.29.00,,
__export__.l10n_br_fiscal_ncm_11995_08b2214f,0308.30.00,,
__export__.l10n_br_fiscal_ncm_11996_aaaf6568,0308.90.00,,
__export__.l10n_br_fiscal_ncm_11997_2e43d333,0309.10.00,,l10n_br_fiscal.tax_classification_200038
__export__.l10n_br_fiscal_ncm_11998_dd866bc4,0309.90.00,,l10n_br_fiscal.tax_classification_200038
__export__.l10n_br_fiscal_ncm_11999_1e07a669,0401.10.10,,l10n_br_fiscal.tax_classification_200003
__export__.l10n_br_fiscal_ncm_12000_093d709a,0401.10.90,,l10n_br_fiscal.tax_classification_200003
__export__.l10n_br_fiscal_ncm_12001_91116c17,0401.20.10,,l10n_br_fiscal.tax_classification_200003
__export__.l10n_br_fiscal_ncm_12002_256824b8,0401.20.90,,l10n_br_fiscal.tax_classification_200003
__export__.l10n_br_fiscal_ncm_12003_611d07d9,0401.40.10,,l10n_br_fiscal.tax_classification_200003
__export__.l10n_br_fiscal_ncm_12004_8485a984,0401.40.21,,
__export__.l10n_br_fiscal_ncm_12005_ee913fa2,0401.40.21,1,
__export__.l10n_br_fiscal_ncm_12006_17a69660,0401.40.29,,
__export__.l10n_br_fiscal_ncm_12007_bad694cf,0401.40.29,1,
__export__.l10n_br_fiscal_ncm_12008_9d1e313c,0401.50.10,,l10n_br_fiscal.tax_classification_200003
__export__.l10n_br_fiscal_ncm_12009_08829e17,0401.50.21,,
__export__.l10n_br_fiscal_ncm_12010_4c805a74,0401.50.21,1,
__export__.l10n_br_fiscal_ncm_12011_dd23111b,0401.50.29,,
__export__.l10n_br_fiscal_ncm_12012_2183ffc2,0401.50.29,1,
__export__.l10n_br_fiscal_ncm_12013_00e692bd,0402.10.10,,l10n_br_fiscal.tax_classification_200003
__export__.l10n_br_fiscal_ncm_12014_cc48c503,0402.10.90,,l10n_br_fiscal.tax_classification_200003
__export__.l10n_br_fiscal_ncm_12015_9b41e25f,0402.21.10,,l10n_br_fiscal.tax_classification_200003
__export__.l10n_br_fiscal_ncm_12016_f363f0f8,0402.21.20,,l10n_br_fiscal.tax_classification_200003
__export__.l10n_br_fiscal_ncm_12017_9721a8bf,0402.21.30,,
__export__.l10n_br_fiscal_ncm_12018_29dbca76,0402.29.10,,l10n_br_fiscal.tax_classification_200003
__export__.l10n_br_fiscal_ncm_12019_5085630d,0402.29.20,,l10n_br_fiscal.tax_classification_200003
__export__.l10n_br_fiscal_ncm_12020_23a9e6f4,0402.29.30,,
__export__.l10n_br_fiscal_ncm_12021_a310713b,0402.91.00,,
__export__.l10n_br_fiscal_ncm_12022_186c75d2,0402.91.00,1,
__export__.l10n_br_fiscal_ncm_12023_66c2f550,0402.99.00,,
__export__.l10n_br_fiscal_ncm_12024_1a7063c6,0402.99.00,1,
__export__.l10n_br_fiscal_ncm_12025_2e4d8ddb,0403.20.00,,l10n_br_fiscal.tax_classification_200034
__export__.l10n_br_fiscal_ncm_12026_efd35253,0403.20.00,1,l10n_br_fiscal.tax_classification_200034
__export__.l10n_br_fiscal_ncm_12027_12699764,0403.90.00,,l10n_br_fiscal.tax_classification_200034
__export__.l10n_br_fiscal_ncm_12028_726e5fc5,0403.90.00,1,l10n_br_fiscal.tax_classification_200034
__export__.l10n_br_fiscal_ncm_12029_c60fe93c,0404.10.00,,
__export__.l10n_br_fiscal_ncm_12030_6a83f80d,0404.10.00,1,
__export__.l10n_br_fiscal_ncm_12031_05e6db4e,0404.90.00,,
__export__.l10n_br_fiscal_ncm_12032_dd15870e,0404.90.00,1,
__export__.l10n_br_fiscal_ncm_12033_59e4840b,0405.10.00,,l10n_br_fiscal.tax_classification_200003
__export__.l10n_br_fiscal_ncm_12034_be91c1fe,0405.20.00,,
__export__.l10n_br_fiscal_ncm_12035_48d6083b,0405.90.10,,
__export__.l10n_br_fiscal_ncm_12036_31f95110,0405.90.90,,
__export__.l10n_br_fiscal_ncm_12037_31a87c9b,0406.10.10,,l10n_br_fiscal.tax_classification_200003
__export__.l10n_br_fiscal_ncm_12038_6b4e7c81,0406.10.90,,l10n_br_fiscal.tax_classification_200003
__export__.l10n_br_fiscal_ncm_12039_6204cd36,0406.20.00,,l10n_br_fiscal.tax_classification_200003
__export__.l10n_br_fiscal_ncm_12040_f6ee2ad6,0406.30.00,,
__export__.l10n_br_fiscal_ncm_12041_0d5d9bb8,0406.40.00,,
__export__.l10n_br_fiscal_ncm_12042_e609d1bf,0406.90.10,,l10n_br_fiscal.tax_classification_200003
__export__.l10n_br_fiscal_ncm_12043_312629b9,0406.90.20,,l10n_br_fiscal.tax_classification_200003
__export__.l10n_br_fiscal_ncm_12044_3ee0ca4c,0406.90.30,,l10n_br_fiscal.tax_classification_200003
__export__.l10n_br_fiscal_ncm_12045_fdeb772a,0406.90.90,,
__export__.l10n_br_fiscal_ncm_12046_b84ccd72,0407.11.00,,l10n_br_fiscal.tax_classification_200038
__export__.l10n_br_fiscal_ncm_12047_690f4e8c,0407.19.00,,l10n_br_fiscal.tax_classification_200038
__export__.l10n_br_fiscal_ncm_12048_ba0da374,0407.21.00,,l10n_br_fiscal.tax_classification_200014
__export__.l10n_br_fiscal_ncm_12049_c46b3901,0407.29.00,,l10n_br_fiscal.tax_classification_200014
__export__.l10n_br_fiscal_ncm_12050_c1a24fd3,0407.90.00,,
__export__.l10n_br_fiscal_ncm_12051_c936e2fe,0408.11.00,,
__export__.l10n_br_fiscal_ncm_12052_100d6e38,0408.19.00,,
__export__.l10n_br_fiscal_ncm_12053_653c1c7b,0408.19.00,1,
__export__.l10n_br_fiscal_ncm_12054_c1b99136,0408.91.00,,
__export__.l10n_br_fiscal_ncm_12055_362232c2,0408.99.00,,
__export__.l10n_br_fiscal_ncm_12056_9db3974a,0408.99.00,1,
__export__.l10n_br_fiscal_ncm_12057_62819733,0409.00.00,,l10n_br_fiscal.tax_classification_200034
__export__.l10n_br_fiscal_ncm_12058_cd36c7ec,0409.00.00,1,l10n_br_fiscal.tax_classification_200034
__export__.l10n_br_fiscal_ncm_12059_24567a3d,0410.10.00,,
__export__.l10n_br_fiscal_ncm_12060_f5b20efc,0410.90.00,,
__export__.l10n_br_fiscal_ncm_12061_6972017f,0501.00.00,,
__export__.l10n_br_fiscal_ncm_12062_39465be5,0502.10.11,,
__export__.l10n_br_fiscal_ncm_12063_a51a25c4,0502.10.19,,
__export__.l10n_br_fiscal_ncm_12064_8189b7b6,0502.10.90,,
__export__.l10n_br_fiscal_ncm_12065_989ecb3f,0502.90.10,,
__export__.l10n_br_fiscal_ncm_12066_b5f10231,0502.90.20,,
__export__.l10n_br_fiscal_ncm_12067_3723ade6,0504.00.11,,
__export__.l10n_br_fiscal_ncm_12068_3923c03e,0504.00.12,,
__export__.l10n_br_fiscal_ncm_12069_c469e1fa,0504.00.13,,
__export__.l10n_br_fiscal_ncm_12070_fa93fdd9,0504.00.19,,
__export__.l10n_br_fiscal_ncm_12071_137fc275,0504.00.90,,
__export__.l10n_br_fiscal_ncm_12072_78b0a5da,0505.10.00,,
__export__.l10n_br_fiscal_ncm_12073_adb84b9f,0505.90.00,,
__export__.l10n_br_fiscal_ncm_12074_94ac6431,0506.10.00,,l10n_br_fiscal.tax_classification_200038
__export__.l10n_br_fiscal_ncm_12075_47fda718,0506.90.00,,l10n_br_fiscal.tax_classification_200038
__export__.l10n_br_fiscal_ncm_12076_433f4259,0507.10.00,,
__export__.l10n_br_fiscal_ncm_12077_d67a0652,0507.90.00,,
__export__.l10n_br_fiscal_ncm_12078_f868f006,0508.00.00,,
__export__.l10n_br_fiscal_ncm_12079_dc0ceb0a,0510.00.10,,
__export__.l10n_br_fiscal_ncm_12080_5ad6d59f,0510.00.90,,
__export__.l10n_br_fiscal_ncm_12081_3737489f,0511.10.00,,l10n_br_fiscal.tax_classification_200038
__export__.l10n_br_fiscal_ncm_12082_e59abe30,0511.91.10,,l10n_br_fiscal.tax_classification_200038
__export__.l10n_br_fiscal_ncm_12083_2a2a9632,0511.91.90,,l10n_br_fiscal.tax_classification_200038
__export__.l10n_br_fiscal_ncm_12084_3a63bf61,0511.99.10,,l10n_br_fiscal.tax_classification_200038
__export__.l10n_br_fiscal_ncm_12085_9f5a163b,0511.99.20,,l10n_br_fiscal.tax_classification_200038
__export__.l10n_br_fiscal_ncm_12086_8f29c0e9,0511.99.30,,l10n_br_fiscal.tax_classification_200038
__export__.l10n_br_fiscal_ncm_12087_a5beb40e,0511.99.91,,l10n_br_fiscal.tax_classification_200038
__export__.l10n_br_fiscal_ncm_12088_8c82c03e,0511.99.99,,l10n_br_fiscal.tax_classification_200038
__export__.l10n_br_fiscal_ncm_12089_da9466c6,0601.10.00,,l10n_br_fiscal.tax_classification_200014
__export__.l10n_br_fiscal_ncm_12090_4a8b0488,0601.20.00,,l10n_br_fiscal.tax_classification_200014
__export__.l10n_br_fiscal_ncm_12091_b1354bb1,0602.10.00,,l10n_br_fiscal.tax_classification_200014
__export__.l10n_br_fiscal_ncm_12092_5586e1ee,0602.20.00,,l10n_br_fiscal.tax_classification_200014
__export__.l10n_br_fiscal_ncm_12093_2157e659,0602.30.00,,l10n_br_fiscal.tax_classification_200014
__export__.l10n_br_fiscal_ncm_12094_6faff9ff,0602.40.00,,l10n_br_fiscal.tax_classification_200014
__export__.l10n_br_fiscal_ncm_12095_249554ef,0602.90.10,,l10n_br_fiscal.tax_classification_200014
__export__.l10n_br_fiscal_ncm_12096_054e5753,0602.90.21,,l10n_br_fiscal.tax_classification_200014
__export__.l10n_br_fiscal_ncm_12097_fe9409da,0602.90.29,,l10n_br_fiscal.tax_classification_200014
__export__.l10n_br_fiscal_ncm_12098_7aa99be3,0602.90.81,,l10n_br_fiscal.tax_classification_200014
__export__.l10n_br_fiscal_ncm_12099_15d26d8e,0602.90.82,,l10n_br_fiscal.tax_classification_200014
__export__.l10n_br_fiscal_ncm_12100_ea7021e3,0602.90.83,,l10n_br_fiscal.tax_classification_200014
__export__.l10n_br_fiscal_ncm_12101_6eac9b9b,0602.90.89,,l10n_br_fiscal.tax_classification_200014
__export__.l10n_br_fiscal_ncm_12102_6894fe33,0602.90.90,,l10n_br_fiscal.tax_classification_200014
__export__.l10n_br_fiscal_ncm_12103_9337e362,0603.11.00,,l10n_br_fiscal.tax_classification_200014
__export__.l10n_br_fiscal_ncm_12104_3172f678,0603.12.00,,l10n_br_fiscal.tax_classification_200014
__export__.l10n_br_fiscal_ncm_12105_b307f4d7,0603.13.00,,l10n_br_fiscal.tax_classification_200014
__export__.l10n_br_fiscal_ncm_12106_4efb551a,0603.14.00,,l10n_br_fiscal.tax_classification_200014
__export__.l10n_br_fiscal_ncm_12107_c9f95257,0603.15.00,,l10n_br_fiscal.tax_classification_200014
__export__.l10n_br_fiscal_ncm_12108_49d5b12c,0603.19.00,,l10n_br_fiscal.tax_classification_200014
__export__.l10n_br_fiscal_ncm_12109_48805b67,0603.90.00,,l10n_br_fiscal.tax_classification_200014
__export__.l10n_br_fiscal_ncm_12110_394e320e,0604.20.00,,l10n_br_fiscal.tax_classification_200014
__export__.l10n_br_fiscal_ncm_12111_66a4e07f,0604.90.00,,l10n_br_fiscal.tax_classification_200014
__export__.l10n_br_fiscal_ncm_12112_24c2cb9e,0701.10.00,,l10n_br_fiscal.tax_classification_200014
__export__.l10n_br_fiscal_ncm_12113_9c21ba37,0701.90.00,,l10n_br_fiscal.tax_classification_200014
__export__.l10n_br_fiscal_ncm_12114_0e14a963,0702.00.00,,l10n_br_fiscal.tax_classification_200014
__export__.l10n_br_fiscal_ncm_12115_5b5e20fb,0703.10.11,,l10n_br_fiscal.tax_classification_200014
__export__.l10n_br_fiscal_ncm_12116_ee33ce44,0703.10.19,,l10n_br_fiscal.tax_classification_200014
__export__.l10n_br_fiscal_ncm_12117_18ce83ee,0703.10.21,,l10n_br_fiscal.tax_classification_200014
__export__.l10n_br_fiscal_ncm_12118_a3d44e46,0703.10.29,,l10n_br_fiscal.tax_classification_200014
__export__.l10n_br_fiscal_ncm_12119_f47c3288,0703.20.10,,l10n_br_fiscal.tax_classification_200014
__export__.l10n_br_fiscal_ncm_12120_f6257358,0703.20.90,,l10n_br_fiscal.tax_classification_200014
__export__.l10n_br_fiscal_ncm_12121_b7110cfa,0703.90.10,,l10n_br_fiscal.tax_classification_200014
__export__.l10n_br_fiscal_ncm_12122_6a38c38a,0703.90.90,,l10n_br_fiscal.tax_classification_200014
__export__.l10n_br_fiscal_ncm_12123_738e90d7,0704.10.00,,l10n_br_fiscal.tax_classification_200014
__export__.l10n_br_fiscal_ncm_12124_53c6adb0,0704.20.00,,l10n_br_fiscal.tax_classification_200014
__export__.l10n_br_fiscal_ncm_12125_e1256f36,0704.90.00,,l10n_br_fiscal.tax_classification_200014
__export__.l10n_br_fiscal_ncm_12126_a0c2da93,0705.11.00,,l10n_br_fiscal.tax_classification_200014
__export__.l10n_br_fiscal_ncm_12127_1c3508a3,0705.19.00,,l10n_br_fiscal.tax_classification_200014
__export__.l10n_br_fiscal_ncm_12128_dfbd1ef8,0705.21.00,,l10n_br_fiscal.tax_classification_200014
__export__.l10n_br_fiscal_ncm_12129_75765852,0705.29.00,,l10n_br_fiscal.tax_classification_200014
__export__.l10n_br_fiscal_ncm_12130_e59ab20f,0706.10.00,,l10n_br_fiscal.tax_classification_200014
__export__.l10n_br_fiscal_ncm_12131_af2aba27,0706.90.00,,l10n_br_fiscal.tax_classification_200014
__export__.l10n_br_fiscal_ncm_12132_3a0109a3,0707.00.00,,l10n_br_fiscal.tax_classification_200014
__export__.l10n_br_fiscal_ncm_12133_794091bd,0708.10.00,,l10n_br_fiscal.tax_classification_200014
__export__.l10n_br_fiscal_ncm_12134_81a947a6,0708.20.00,,l10n_br_fiscal.tax_classification_200014
__export__.l10n_br_fiscal_ncm_12135_6729cf33,0708.90.00,,l10n_br_fiscal.tax_classification_200014
__export__.l10n_br_fiscal_ncm_12136_58112551,0709.20.00,,l10n_br_fiscal.tax_classification_200014
__export__.l10n_br_fiscal_ncm_12137_5fc5cdfb,0709.30.00,,l10n_br_fiscal.tax_classification_200014
__export__.l10n_br_fiscal_ncm_12138_99ff64fd,0709.40.00,,l10n_br_fiscal.tax_classification_200014
__export__.l10n_br_fiscal_ncm_12139_20b88997,0709.51.00,,l10n_br_fiscal.tax_classification_200034
__export__.l10n_br_fiscal_ncm_12140_ea3a5b8e,0709.52.00,,l10n_br_fiscal.tax_classification_200034
__export__.l10n_br_fiscal_ncm_12141_f41ce44d,0709.53.00,,l10n_br_fiscal.tax_classification_200034
__export__.l10n_br_fiscal_ncm_12142_28e144c8,0709.54.00,,l10n_br_fiscal.tax_classification_200038
__export__.l10n_br_fiscal_ncm_12143_21777671,0709.55.00,,l10n_br_fiscal.tax_classification_200038
__export__.l10n_br_fiscal_ncm_12144_fd0326e0,0709.56.00,,l10n_br_fiscal.tax_classification_200034
__export__.l10n_br_fiscal_ncm_12145_733d4145,0709.59.00,,l10n_br_fiscal.tax_classification_200034
__export__.l10n_br_fiscal_ncm_12146_272686d9,0709.60.00,,l10n_br_fiscal.tax_classification_200014
__export__.l10n_br_fiscal_ncm_12147_6fe8b5a8,0709.70.00,,l10n_br_fiscal.tax_classification_200014
__export__.l10n_br_fiscal_ncm_12148_4e7b879a,0709.91.00,,l10n_br_fiscal.tax_classification_200014
__export__.l10n_br_fiscal_ncm_12149_60649bf6,0709.92.00,,l10n_br_fiscal.tax_classification_200014
__export__.l10n_br_fiscal_ncm_12150_af538352,0709.93.00,,l10n_br_fiscal.tax_classification_200014
__export__.l10n_br_fiscal_ncm_12151_7f3ca637,0709.99.11,,l10n_br_fiscal.tax_classification_200014
__export__.l10n_br_fiscal_ncm_12152_4f0dfa59,0709.99.19,,l10n_br_fiscal.tax_classification_200014
__export__.l10n_br_fiscal_ncm_12153_4bb17bf4,0709.99.90,,l10n_br_fiscal.tax_classification_200014
__export__.l10n_br_fiscal_ncm_12154_59d6eed6,0710.10.00,,l10n_br_fiscal.tax_classification_200014
__export__.l10n_br_fiscal_ncm_12155_120f94d2,0710.21.00,,l10n_br_fiscal.tax_classification_200014
__export__.l10n_br_fiscal_ncm_12156_aa0337e1,0710.22.00,,l10n_br_fiscal.tax_classification_200014
__export__.l10n_br_fiscal_ncm_12157_1f5f15fe,0710.29.00,,l10n_br_fiscal.tax_classification_200014
__export__.l10n_br_fiscal_ncm_12158_5fa805d6,0710.30.00,,l10n_br_fiscal.tax_classification_200014
__export__.l10n_br_fiscal_ncm_12159_b3cd9516,0710.40.00,,l10n_br_fiscal.tax_classification_200014
__export__.l10n_br_fiscal_ncm_12160_cdeeeaf8,0710.80.00,,l10n_br_fiscal.tax_classification_200034
__export__.l10n_br_fiscal_ncm_12161_3328eb79,0710.90.00,,l10n_br_fiscal.tax_classification_200014
__export__.l10n_br_fiscal_ncm_12162_e6c6ad91,0711.20.10,,l10n_br_fiscal.tax_classification_200038
__export__.l10n_br_fiscal_ncm_12163_a7d66a38,0711.20.20,,l10n_br_fiscal.tax_classification_200038
__export__.l10n_br_fiscal_ncm_12164_655aec27,0711.20.90,,l10n_br_fiscal.tax_classification_200038
__export__.l10n_br_fiscal_ncm_12165_28c0cab2,0711.40.00,,l10n_br_fiscal.tax_classification_200038
__export__.l10n_br_fiscal_ncm_12166_cbbd94c6,0711.40.00,1,l10n_br_fiscal.tax_classification_200038
__export__.l10n_br_fiscal_ncm_12167_3eae2c44,0711.51.00,,l10n_br_fiscal.tax_classification_200038
__export__.l10n_br_fiscal_ncm_12168_faffe0de,0711.51.00,1,l10n_br_fiscal.tax_classification_200038
__export__.l10n_br_fiscal_ncm_12169_0162ee3c,0711.59.00,,l10n_br_fiscal.tax_classification_200038
__export__.l10n_br_fiscal_ncm_12170_1f514954,0711.59.00,1,l10n_br_fiscal.tax_classification_200038
__export__.l10n_br_fiscal_ncm_12171_89b6db3b,0711.90.00,,l10n_br_fiscal.tax_classification_200038
__export__.l10n_br_fiscal_ncm_12172_be25e240,0711.90.00,1,l10n_br_fiscal.tax_classification_200038
__export__.l10n_br_fiscal_ncm_12173_3533d8ac,0712.20.00,,l10n_br_fiscal.tax_classification_200034
__export__.l10n_br_fiscal_ncm_12174_490687fd,0712.31.00,,l10n_br_fiscal.tax_classification_200034
__export__.l10n_br_fiscal_ncm_12175_dc69797e,0712.32.00,,l10n_br_fiscal.tax_classification_200034
__export__.l10n_br_fiscal_ncm_12176_1aef3180,0712.33.00,,l10n_br_fiscal.tax_classification_200034
__export__.l10n_br_fiscal_ncm_12177_f43ee504,0712.34.00,,l10n_br_fiscal.tax_classification_200034
__export__.l10n_br_fiscal_ncm_12178_e9c524b8,0712.39.00,,l10n_br_fiscal.tax_classification_200034
__export__.l10n_br_fiscal_ncm_12179_b0ad519f,0712.90.10,,
__export__.l10n_br_fiscal_ncm_12180_74583e67,0712.90.90,,l10n_br_fiscal.tax_classification_200034
__export__.l10n_br_fiscal_ncm_12181_8a9db660,0712.90.90,1,l10n_br_fiscal.tax_classification_200034
__export__.l10n_br_fiscal_ncm_12182_742d4f0a,0713.10.10,,l10n_br_fiscal.tax_classification_200034
__export__.l10n_br_fiscal_ncm_12183_c2396ca8,0713.10.90,,l10n_br_fiscal.tax_classification_200034
__export__.l10n_br_fiscal_ncm_12184_60217f9c,0713.20.10,,l10n_br_fiscal.tax_classification_200034
__export__.l10n_br_fiscal_ncm_12185_70d3f022,0713.20.90,,l10n_br_fiscal.tax_classification_200034
__export__.l10n_br_fiscal_ncm_12186_8525438f,0713.31.10,,l10n_br_fiscal.tax_classification_200034
__export__.l10n_br_fiscal_ncm_12187_e1c7fb5f,0713.31.90,,l10n_br_fiscal.tax_classification_200034
__export__.l10n_br_fiscal_ncm_12188_4feb233f,0713.32.10,,l10n_br_fiscal.tax_classification_200034
__export__.l10n_br_fiscal_ncm_12189_08d4dcce,0713.32.90,,l10n_br_fiscal.tax_classification_200034
__export__.l10n_br_fiscal_ncm_12190_7c1090f5,0713.33.11,,l10n_br_fiscal.tax_classification_200038
__export__.l10n_br_fiscal_ncm_12191_4e93be30,0713.33.19,,l10n_br_fiscal.tax_classification_200003
__export__.l10n_br_fiscal_ncm_12192_6360bf16,0713.33.21,,l10n_br_fiscal.tax_classification_200038
__export__.l10n_br_fiscal_ncm_12193_46d16532,0713.33.29,,l10n_br_fiscal.tax_classification_200003
__export__.l10n_br_fiscal_ncm_12194_65bc0b8c,0713.33.91,,l10n_br_fiscal.tax_classification_200038
__export__.l10n_br_fiscal_ncm_12195_ef17763a,0713.33.99,,l10n_br_fiscal.tax_classification_200003
__export__.l10n_br_fiscal_ncm_12196_6720078c,0713.34.10,,l10n_br_fiscal.tax_classification_200038
__export__.l10n_br_fiscal_ncm_12197_5847941c,0713.34.90,,l10n_br_fiscal.tax_classification_200034
__export__.l10n_br_fiscal_ncm_12198_3b505b12,0713.35.10,,l10n_br_fiscal.tax_classification_200038
__export__.l10n_br_fiscal_ncm_12199_5daec7e1,0713.35.90,,l10n_br_fiscal.tax_classification_200003
__export__.l10n_br_fiscal_ncm_12200_a1cc2fd0,0713.39.10,,l10n_br_fiscal.tax_classification_200038
__export__.l10n_br_fiscal_ncm_12201_eca05342,0713.39.90,,l10n_br_fiscal.tax_classification_200034
__export__.l10n_br_fiscal_ncm_12202_8f308c65,0713.40.10,,l10n_br_fiscal.tax_classification_200038
__export__.l10n_br_fiscal_ncm_12203_dd4b4fc2,0713.40.90,,l10n_br_fiscal.tax_classification_200034
__export__.l10n_br_fiscal_ncm_12204_0864f0ce,0713.50.10,,l10n_br_fiscal.tax_classification_200034
__export__.l10n_br_fiscal_ncm_12205_ca89b900,0713.50.90,,l10n_br_fiscal.tax_classification_200034
__export__.l10n_br_fiscal_ncm_12206_6c592669,0713.60.10,,l10n_br_fiscal.tax_classification_200038
__export__.l10n_br_fiscal_ncm_12207_4ccef71a,0713.60.90,,l10n_br_fiscal.tax_classification_200034
__export__.l10n_br_fiscal_ncm_12208_23fb830c,0713.90.10,,l10n_br_fiscal.tax_classification_200038
__export__.l10n_br_fiscal_ncm_12209_ac2c5066,0713.90.90,,l10n_br_fiscal.tax_classification_200034
__export__.l10n_br_fiscal_ncm_12210_a500e22e,0714.10.00,,l10n_br_fiscal.tax_classification_200014
__export__.l10n_br_fiscal_ncm_12211_e5978fe9,0714.20.00,,l10n_br_fiscal.tax_classification_200014
__export__.l10n_br_fiscal_ncm_12212_145baae8,0714.30.00,,l10n_br_fiscal.tax_classification_200014
__export__.l10n_br_fiscal_ncm_12213_5c6cfaba,0714.40.00,,l10n_br_fiscal.tax_classification_200014
__export__.l10n_br_fiscal_ncm_12214_c3023af8,0714.50.00,,l10n_br_fiscal.tax_classification_200014
__export__.l10n_br_fiscal_ncm_12215_6dc37453,0714.90.00,,l10n_br_fiscal.tax_classification_200014
__export__.l10n_br_fiscal_ncm_12216_864c194a,0801.11.00,,l10n_br_fiscal.tax_classification_200014
__export__.l10n_br_fiscal_ncm_12217_f42c7fcf,0801.11.00,1,l10n_br_fiscal.tax_classification_200014
__export__.l10n_br_fiscal_ncm_12218_81e15a9b,0801.12.00,,l10n_br_fiscal.tax_classification_200014
__export__.l10n_br_fiscal_ncm_12219_7ebec342,0801.19.00,,l10n_br_fiscal.tax_classification_200014
__export__.l10n_br_fiscal_ncm_12220_1837f322,0801.21.00,,l10n_br_fiscal.tax_classification_200034
__export__.l10n_br_fiscal_ncm_12221_6375bd9d,0801.21.00,1,l10n_br_fiscal.tax_classification_200034
__export__.l10n_br_fiscal_ncm_12222_88ee909e,0801.22.00,,l10n_br_fiscal.tax_classification_200034
__export__.l10n_br_fiscal_ncm_12223_a97b4417,0801.22.00,1,l10n_br_fiscal.tax_classification_200034
__export__.l10n_br_fiscal_ncm_12224_63e523ca,0801.31.00,,l10n_br_fiscal.tax_classification_200034
__export__.l10n_br_fiscal_ncm_12225_4fdfcb30,0801.31.00,1,l10n_br_fiscal.tax_classification_200034
__export__.l10n_br_fiscal_ncm_12226_ced09e89,0801.32.00,,l10n_br_fiscal.tax_classification_200034
__export__.l10n_br_fiscal_ncm_12227_173f3af6,0801.32.00,1,l10n_br_fiscal.tax_classification_200034
__export__.l10n_br_fiscal_ncm_12228_69680cea,0802.11.00,,l10n_br_fiscal.tax_classification_200034
__export__.l10n_br_fiscal_ncm_12229_87b38f81,0802.12.00,,l10n_br_fiscal.tax_classification_200034
__export__.l10n_br_fiscal_ncm_12230_e14c2bab,0802.21.00,,l10n_br_fiscal.tax_classification_200034
__export__.l10n_br_fiscal_ncm_12231_a1184db4,0802.22.00,,l10n_br_fiscal.tax_classification_200034
__export__.l10n_br_fiscal_ncm_12232_f0d9c0d0,0802.31.00,,l10n_br_fiscal.tax_classification_200034
__export__.l10n_br_fiscal_ncm_12233_19ad8693,0802.32.00,,l10n_br_fiscal.tax_classification_200034
__export__.l10n_br_fiscal_ncm_12234_69ffc37c,0802.41.00,,l10n_br_fiscal.tax_classification_200034
__export__.l10n_br_fiscal_ncm_12235_639d9df7,0802.42.00,,l10n_br_fiscal.tax_classification_200034
__export__.l10n_br_fiscal_ncm_12236_48765c8b,0802.51.00,,l10n_br_fiscal.tax_classification_200034
__export__.l10n_br_fiscal_ncm_12237_63545941,0802.52.00,,l10n_br_fiscal.tax_classification_200034
__export__.l10n_br_fiscal_ncm_12238_1fe9af08,0802.61.00,,l10n_br_fiscal.tax_classification_200034
__export__.l10n_br_fiscal_ncm_12239_6977ebe1,0802.62.00,,l10n_br_fiscal.tax_classification_200034
__export__.l10n_br_fiscal_ncm_12240_abb5d734,0802.70.00,,l10n_br_fiscal.tax_classification_200034
__export__.l10n_br_fiscal_ncm_12241_ab786293,0802.80.00,,l10n_br_fiscal.tax_classification_200034
__export__.l10n_br_fiscal_ncm_12242_df1b437f,0802.91.00,,l10n_br_fiscal.tax_classification_200034
__export__.l10n_br_fiscal_ncm_12243_bbab8518,0802.92.00,,l10n_br_fiscal.tax_classification_200034
__export__.l10n_br_fiscal_ncm_12244_9089cbb3,0802.99.00,,l10n_br_fiscal.tax_classification_200034
__export__.l10n_br_fiscal_ncm_12245_a16750f8,0803.10.00,,l10n_br_fiscal.tax_classification_200014
__export__.l10n_br_fiscal_ncm_12246_054b923a,0803.10.00,1,l10n_br_fiscal.tax_classification_200014
__export__.l10n_br_fiscal_ncm_12247_428f6bde,0803.90.00,,l10n_br_fiscal.tax_classification_200014
__export__.l10n_br_fiscal_ncm_12248_018b3966,0803.90.00,1,l10n_br_fiscal.tax_classification_200014
__export__.l10n_br_fiscal_ncm_12249_d2fd8b9b,0804.10.10,,l10n_br_fiscal.tax_classification_200014
__export__.l10n_br_fiscal_ncm_12250_752627c4,0804.10.20,,l10n_br_fiscal.tax_classification_200014
__export__.l10n_br_fiscal_ncm_12251_b717fafd,0804.20.10,,l10n_br_fiscal.tax_classification_200014
__export__.l10n_br_fiscal_ncm_12252_1c8bbe22,0804.20.20,,l10n_br_fiscal.tax_classification_200014
__export__.l10n_br_fiscal_ncm_12253_bbd69e88,0804.30.00,,l10n_br_fiscal.tax_classification_200014
__export__.l10n_br_fiscal_ncm_12254_98d848d2,0804.30.00,1,l10n_br_fiscal.tax_classification_200014
__export__.l10n_br_fiscal_ncm_12255_385ec7bb,0804.40.00,,l10n_br_fiscal.tax_classification_200014
__export__.l10n_br_fiscal_ncm_12256_6e9b7344,0804.40.00,1,l10n_br_fiscal.tax_classification_200014
__export__.l10n_br_fiscal_ncm_12257_b951a801,0804.50.10,,l10n_br_fiscal.tax_classification_200014
__export__.l10n_br_fiscal_ncm_12258_209bf60b,0804.50.10,1,l10n_br_fiscal.tax_classification_200014
__export__.l10n_br_fiscal_ncm_12259_b1052314,0804.50.20,,l10n_br_fiscal.tax_classification_200014
__export__.l10n_br_fiscal_ncm_12260_01635500,0804.50.20,1,l10n_br_fiscal.tax_classification_200014
__export__.l10n_br_fiscal_ncm_12261_1549b9f0,0804.50.30,,l10n_br_fiscal.tax_classification_200014
__export__.l10n_br_fiscal_ncm_12262_bd15ec68,0804.50.30,1,l10n_br_fiscal.tax_classification_200014
__export__.l10n_br_fiscal_ncm_12263_ba61310a,0805.10.00,,l10n_br_fiscal.tax_classification_200014
__export__.l10n_br_fiscal_ncm_12264_e585fea4,0805.10.00,1,l10n_br_fiscal.tax_classification_200014
__export__.l10n_br_fiscal_ncm_12265_f97383a5,0805.21.00,,l10n_br_fiscal.tax_classification_200014
__export__.l10n_br_fiscal_ncm_12266_05531515,0805.21.00,1,l10n_br_fiscal.tax_classification_200014
__export__.l10n_br_fiscal_ncm_12267_6b01cbc0,0805.22.00,,l10n_br_fiscal.tax_classification_200014
__export__.l10n_br_fiscal_ncm_12268_01422033,0805.22.00,1,l10n_br_fiscal.tax_classification_200014
__export__.l10n_br_fiscal_ncm_12269_9d1fb63c,0805.29.00,,l10n_br_fiscal.tax_classification_200014
__export__.l10n_br_fiscal_ncm_12270_08a7252c,0805.29.00,1,l10n_br_fiscal.tax_classification_200014
__export__.l10n_br_fiscal_ncm_12271_6f9f3afb,0805.40.00,,l10n_br_fiscal.tax_classification_200014
__export__.l10n_br_fiscal_ncm_12272_07789d90,0805.40.00,1,l10n_br_fiscal.tax_classification_200014
__export__.l10n_br_fiscal_ncm_12273_b4ae5de5,0805.50.00,,l10n_br_fiscal.tax_classification_200014
__export__.l10n_br_fiscal_ncm_12274_259b7e96,0805.50.00,1,l10n_br_fiscal.tax_classification_200014
__export__.l10n_br_fiscal_ncm_12275_e6139090,0805.90.00,,l10n_br_fiscal.tax_classification_200014
__export__.l10n_br_fiscal_ncm_12276_ff9af8d1,0805.90.00,1,l10n_br_fiscal.tax_classification_200014
__export__.l10n_br_fiscal_ncm_12277_54cf4f14,0806.10.00,,l10n_br_fiscal.tax_classification_200014
__export__.l10n_br_fiscal_ncm_12278_6c4d00e9,0806.20.00,,l10n_br_fiscal.tax_classification_200014
__export__.l10n_br_fiscal_ncm_12279_0b976269,0807.11.00,,l10n_br_fiscal.tax_classification_200014
__export__.l10n_br_fiscal_ncm_12280_0452b221,0807.19.00,,l10n_br_fiscal.tax_classification_200014
__export__.l10n_br_fiscal_ncm_12281_811115e2,0807.20.00,,l10n_br_fiscal.tax_classification_200014
__export__.l10n_br_fiscal_ncm_12282_9b9dc374,0808.10.00,,l10n_br_fiscal.tax_classification_200014
__export__.l10n_br_fiscal_ncm_12283_ced70e49,0808.30.00,,l10n_br_fiscal.tax_classification_200014
__export__.l10n_br_fiscal_ncm_12284_66de8da9,0808.40.00,,l10n_br_fiscal.tax_classification_200014
__export__.l10n_br_fiscal_ncm_12285_7edc2ef6,0809.10.00,,l10n_br_fiscal.tax_classification_200014
__export__.l10n_br_fiscal_ncm_12286_aeff2e6f,0809.21.00,,l10n_br_fiscal.tax_classification_200014
__export__.l10n_br_fiscal_ncm_12287_a5515572,0809.29.00,,l10n_br_fiscal.tax_classification_200014
__export__.l10n_br_fiscal_ncm_12288_7beb3870,0809.30.10,,l10n_br_fiscal.tax_classification_200014
__export__.l10n_br_fiscal_ncm_12289_21f3fc37,0809.30.20,,l10n_br_fiscal.tax_classification_200014
__export__.l10n_br_fiscal_ncm_12290_73fc7152,0809.40.00,,l10n_br_fiscal.tax_classification_200014
__export__.l10n_br_fiscal_ncm_12291_2d597ddc,0810.10.00,,l10n_br_fiscal.tax_classification_200014
__export__.l10n_br_fiscal_ncm_12292_fb3b5624,0810.20.00,,l10n_br_fiscal.tax_classification_200014
__export__.l10n_br_fiscal_ncm_12293_72b93ba8,0810.30.00,,l10n_br_fiscal.tax_classification_200014
__export__.l10n_br_fiscal_ncm_12294_24da617e,0810.40.00,,l10n_br_fiscal.tax_classification_200014
__export__.l10n_br_fiscal_ncm_12295_c1465561,0810.50.00,,l10n_br_fiscal.tax_classification_200014
__export__.l10n_br_fiscal_ncm_12296_33fb22ef,0810.60.00,,l10n_br_fiscal.tax_classification_200014
__export__.l10n_br_fiscal_ncm_12297_944544fd,0810.70.00,,l10n_br_fiscal.tax_classification_200014
__export__.l10n_br_fiscal_ncm_12298_3ebfca75,0810.90.11,,l10n_br_fiscal.tax_classification_200014
__export__.l10n_br_fiscal_ncm_12299_eddb969e,0810.90.12,,l10n_br_fiscal.tax_classification_200014
__export__.l10n_br_fiscal_ncm_12300_60e772cf,0810.90.13,,l10n_br_fiscal.tax_classification_200014
__export__.l10n_br_fiscal_ncm_12301_c0a89b36,0810.90.14,,l10n_br_fiscal.tax_classification_200014
__export__.l10n_br_fiscal_ncm_12302_f8fb9b22,0810.90.15,,l10n_br_fiscal.tax_classification_200014
__export__.l10n_br_fiscal_ncm_12303_783db030,0810.90.16,,l10n_br_fiscal.tax_classification_200014
__export__.l10n_br_fiscal_ncm_12304_f8014683,0810.90.17,,l10n_br_fiscal.tax_classification_200014
__export__.l10n_br_fiscal_ncm_12305_22da4c38,0810.90.90,,l10n_br_fiscal.tax_classification_200014
__export__.l10n_br_fiscal_ncm_12306_aa43f834,0811.10.00,,l10n_br_fiscal.tax_classification_200014
__export__.l10n_br_fiscal_ncm_12307_c908e784,0811.10.00,1,l10n_br_fiscal.tax_classification_200014
__export__.l10n_br_fiscal_ncm_12308_731dd134,0811.20.00,,l10n_br_fiscal.tax_classification_200014
__export__.l10n_br_fiscal_ncm_12309_9dee21b1,0811.20.00,1,l10n_br_fiscal.tax_classification_200014
__export__.l10n_br_fiscal_ncm_12310_50ce56ce,0811.90.00,,l10n_br_fiscal.tax_classification_200014
__export__.l10n_br_fiscal_ncm_12311_5a3e2520,0811.90.00,1,l10n_br_fiscal.tax_classification_200014
__export__.l10n_br_fiscal_ncm_12312_187d8082,0812.10.00,,
__export__.l10n_br_fiscal_ncm_12313_bb42a764,0812.90.00,,
__export__.l10n_br_fiscal_ncm_12314_275d6de0,0813.10.00,,l10n_br_fiscal.tax_classification_200034
__export__.l10n_br_fiscal_ncm_12315_6ae03782,0813.20.10,,l10n_br_fiscal.tax_classification_200034
__export__.l10n_br_fiscal_ncm_12316_779f2079,0813.20.20,,l10n_br_fiscal.tax_classification_200034
__export__.l10n_br_fiscal_ncm_12317_417123ec,0813.30.00,,l10n_br_fiscal.tax_classification_200034
__export__.l10n_br_fiscal_ncm_12318_bd738d9e,0813.40.10,,l10n_br_fiscal.tax_classification_200034
__export__.l10n_br_fiscal_ncm_12319_133ea577,0813.40.90,,l10n_br_fiscal.tax_classification_200034
__export__.l10n_br_fiscal_ncm_12320_e3ff4e24,0813.50.00,,l10n_br_fiscal.tax_classification_200034
__export__.l10n_br_fiscal_ncm_12321_a99fd12e,0814.00.00,,
__export__.l10n_br_fiscal_ncm_12322_06683694,0901.11.10,,l10n_br_fiscal.tax_classification_200003
__export__.l10n_br_fiscal_ncm_12323_0e0c19cc,0901.11.90,,l10n_br_fiscal.tax_classification_200003
__export__.l10n_br_fiscal_ncm_12324_92f3c557,0901.11.90,1,l10n_br_fiscal.tax_classification_200003
__export__.l10n_br_fiscal_ncm_12325_cc700fdd,0901.12.00,,l10n_br_fiscal.tax_classification_200003
__export__.l10n_br_fiscal_ncm_12326_7922bf03,0901.21.00,,l10n_br_fiscal.tax_classification_200003
__export__.l10n_br_fiscal_ncm_12327_f761aa93,0901.22.00,,l10n_br_fiscal.tax_classification_200003
__export__.l10n_br_fiscal_ncm_12328_3aa49f73,0901.90.00,,l10n_br_fiscal.tax_classification_200003
__export__.l10n_br_fiscal_ncm_12329_e6a702a5,0901.90.00,1,l10n_br_fiscal.tax_classification_200003
__export__.l10n_br_fiscal_ncm_12330_1d62cc14,0902.10.00,,
__export__.l10n_br_fiscal_ncm_12331_a12b4d4d,0902.20.00,,
__export__.l10n_br_fiscal_ncm_12332_af010408,0902.30.00,,
__export__.l10n_br_fiscal_ncm_12333_ce3248d9,0902.40.00,,
__export__.l10n_br_fiscal_ncm_12334_adc1edcc,0903.00.10,,l10n_br_fiscal.tax_classification_200003
__export__.l10n_br_fiscal_ncm_12335_8f06064f,0903.00.10,1,l10n_br_fiscal.tax_classification_200003
__export__.l10n_br_fiscal_ncm_12336_e19e5fcc,0903.00.90,,l10n_br_fiscal.tax_classification_200003
__export__.l10n_br_fiscal_ncm_12337_0b8c1c00,0904.11.00,,
__export__.l10n_br_fiscal_ncm_12338_c697b4fd,0904.12.00,,
__export__.l10n_br_fiscal_ncm_12339_dc7e9408,0904.21.00,,
__export__.l10n_br_fiscal_ncm_12340_8eb818b0,0904.22.00,,
__export__.l10n_br_fiscal_ncm_12341_6aef3b70,0905.10.00,,
__export__.l10n_br_fiscal_ncm_12342_97e9ae09,0905.20.00,,
__export__.l10n_br_fiscal_ncm_12343_3d5e8e4f,0906.11.00,,
__export__.l10n_br_fiscal_ncm_12344_2a73b9c9,0906.19.00,,
__export__.l10n_br_fiscal_ncm_12345_c7c2ebd8,0906.20.00,,
__export__.l10n_br_fiscal_ncm_12346_a193cff2,0907.10.00,,
__export__.l10n_br_fiscal_ncm_12347_81307705,0907.20.00,,
__export__.l10n_br_fiscal_ncm_12348_a0015475,0908.11.00,,
__export__.l10n_br_fiscal_ncm_12349_3cb2286a,0908.12.00,,
__export__.l10n_br_fiscal_ncm_12350_d34739aa,0908.21.00,,
__export__.l10n_br_fiscal_ncm_12351_8b061170,0908.22.00,,
__export__.l10n_br_fiscal_ncm_12352_cf147eda,0908.31.00,,
__export__.l10n_br_fiscal_ncm_12353_c15a71b5,0908.32.00,,
__export__.l10n_br_fiscal_ncm_12354_79b70491,0909.21.00,,
__export__.l10n_br_fiscal_ncm_12355_eb3c3a0e,0909.22.00,,
__export__.l10n_br_fiscal_ncm_12356_d3f352be,0909.31.00,,
__export__.l10n_br_fiscal_ncm_12357_a9cf3eff,0909.32.00,,
__export__.l10n_br_fiscal_ncm_12358_ec606050,0909.61.10,,
__export__.l10n_br_fiscal_ncm_12359_db44edab,0909.61.20,,
__export__.l10n_br_fiscal_ncm_12360_c6c2677f,0909.61.90,,
__export__.l10n_br_fiscal_ncm_12361_aeea0dff,0909.62.10,,
__export__.l10n_br_fiscal_ncm_12362_bd9e0c2a,0909.62.20,,
__export__.l10n_br_fiscal_ncm_12363_74575186,0909.62.90,,
__export__.l10n_br_fiscal_ncm_12364_8054909d,0910.11.00,,
__export__.l10n_br_fiscal_ncm_12365_bbd55457,0910.12.00,,
__export__.l10n_br_fiscal_ncm_12366_3655ed60,0910.20.00,,
__export__.l10n_br_fiscal_ncm_12367_898492ab,0910.30.00,,
__export__.l10n_br_fiscal_ncm_12368_b094fc39,0910.91.00,,
__export__.l10n_br_fiscal_ncm_12369_b1a00ffb,0910.99.00,,
__export__.l10n_br_fiscal_ncm_12370_88192daf,1001.11.00,,l10n_br_fiscal.tax_classification_200034
__export__.l10n_br_fiscal_ncm_12371_ff96bcb6,1001.19.00,,l10n_br_fiscal.tax_classification_200034
__export__.l10n_br_fiscal_ncm_12372_757e3921,1001.91.00,,l10n_br_fiscal.tax_classification_200034
__export__.l10n_br_fiscal_ncm_12373_1041463d,1001.99.00,,l10n_br_fiscal.tax_classification_200034
__export__.l10n_br_fiscal_ncm_12374_512147d4,1002.10.00,,l10n_br_fiscal.tax_classification_200034
__export__.l10n_br_fiscal_ncm_12375_6d1eca6e,1002.90.00,,l10n_br_fiscal.tax_classification_200034
__export__.l10n_br_fiscal_ncm_12376_e231ea39,1003.10.00,,l10n_br_fiscal.tax_classification_200034
__export__.l10n_br_fiscal_ncm_12377_fe10c3ec,1003.90.10,,l10n_br_fiscal.tax_classification_200034
__export__.l10n_br_fiscal_ncm_12378_3edb9ff9,1003.90.80,,l10n_br_fiscal.tax_classification_200034
__export__.l10n_br_fiscal_ncm_12379_1740e4f8,1003.90.90,,l10n_br_fiscal.tax_classification_200034
__export__.l10n_br_fiscal_ncm_12380_a340ce55,1004.10.00,,l10n_br_fiscal.tax_classification_200034
__export__.l10n_br_fiscal_ncm_12381_243fbb08,1004.90.00,,l10n_br_fiscal.tax_classification_200034
__export__.l10n_br_fiscal_ncm_12382_bc3bd276,1005.10.00,,l10n_br_fiscal.tax_classification_200034
__export__.l10n_br_fiscal_ncm_12383_c5ea628f,1005.90.10,,l10n_br_fiscal.tax_classification_200034
__export__.l10n_br_fiscal_ncm_12384_9a9251c8,1005.90.90,,l10n_br_fiscal.tax_classification_200034
__export__.l10n_br_fiscal_ncm_12385_9a6d518d,1006.10.10,,l10n_br_fiscal.tax_classification_200034
__export__.l10n_br_fiscal_ncm_12386_632bfd1d,1006.10.91,,l10n_br_fiscal.tax_classification_200034
__export__.l10n_br_fiscal_ncm_12387_4a82086f,1006.10.92,,l10n_br_fiscal.tax_classification_200034
__export__.l10n_br_fiscal_ncm_12388_c87a6fda,1006.20.10,,l10n_br_fiscal.tax_classification_200003
__export__.l10n_br_fiscal_ncm_12389_84a6528e,1006.20.20,,l10n_br_fiscal.tax_classification_200003
__export__.l10n_br_fiscal_ncm_12390_47013873,1006.30.11,,l10n_br_fiscal.tax_classification_200003
__export__.l10n_br_fiscal_ncm_12391_cfd41d60,1006.30.19,,l10n_br_fiscal.tax_classification_200003
__export__.l10n_br_fiscal_ncm_12392_64a174d1,1006.30.21,,l10n_br_fiscal.tax_classification_200003
__export__.l10n_br_fiscal_ncm_12393_78c6ed5f,1006.30.29,,l10n_br_fiscal.tax_classification_200003
__export__.l10n_br_fiscal_ncm_12394_f05c5a6e,1006.40.00,,l10n_br_fiscal.tax_classification_200003
__export__.l10n_br_fiscal_ncm_12395_e85a986a,1007.10.00,,l10n_br_fiscal.tax_classification_200034
__export__.l10n_br_fiscal_ncm_12396_8acd8438,1007.90.00,,l10n_br_fiscal.tax_classification_200034
__export__.l10n_br_fiscal_ncm_12397_d031a8ff,1008.10.10,,l10n_br_fiscal.tax_classification_200034
__export__.l10n_br_fiscal_ncm_12398_5d3584f9,1008.10.90,,l10n_br_fiscal.tax_classification_200034
__export__.l10n_br_fiscal_ncm_12399_2de1cfcc,1008.21.10,,l10n_br_fiscal.tax_classification_200034
__export__.l10n_br_fiscal_ncm_12400_80efc0d2,1008.21.90,,l10n_br_fiscal.tax_classification_200034
__export__.l10n_br_fiscal_ncm_12401_e5817dab,1008.29.10,,l10n_br_fiscal.tax_classification_200034
__export__.l10n_br_fiscal_ncm_12402_415e6adf,1008.29.90,,l10n_br_fiscal.tax_classification_200034
__export__.l10n_br_fiscal_ncm_12403_c3c1ae56,1008.30.10,,l10n_br_fiscal.tax_classification_200034
__export__.l10n_br_fiscal_ncm_12404_331b2c69,1008.30.90,,l10n_br_fiscal.tax_classification_200034
__export__.l10n_br_fiscal_ncm_12405_950bebcf,1008.40.10,,l10n_br_fiscal.tax_classification_200034
__export__.l10n_br_fiscal_ncm_12406_8fac76a4,1008.40.90,,l10n_br_fiscal.tax_classification_200034
__export__.l10n_br_fiscal_ncm_12407_c32576b6,1008.50.10,,l10n_br_fiscal.tax_classification_200034
__export__.l10n_br_fiscal_ncm_12408_0d2748ed,1008.50.90,,l10n_br_fiscal.tax_classification_200034
__export__.l10n_br_fiscal_ncm_12409_c415d9a4,1008.60.10,,l10n_br_fiscal.tax_classification_200034
__export__.l10n_br_fiscal_ncm_12410_ee83a9f2,1008.60.90,,l10n_br_fiscal.tax_classification_200034
__export__.l10n_br_fiscal_ncm_12411_e9f13dac,1008.90.10,,l10n_br_fiscal.tax_classification_200034
__export__.l10n_br_fiscal_ncm_12412_c493dc08,1008.90.90,,l10n_br_fiscal.tax_classification_200034
__export__.l10n_br_fiscal_ncm_12413_0f13a518,1101.00.10,,l10n_br_fiscal.tax_classification_200003
__export__.l10n_br_fiscal_ncm_12414_1521cff9,1101.00.20,,l10n_br_fiscal.tax_classification_200034
__export__.l10n_br_fiscal_ncm_12415_498f61a3,1102.20.00,,l10n_br_fiscal.tax_classification_200003
__export__.l10n_br_fiscal_ncm_12416_83c7e989,1102.90.00,,l10n_br_fiscal.tax_classification_200003
__export__.l10n_br_fiscal_ncm_12417_889f8d1a,1103.11.00,,l10n_br_fiscal.tax_classification_200034
__export__.l10n_br_fiscal_ncm_12418_064aca6d,1103.13.00,,l10n_br_fiscal.tax_classification_200003
__export__.l10n_br_fiscal_ncm_12419_3a4f64c6,1103.19.00,,l10n_br_fiscal.tax_classification_200034
__export__.l10n_br_fiscal_ncm_12420_21cea0eb,1103.20.00,,l10n_br_fiscal.tax_classification_200038
__export__.l10n_br_fiscal_ncm_12421_26df548a,1104.12.00,,l10n_br_fiscal.tax_classification_200003
__export__.l10n_br_fiscal_ncm_12422_ddb01d9a,1104.19.00,,l10n_br_fiscal.tax_classification_200003
__export__.l10n_br_fiscal_ncm_12423_0b1c3440,1104.22.00,,l10n_br_fiscal.tax_classification_200003
__export__.l10n_br_fiscal_ncm_12424_427ebe0f,1104.23.00,,l10n_br_fiscal.tax_classification_200003
__export__.l10n_br_fiscal_ncm_12425_c72ed0b5,1104.29.00,,l10n_br_fiscal.tax_classification_200034
__export__.l10n_br_fiscal_ncm_12426_eee0a1c0,1104.30.00,,l10n_br_fiscal.tax_classification_200038
__export__.l10n_br_fiscal_ncm_12427_aa7dd30b,1105.10.00,,l10n_br_fiscal.tax_classification_200034
__export__.l10n_br_fiscal_ncm_12428_b271fbea,1105.20.00,,l10n_br_fiscal.tax_classification_200034
__export__.l10n_br_fiscal_ncm_12429_e2c9a46b,1106.10.00,,l10n_br_fiscal.tax_classification_200034
__export__.l10n_br_fiscal_ncm_12430_0417583c,1106.20.00,,l10n_br_fiscal.tax_classification_200003
__export__.l10n_br_fiscal_ncm_12431_4774206d,1106.30.00,,l10n_br_fiscal.tax_classification_200034
__export__.l10n_br_fiscal_ncm_12432_6d6707a1,1107.10.10,,l10n_br_fiscal.tax_classification_200038
__export__.l10n_br_fiscal_ncm_12433_e9cd1caa,1107.10.20,,l10n_br_fiscal.tax_classification_200038
__export__.l10n_br_fiscal_ncm_12434_d2ad7754,1107.20.10,,l10n_br_fiscal.tax_classification_200038
__export__.l10n_br_fiscal_ncm_12435_f7e710f8,1107.20.20,,l10n_br_fiscal.tax_classification_200038
__export__.l10n_br_fiscal_ncm_12436_85a7a3ef,1108.11.00,,l10n_br_fiscal.tax_classification_200038
__export__.l10n_br_fiscal_ncm_12437_89f6c345,1108.12.00,,l10n_br_fiscal.tax_classification_200034
__export__.l10n_br_fiscal_ncm_12438_a4cc4ffb,1108.13.00,,l10n_br_fiscal.tax_classification_200038
__export__.l10n_br_fiscal_ncm_12439_852ee925,1108.14.00,,l10n_br_fiscal.tax_classification_200038
__export__.l10n_br_fiscal_ncm_12440_87170e4a,1108.19.00,,l10n_br_fiscal.tax_classification_200038
__export__.l10n_br_fiscal_ncm_12441_d79014f6,1108.20.00,,l10n_br_fiscal.tax_classification_200038
__export__.l10n_br_fiscal_ncm_12442_d9a5ba21,1109.00.00,,l10n_br_fiscal.tax_classification_200038
__export__.l10n_br_fiscal_ncm_12443_bbd68799,1201.10.00,,l10n_br_fiscal.tax_classification_200034
__export__.l10n_br_fiscal_ncm_12444_a65dfe09,1201.90.00,,l10n_br_fiscal.tax_classification_200034
__export__.l10n_br_fiscal_ncm_12445_f464f73a,1202.30.00,,l10n_br_fiscal.tax_classification_200034
__export__.l10n_br_fiscal_ncm_12446_e7c76cc7,1202.41.00,,l10n_br_fiscal.tax_classification_200034
__export__.l10n_br_fiscal_ncm_12447_c808f990,1202.42.00,,l10n_br_fiscal.tax_classification_200034
__export__.l10n_br_fiscal_ncm_12448_4d579728,1203.00.00,,l10n_br_fiscal.tax_classification_200034
__export__.l10n_br_fiscal_ncm_12449_3635372f,1204.00.10,,l10n_br_fiscal.tax_classification_200034
__export__.l10n_br_fiscal_ncm_12450_96808b03,1204.00.90,,l10n_br_fiscal.tax_classification_200034
__export__.l10n_br_fiscal_ncm_12451_95a9783c,1205.10.10,,l10n_br_fiscal.tax_classification_200034
__export__.l10n_br_fiscal_ncm_12452_6825c6af,1205.10.90,,l10n_br_fiscal.tax_classification_200034
__export__.l10n_br_fiscal_ncm_12453_763cb8ad,1205.90.10,,l10n_br_fiscal.tax_classification_200034
__export__.l10n_br_fiscal_ncm_12454_1d60dd73,1205.90.90,,l10n_br_fiscal.tax_classification_200034
__export__.l10n_br_fiscal_ncm_12455_dc420469,1206.00.10,,l10n_br_fiscal.tax_classification_200034
__export__.l10n_br_fiscal_ncm_12456_3bdc6c0a,1206.00.90,,l10n_br_fiscal.tax_classification_200034
__export__.l10n_br_fiscal_ncm_12457_586d18bd,1207.10.10,,l10n_br_fiscal.tax_classification_200034
__export__.l10n_br_fiscal_ncm_12458_d6ebd2ec,1207.10.90,,l10n_br_fiscal.tax_classification_200034
__export__.l10n_br_fiscal_ncm_12459_bbc33458,1207.21.00,,l10n_br_fiscal.tax_classification_200034
__export__.l10n_br_fiscal_ncm_12460_a7fed96f,1207.29.00,,l10n_br_fiscal.tax_classification_200034
__export__.l10n_br_fiscal_ncm_12461_c5cbdd3c,1207.30.10,,l10n_br_fiscal.tax_classification_200034
__export__.l10n_br_fiscal_ncm_12462_07b135c4,1207.30.90,,l10n_br_fiscal.tax_classification_200034
__export__.l10n_br_fiscal_ncm_12463_b07cad87,1207.40.10,,l10n_br_fiscal.tax_classification_200034
__export__.l10n_br_fiscal_ncm_12464_dd70c6d4,1207.40.90,,l10n_br_fiscal.tax_classification_200034
__export__.l10n_br_fiscal_ncm_12465_7c18a239,1207.50.10,,l10n_br_fiscal.tax_classification_200034
__export__.l10n_br_fiscal_ncm_12466_389b2b2e,1207.50.90,,l10n_br_fiscal.tax_classification_200034
__export__.l10n_br_fiscal_ncm_12467_e59a246d,1207.60.10,,l10n_br_fiscal.tax_classification_200034
__export__.l10n_br_fiscal_ncm_12468_91abb201,1207.60.90,,l10n_br_fiscal.tax_classification_200034
__export__.l10n_br_fiscal_ncm_12469_47f482c1,1207.70.10,,l10n_br_fiscal.tax_classification_200034
__export__.l10n_br_fiscal_ncm_12470_d3a91363,1207.70.90,,l10n_br_fiscal.tax_classification_200034
__export__.l10n_br_fiscal_ncm_12471_a444cbde,1207.91.10,,l10n_br_fiscal.tax_classification_200034
__export__.l10n_br_fiscal_ncm_12472_7ac7802e,1207.91.90,,l10n_br_fiscal.tax_classification_200034
__export__.l10n_br_fiscal_ncm_12473_0686856a,1207.99.10,,l10n_br_fiscal.tax_classification_200034
__export__.l10n_br_fiscal_ncm_12474_c397fa68,1207.99.90,,l10n_br_fiscal.tax_classification_200034
__export__.l10n_br_fiscal_ncm_12475_2e4dc3e6,1208.10.00,,l10n_br_fiscal.tax_classification_200034
__export__.l10n_br_fiscal_ncm_12476_4a009979,1208.90.00,,l10n_br_fiscal.tax_classification_200034
__export__.l10n_br_fiscal_ncm_12477_ecb8e8a4,1209.10.00,,l10n_br_fiscal.tax_classification_200034
__export__.l10n_br_fiscal_ncm_12478_2d306798,1209.21.00,,l10n_br_fiscal.tax_classification_200034
__export__.l10n_br_fiscal_ncm_12479_1bbe0d15,1209.22.00,,l10n_br_fiscal.tax_classification_200034
__export__.l10n_br_fiscal_ncm_12480_e58bf3e2,1209.23.00,,l10n_br_fiscal.tax_classification_200034
__export__.l10n_br_fiscal_ncm_12481_0f5ab596,1209.24.00,,l10n_br_fiscal.tax_classification_200034
__export__.l10n_br_fiscal_ncm_12482_23f25c86,1209.25.00,,l10n_br_fiscal.tax_classification_200034
__export__.l10n_br_fiscal_ncm_12483_f84fc6ea,1209.29.00,,l10n_br_fiscal.tax_classification_200034
__export__.l10n_br_fiscal_ncm_12484_a3eba2e0,1209.30.00,,l10n_br_fiscal.tax_classification_200034
__export__.l10n_br_fiscal_ncm_12485_113e6514,1209.91.00,,l10n_br_fiscal.tax_classification_200034
__export__.l10n_br_fiscal_ncm_12486_24f710ef,1209.99.00,,l10n_br_fiscal.tax_classification_200034
__export__.l10n_br_fiscal_ncm_12487_be90b116,1210.10.00,,l10n_br_fiscal.tax_classification_200034
__export__.l10n_br_fiscal_ncm_12488_43d136d6,1210.20.10,,l10n_br_fiscal.tax_classification_200034
__export__.l10n_br_fiscal_ncm_12489_9f15f9e6,1210.20.20,,l10n_br_fiscal.tax_classification_200034
__export__.l10n_br_fiscal_ncm_12490_8faabd69,1211.20.00,,l10n_br_fiscal.tax_classification_200038
__export__.l10n_br_fiscal_ncm_12491_eb7770ac,1211.20.00,1,l10n_br_fiscal.tax_classification_200038
__export__.l10n_br_fiscal_ncm_12492_9b5c76e4,1211.30.00,,l10n_br_fiscal.tax_classification_200038
__export__.l10n_br_fiscal_ncm_12493_eb13352e,1211.30.00,1,l10n_br_fiscal.tax_classification_200038
__export__.l10n_br_fiscal_ncm_12494_def2c3a6,1211.40.00,,l10n_br_fiscal.tax_classification_200038
__export__.l10n_br_fiscal_ncm_12495_1e634cf9,1211.40.00,1,l10n_br_fiscal.tax_classification_200038
__export__.l10n_br_fiscal_ncm_12496_a41a75b4,1211.50.00,,l10n_br_fiscal.tax_classification_200038
__export__.l10n_br_fiscal_ncm_12497_6ce570ea,1211.50.00,1,l10n_br_fiscal.tax_classification_200038
__export__.l10n_br_fiscal_ncm_12498_43ff419a,1211.60.00,,l10n_br_fiscal.tax_classification_200038
__export__.l10n_br_fiscal_ncm_12499_e362f4f7,1211.60.00,1,l10n_br_fiscal.tax_classification_200038
__export__.l10n_br_fiscal_ncm_12500_0e14a277,1211.90.10,,l10n_br_fiscal.tax_classification_200038
__export__.l10n_br_fiscal_ncm_12501_64a1a856,1211.90.10,1,l10n_br_fiscal.tax_classification_200038
__export__.l10n_br_fiscal_ncm_12502_66df5ace,1211.90.90,,l10n_br_fiscal.tax_classification_200038
__export__.l10n_br_fiscal_ncm_12503_71e1584a,1211.90.90,1,l10n_br_fiscal.tax_classification_200038
__export__.l10n_br_fiscal_ncm_12504_f2cbf597,1212.21.00,,l10n_br_fiscal.tax_classification_200034
__export__.l10n_br_fiscal_ncm_12505_6d65bf30,1212.21.00,1,l10n_br_fiscal.tax_classification_200034
__export__.l10n_br_fiscal_ncm_12506_67b82eee,1212.29.00,,l10n_br_fiscal.tax_classification_200034
__export__.l10n_br_fiscal_ncm_12507_acb32a5d,1212.29.00,1,l10n_br_fiscal.tax_classification_200034
__export__.l10n_br_fiscal_ncm_12508_5726a5b3,1212.91.00,,l10n_br_fiscal.tax_classification_200034
__export__.l10n_br_fiscal_ncm_12509_f18e4346,1212.92.00,,l10n_br_fiscal.tax_classification_200034
__export__.l10n_br_fiscal_ncm_12510_3d08f438,1212.92.00,1,l10n_br_fiscal.tax_classification_200034
__export__.l10n_br_fiscal_ncm_12511_87fbed98,1212.93.00,,l10n_br_fiscal.tax_classification_200034
__export__.l10n_br_fiscal_ncm_12512_5e4352ed,1212.94.00,,l10n_br_fiscal.tax_classification_200034
__export__.l10n_br_fiscal_ncm_12513_6df11cf5,1212.99.10,,l10n_br_fiscal.tax_classification_200034
__export__.l10n_br_fiscal_ncm_12514_0d8a39ba,1212.99.90,,l10n_br_fiscal.tax_classification_200034
__export__.l10n_br_fiscal_ncm_12515_ecf8bbae,1213.00.00,,l10n_br_fiscal.tax_classification_200034
__export__.l10n_br_fiscal_ncm_12516_c9d15359,1214.10.00,,l10n_br_fiscal.tax_classification_200034
__export__.l10n_br_fiscal_ncm_12517_4de8386b,1214.90.00,,l10n_br_fiscal.tax_classification_200034
__export__.l10n_br_fiscal_ncm_12518_4a534ba5,1301.20.00,,
__export__.l10n_br_fiscal_ncm_12519_60dd8b05,1301.90.10,,
__export__.l10n_br_fiscal_ncm_12520_03828301,1301.90.90,,l10n_br_fiscal.tax_classification_200038
__export__.l10n_br_fiscal_ncm_12521_6e3655fc,1302.11.10,,
__export__.l10n_br_fiscal_ncm_12522_3647dfa9,1302.11.90,,
__export__.l10n_br_fiscal_ncm_12523_28e35bd8,1302.12.00,,
__export__.l10n_br_fiscal_ncm_12524_2c5f4c0d,1302.13.00,,
__export__.l10n_br_fiscal_ncm_12525_e07f24a2,1302.14.00,,
__export__.l10n_br_fiscal_ncm_12526_13e0a498,1302.19.10,,
__export__.l10n_br_fiscal_ncm_12527_4b869164,1302.19.20,,
__export__.l10n_br_fiscal_ncm_12528_90b7b022,1302.19.30,,
__export__.l10n_br_fiscal_ncm_12529_0c87af05,1302.19.40,,
__export__.l10n_br_fiscal_ncm_12530_66181187,1302.19.50,,
__export__.l10n_br_fiscal_ncm_12531_0668673b,1302.19.60,,
__export__.l10n_br_fiscal_ncm_12532_45c8a716,1302.19.91,,
__export__.l10n_br_fiscal_ncm_12533_e582c180,1302.19.99,,
__export__.l10n_br_fiscal_ncm_12534_79e2d489,1302.20.10,,
__export__.l10n_br_fiscal_ncm_12535_bf206761,1302.20.90,,
__export__.l10n_br_fiscal_ncm_12536_6160fbdd,1302.31.00,,
__export__.l10n_br_fiscal_ncm_12537_6e91478a,1302.32.11,,
__export__.l10n_br_fiscal_ncm_12538_27f08549,1302.32.19,,
__export__.l10n_br_fiscal_ncm_12539_ea63bc01,1302.32.20,,
__export__.l10n_br_fiscal_ncm_12540_1513d31e,1302.39.10,,
__export__.l10n_br_fiscal_ncm_12541_7204a6d4,1302.39.90,,
__export__.l10n_br_fiscal_ncm_12542_a09ea149,1401.10.00,,
__export__.l10n_br_fiscal_ncm_12543_c7ca6811,1401.20.00,,
__export__.l10n_br_fiscal_ncm_12544_4859aeae,1401.90.00,,l10n_br_fiscal.tax_classification_200038
__export__.l10n_br_fiscal_ncm_12545_d0d4ee5e,1404.20.10,,
__export__.l10n_br_fiscal_ncm_12546_fe6e5dd6,1404.20.90,,
__export__.l10n_br_fiscal_ncm_12547_c77b480f,1404.90.10,,
__export__.l10n_br_fiscal_ncm_12548_cc317897,1404.90.90,,l10n_br_fiscal.tax_classification_200038
__export__.l10n_br_fiscal_ncm_12549_28ba383e,1501.10.00,,l10n_br_fiscal.tax_classification_200038
__export__.l10n_br_fiscal_ncm_12550_94c670ec,1501.20.00,,l10n_br_fiscal.tax_classification_200038
__export__.l10n_br_fiscal_ncm_12551_25069a22,1501.90.00,,l10n_br_fiscal.tax_classification_200038
__export__.l10n_br_fiscal_ncm_12552_968c1497,1502.10.11,,l10n_br_fiscal.tax_classification_200038
__export__.l10n_br_fiscal_ncm_12553_2638d595,1502.10.12,,l10n_br_fiscal.tax_classification_200038
__export__.l10n_br_fiscal_ncm_12554_0a3b50f2,1502.10.19,,l10n_br_fiscal.tax_classification_200038
__export__.l10n_br_fiscal_ncm_12555_e1116caa,1502.10.90,,l10n_br_fiscal.tax_classification_200038
__export__.l10n_br_fiscal_ncm_12556_fb6a6ab2,1502.90.00,,l10n_br_fiscal.tax_classification_200038
__export__.l10n_br_fiscal_ncm_12557_58e22b3a,1503.00.00,,l10n_br_fiscal.tax_classification_200038
__export__.l10n_br_fiscal_ncm_12558_163eb7bc,1504.10.11,,l10n_br_fiscal.tax_classification_200038
__export__.l10n_br_fiscal_ncm_12559_6e1eb724,1504.10.19,,l10n_br_fiscal.tax_classification_200038
__export__.l10n_br_fiscal_ncm_12560_2bb61a37,1504.10.90,,l10n_br_fiscal.tax_classification_200038
__export__.l10n_br_fiscal_ncm_12561_f473ce53,1504.20.00,,l10n_br_fiscal.tax_classification_200038
__export__.l10n_br_fiscal_ncm_12562_efdca068,1504.30.00,,l10n_br_fiscal.tax_classification_200038
__export__.l10n_br_fiscal_ncm_12563_4b82b725,1505.00.10,,l10n_br_fiscal.tax_classification_200038
__export__.l10n_br_fiscal_ncm_12564_38443f64,1505.00.90,,l10n_br_fiscal.tax_classification_200038
__export__.l10n_br_fiscal_ncm_12565_2c16db4f,1506.00.00,,l10n_br_fiscal.tax_classification_200038
__export__.l10n_br_fiscal_ncm_12566_ca2980e7,1507.10.00,,l10n_br_fiscal.tax_classification_200038
__export__.l10n_br_fiscal_ncm_12567_c716e312,1507.90.11,,l10n_br_fiscal.tax_classification_200034
__export__.l10n_br_fiscal_ncm_12568_52f99d92,1507.90.19,,l10n_br_fiscal.tax_classification_200034
__export__.l10n_br_fiscal_ncm_12569_7d03cb2d,1507.90.90,,l10n_br_fiscal.tax_classification_200034
__export__.l10n_br_fiscal_ncm_12570_382d3ce6,1508.10.00,,l10n_br_fiscal.tax_classification_200034
__export__.l10n_br_fiscal_ncm_12571_83efc803,1508.90.00,,l10n_br_fiscal.tax_classification_200034
__export__.l10n_br_fiscal_ncm_12572_1d201ff4,1509.20.00,,l10n_br_fiscal.tax_classification_200038
__export__.l10n_br_fiscal_ncm_12573_735347d8,1509.30.00,,l10n_br_fiscal.tax_classification_200038
__export__.l10n_br_fiscal_ncm_12574_c8d4881e,1509.40.00,,l10n_br_fiscal.tax_classification_200038
__export__.l10n_br_fiscal_ncm_12575_ea24007c,1509.90.10,,l10n_br_fiscal.tax_classification_200038
__export__.l10n_br_fiscal_ncm_12576_fe27a0d4,1509.90.90,,l10n_br_fiscal.tax_classification_200038
__export__.l10n_br_fiscal_ncm_12577_c953c625,1510.10.00,,l10n_br_fiscal.tax_classification_200038
__export__.l10n_br_fiscal_ncm_12578_725a6b5f,1510.90.00,,l10n_br_fiscal.tax_classification_200038
__export__.l10n_br_fiscal_ncm_12579_972bcde7,1511.10.00,,l10n_br_fiscal.tax_classification_200034
__export__.l10n_br_fiscal_ncm_12580_d88b2b78,1511.90.00,,l10n_br_fiscal.tax_classification_200034
__export__.l10n_br_fiscal_ncm_12581_719df180,1512.11.10,,l10n_br_fiscal.tax_classification_200034
__export__.l10n_br_fiscal_ncm_12582_cf0a5b8b,1512.11.20,,l10n_br_fiscal.tax_classification_200034
__export__.l10n_br_fiscal_ncm_12583_c730bfc9,1512.19.11,,l10n_br_fiscal.tax_classification_200034
__export__.l10n_br_fiscal_ncm_12584_23d39112,1512.19.19,,l10n_br_fiscal.tax_classification_200034
__export__.l10n_br_fiscal_ncm_12585_6e9a9ab0,1512.19.20,,l10n_br_fiscal.tax_classification_200034
__export__.l10n_br_fiscal_ncm_12586_fea26739,1512.21.00,,l10n_br_fiscal.tax_classification_200034
__export__.l10n_br_fiscal_ncm_12587_54287547,1512.29.10,,l10n_br_fiscal.tax_classification_200034
__export__.l10n_br_fiscal_ncm_12588_a964d091,1512.29.90,,l10n_br_fiscal.tax_classification_200034
__export__.l10n_br_fiscal_ncm_12589_6d42533c,1513.11.00,,l10n_br_fiscal.tax_classification_200034
__export__.l10n_br_fiscal_ncm_12590_420c8538,1513.19.00,,l10n_br_fiscal.tax_classification_200033
__export__.l10n_br_fiscal_ncm_12591_71963446,1513.21.11,,l10n_br_fiscal.tax_classification_200034
__export__.l10n_br_fiscal_ncm_12592_c8f4815a,1513.21.19,,l10n_br_fiscal.tax_classification_200034
__export__.l10n_br_fiscal_ncm_12593_256fcdd5,1513.21.20,,l10n_br_fiscal.tax_classification_200003
__export__.l10n_br_fiscal_ncm_12594_a8ce3e98,1513.29.11,,l10n_br_fiscal.tax_classification_200033
__export__.l10n_br_fiscal_ncm_12595_631c3e29,1513.29.19,,l10n_br_fiscal.tax_classification_200034
__export__.l10n_br_fiscal_ncm_12596_856cc143,1513.29.20,,l10n_br_fiscal.tax_classification_200034
__export__.l10n_br_fiscal_ncm_12597_104d2071,1514.11.00,,l10n_br_fiscal.tax_classification_200034
__export__.l10n_br_fiscal_ncm_12598_fecc1422,1514.19.10,,l10n_br_fiscal.tax_classification_200034
__export__.l10n_br_fiscal_ncm_12599_1db39c35,1514.19.90,,l10n_br_fiscal.tax_classification_200034
__export__.l10n_br_fiscal_ncm_12600_c86839f4,1514.91.00,,l10n_br_fiscal.tax_classification_200034
__export__.l10n_br_fiscal_ncm_12601_67e4305f,1514.99.10,,l10n_br_fiscal.tax_classification_200034
__export__.l10n_br_fiscal_ncm_12602_1a96d8c4,1514.99.90,,l10n_br_fiscal.tax_classification_200034
__export__.l10n_br_fiscal_ncm_12603_86408471,1515.11.00,,l10n_br_fiscal.tax_classification_200034
__export__.l10n_br_fiscal_ncm_12604_e8c451cc,1515.19.00,,l10n_br_fiscal.tax_classification_200034
__export__.l10n_br_fiscal_ncm_12605_72fb839d,1515.21.00,,l10n_br_fiscal.tax_classification_200034
__export__.l10n_br_fiscal_ncm_12606_5493c9fe,1515.29.10,,l10n_br_fiscal.tax_classification_200034
__export__.l10n_br_fiscal_ncm_12607_895bba25,1515.29.90,,l10n_br_fiscal.tax_classification_200034
__export__.l10n_br_fiscal_ncm_12608_37ca9799,1515.30.00,,l10n_br_fiscal.tax_classification_200034
__export__.l10n_br_fiscal_ncm_12609_f8382cd8,1515.50.00,,l10n_br_fiscal.tax_classification_200034
__export__.l10n_br_fiscal_ncm_12610_eaa10b83,1515.60.00,,l10n_br_fiscal.tax_classification_200034
__export__.l10n_br_fiscal_ncm_12611_7686b6b0,1515.90.10,,l10n_br_fiscal.tax_classification_200034
__export__.l10n_br_fiscal_ncm_12612_fb9fb8bf,1515.90.21,,l10n_br_fiscal.tax_classification_200034
__export__.l10n_br_fiscal_ncm_12613_5517f4ec,1515.90.22,,l10n_br_fiscal.tax_classification_200034
__export__.l10n_br_fiscal_ncm_12614_64c9d8b3,1515.90.90,,l10n_br_fiscal.tax_classification_200034
__export__.l10n_br_fiscal_ncm_12615_93df4006,1516.10.00,,l10n_br_fiscal.tax_classification_200038
__export__.l10n_br_fiscal_ncm_12616_444017d8,1516.20.00,,l10n_br_fiscal.tax_classification_200038
__export__.l10n_br_fiscal_ncm_12617_51d006cd,1516.30.00,,l10n_br_fiscal.tax_classification_200038
__export__.l10n_br_fiscal_ncm_12618_d8cfd166,1517.10.00,,l10n_br_fiscal.tax_classification_200003
__export__.l10n_br_fiscal_ncm_12619_4b4eb3a6,1517.90.10,,l10n_br_fiscal.tax_classification_200038
__export__.l10n_br_fiscal_ncm_12620_435f4127,1517.90.90,,l10n_br_fiscal.tax_classification_200038
__export__.l10n_br_fiscal_ncm_12621_7caaccae,1518.00.10,,l10n_br_fiscal.tax_classification_200038
__export__.l10n_br_fiscal_ncm_12622_17ac9fc8,1518.00.90,,l10n_br_fiscal.tax_classification_200038
__export__.l10n_br_fiscal_ncm_12623_02445213,1520.00.10,,l10n_br_fiscal.tax_classification_200038
__export__.l10n_br_fiscal_ncm_12624_c60394b8,1520.00.20,,l10n_br_fiscal.tax_classification_200038
__export__.l10n_br_fiscal_ncm_12625_195f4c44,1521.10.00,,l10n_br_fiscal.tax_classification_200038
__export__.l10n_br_fiscal_ncm_12626_ccac356a,1521.10.00,1,l10n_br_fiscal.tax_classification_200038
__export__.l10n_br_fiscal_ncm_12627_dbf34521,1521.90.11,,l10n_br_fiscal.tax_classification_200038
__export__.l10n_br_fiscal_ncm_12628_7ccd9236,1521.90.19,,l10n_br_fiscal.tax_classification_200038
__export__.l10n_br_fiscal_ncm_12629_b65426a7,1521.90.19,1,l10n_br_fiscal.tax_classification_200038
__export__.l10n_br_fiscal_ncm_12630_b1dcd0a1,1521.90.90,,l10n_br_fiscal.tax_classification_200038
__export__.l10n_br_fiscal_ncm_12631_452abd5b,1521.90.90,1,l10n_br_fiscal.tax_classification_200038
__export__.l10n_br_fiscal_ncm_12632_7c3990c8,1521.90.90,2,l10n_br_fiscal.tax_classification_200038
__export__.l10n_br_fiscal_ncm_12633_af6bc369,1522.00.00,,l10n_br_fiscal.tax_classification_200038
__export__.l10n_br_fiscal_ncm_12634_5b5d5552,1601.00.00,,l10n_br_fiscal.tax_classification_200038
__export__.l10n_br_fiscal_ncm_12635_2f6c624e,1602.10.00,,
__export__.l10n_br_fiscal_ncm_12636_6ea832b3,1602.20.00,,
__export__.l10n_br_fiscal_ncm_12637_f9b09e1b,1602.31.00,,
__export__.l10n_br_fiscal_ncm_12638_6ebd27b8,1602.32.10,,
__export__.l10n_br_fiscal_ncm_12639_46bfed69,1602.32.20,,
__export__.l10n_br_fiscal_ncm_12640_21c1329e,1602.32.30,,
__export__.l10n_br_fiscal_ncm_12641_f45688b7,1602.32.90,,
__export__.l10n_br_fiscal_ncm_12642_f30be925,1602.39.00,,
__export__.l10n_br_fiscal_ncm_12643_ae41621e,1602.41.00,,
__export__.l10n_br_fiscal_ncm_12644_782be732,1602.42.00,,
__export__.l10n_br_fiscal_ncm_12645_25a2be11,1602.49.00,,
__export__.l10n_br_fiscal_ncm_12646_cdc62c84,1602.50.00,,
__export__.l10n_br_fiscal_ncm_12647_e7189796,1602.90.00,,
__export__.l10n_br_fiscal_ncm_12648_0a9668fa,1603.00.00,,
__export__.l10n_br_fiscal_ncm_12649_3a177522,1604.11.00,,
__export__.l10n_br_fiscal_ncm_12650_49b6a5ef,1604.12.00,,
__export__.l10n_br_fiscal_ncm_12651_05de1137,1604.13.10,,
__export__.l10n_br_fiscal_ncm_12652_276d28f6,1604.13.90,,
__export__.l10n_br_fiscal_ncm_12653_52bf8a03,1604.14.10,,
__export__.l10n_br_fiscal_ncm_12654_dcc651ad,1604.14.20,,
__export__.l10n_br_fiscal_ncm_12655_1df5742a,1604.14.30,,
__export__.l10n_br_fiscal_ncm_12656_f471dd4c,1604.15.00,,
__export__.l10n_br_fiscal_ncm_12657_9618a5a6,1604.16.00,,
__export__.l10n_br_fiscal_ncm_12658_d72e27d3,1604.17.00,,
__export__.l10n_br_fiscal_ncm_12659_5908a6dc,1604.18.00,,
__export__.l10n_br_fiscal_ncm_12660_486392c1,1604.19.00,,
__export__.l10n_br_fiscal_ncm_12661_70b74d90,1604.20.10,,
__export__.l10n_br_fiscal_ncm_12662_12e54918,1604.20.20,,
__export__.l10n_br_fiscal_ncm_12663_d6563763,1604.20.30,,
__export__.l10n_br_fiscal_ncm_12664_741a66dc,1604.20.90,,
__export__.l10n_br_fiscal_ncm_12665_aae9b340,1604.31.00,,
__export__.l10n_br_fiscal_ncm_12666_ab31e0bc,1604.32.00,,
__export__.l10n_br_fiscal_ncm_12667_63396da8,1605.10.00,,
__export__.l10n_br_fiscal_ncm_12668_1a673a3c,1605.21.00,,
__export__.l10n_br_fiscal_ncm_12669_b5970b6d,1605.29.00,,
__export__.l10n_br_fiscal_ncm_12670_4dea3537,1605.30.00,,
__export__.l10n_br_fiscal_ncm_12671_c3bc77e1,1605.40.00,,
__export__.l10n_br_fiscal_ncm_12672_816fb206,1605.51.00,,
__export__.l10n_br_fiscal_ncm_12673_9c28c54d,1605.52.00,,
__export__.l10n_br_fiscal_ncm_12674_13a2fd9d,1605.53.00,,
__export__.l10n_br_fiscal_ncm_12675_14194151,1605.54.00,,
__export__.l10n_br_fiscal_ncm_12676_2b5785f5,1605.55.00,,
__export__.l10n_br_fiscal_ncm_12677_e8ef2ae5,1605.56.00,,
__export__.l10n_br_fiscal_ncm_12678_e145423c,1605.57.00,,
__export__.l10n_br_fiscal_ncm_12679_59531714,1605.58.00,,
__export__.l10n_br_fiscal_ncm_12680_eee13ef0,1605.59.00,,
__export__.l10n_br_fiscal_ncm_12681_db1b97a2,1605.61.00,,
__export__.l10n_br_fiscal_ncm_12682_04d9c150,1605.62.00,,
__export__.l10n_br_fiscal_ncm_12683_8f00fad1,1605.63.00,,
__export__.l10n_br_fiscal_ncm_12684_81ccb8be,1605.69.00,,
__export__.l10n_br_fiscal_ncm_12685_1d66644f,1701.12.00,,
__export__.l10n_br_fiscal_ncm_12686_2089af4b,1701.13.00,,
__export__.l10n_br_fiscal_ncm_12687_3e764cf5,1701.14.00,,l10n_br_fiscal.tax_classification_200003
__export__.l10n_br_fiscal_ncm_12688_ad786978,1701.91.00,,
__export__.l10n_br_fiscal_ncm_12689_bfb8f461,1701.99.00,,l10n_br_fiscal.tax_classification_200003
__export__.l10n_br_fiscal_ncm_12690_757169ce,1701.99.00,1,l10n_br_fiscal.tax_classification_200003
__export__.l10n_br_fiscal_ncm_12691_2a54cf96,1702.11.00,,
__export__.l10n_br_fiscal_ncm_12692_287c101d,1702.19.00,,
__export__.l10n_br_fiscal_ncm_12693_cb963f51,1702.20.00,,
__export__.l10n_br_fiscal_ncm_12694_285ab908,1702.30.11,,l10n_br_fiscal.tax_classification_200033
__export__.l10n_br_fiscal_ncm_12695_1e8d38bb,1702.30.19,,
__export__.l10n_br_fiscal_ncm_12696_16074726,1702.30.20,,
__export__.l10n_br_fiscal_ncm_12697_9b51d568,1702.40.10,,
__export__.l10n_br_fiscal_ncm_12698_7873d0d7,1702.40.20,,
__export__.l10n_br_fiscal_ncm_12699_1e00565a,1702.50.00,,l10n_br_fiscal.tax_classification_200033
__export__.l10n_br_fiscal_ncm_12700_8912a4e6,1702.60.10,,
__export__.l10n_br_fiscal_ncm_12701_f660baeb,1702.60.20,,
__export__.l10n_br_fiscal_ncm_12702_77b78e88,1702.90.00,,
__export__.l10n_br_fiscal_ncm_12703_61b58fdd,1703.10.00,,
__export__.l10n_br_fiscal_ncm_12704_a6c1c361,1703.90.00,,
__export__.l10n_br_fiscal_ncm_12705_aaed194e,1704.10.00,,
__export__.l10n_br_fiscal_ncm_12706_28b22d91,1704.90.10,,
__export__.l10n_br_fiscal_ncm_12707_e439f7a3,1704.90.20,,
__export__.l10n_br_fiscal_ncm_12708_fad1c0e5,1704.90.90,,
__export__.l10n_br_fiscal_ncm_12709_0ec37277,1801.00.00,,
__export__.l10n_br_fiscal_ncm_12710_47d6bf3b,1801.00.00,1,
__export__.l10n_br_fiscal_ncm_12711_08ce3665,1802.00.00,,
__export__.l10n_br_fiscal_ncm_12712_07a18b5c,1803.10.00,,
__export__.l10n_br_fiscal_ncm_12713_6b2d33c4,1803.20.00,,
__export__.l10n_br_fiscal_ncm_12714_8aa5c816,1804.00.00,,
__export__.l10n_br_fiscal_ncm_12715_ca88bf72,1805.00.00,,
__export__.l10n_br_fiscal_ncm_12716_469eeda7,1806.10.00,,
__export__.l10n_br_fiscal_ncm_12717_4137c2f0,1806.20.00,,
__export__.l10n_br_fiscal_ncm_12718_e81515ac,1806.31.10,,
__export__.l10n_br_fiscal_ncm_12719_2f984520,1806.31.20,,
__export__.l10n_br_fiscal_ncm_12720_5090217b,1806.32.10,,
__export__.l10n_br_fiscal_ncm_12721_f0580154,1806.32.20,,
__export__.l10n_br_fiscal_ncm_12722_3a26bf1d,1806.90.00,,
__export__.l10n_br_fiscal_ncm_12723_2383e8be,1806.90.00,1,
__export__.l10n_br_fiscal_ncm_12724_02fdae16,1901.10.10,,l10n_br_fiscal.tax_classification_200003
__export__.l10n_br_fiscal_ncm_12725_6887f73c,1901.10.20,,
__export__.l10n_br_fiscal_ncm_12726_686b67ba,1901.10.30,,
__export__.l10n_br_fiscal_ncm_12727_c580ab7c,1901.10.90,,l10n_br_fiscal.tax_classification_200003
__export__.l10n_br_fiscal_ncm_12728_af91bddf,1901.20.00,,
__export__.l10n_br_fiscal_ncm_12729_2db70ba6,1901.20.00,1,
__export__.l10n_br_fiscal_ncm_12730_68154561,1901.90.10,,
__export__.l10n_br_fiscal_ncm_12731_99cf2958,1901.90.20,,
__export__.l10n_br_fiscal_ncm_12732_9117724e,1901.90.90,,l10n_br_fiscal.tax_classification_200003
__export__.l10n_br_fiscal_ncm_12733_be378f17,1902.11.00,,l10n_br_fiscal.tax_classification_200003
__export__.l10n_br_fiscal_ncm_12734_07aa8907,1902.19.00,,l10n_br_fiscal.tax_classification_200003
__export__.l10n_br_fiscal_ncm_12735_32fe4839,1902.20.00,,l10n_br_fiscal.tax_classification_200034
__export__.l10n_br_fiscal_ncm_12736_af23aa11,1902.30.00,,l10n_br_fiscal.tax_classification_200034
__export__.l10n_br_fiscal_ncm_12737_ff7d8874,1902.40.00,,
__export__.l10n_br_fiscal_ncm_12738_185ec10e,1903.00.00,,l10n_br_fiscal.tax_classification_200003
__export__.l10n_br_fiscal_ncm_12739_61b6b63f,1904.10.00,,
__export__.l10n_br_fiscal_ncm_12740_ab036feb,1904.20.00,,
__export__.l10n_br_fiscal_ncm_12741_6f489436,1904.30.00,,
__export__.l10n_br_fiscal_ncm_12742_754265b4,1904.90.00,,
__export__.l10n_br_fiscal_ncm_12743_fa24fdf7,1905.10.00,,
__export__.l10n_br_fiscal_ncm_12744_791207f8,1905.20.10,,
__export__.l10n_br_fiscal_ncm_12745_9099c949,1905.20.90,,
__export__.l10n_br_fiscal_ncm_12746_62dd25c9,1905.31.00,,
__export__.l10n_br_fiscal_ncm_12747_8131fd04,1905.32.00,,
__export__.l10n_br_fiscal_ncm_12748_54b20a16,1905.40.00,,
__export__.l10n_br_fiscal_ncm_12749_93d521fa,1905.90.10,,l10n_br_fiscal.tax_classification_200034
__export__.l10n_br_fiscal_ncm_12750_0137c5dc,1905.90.20,,
__export__.l10n_br_fiscal_ncm_12751_91900fb9,1905.90.90,,l10n_br_fiscal.tax_classification_200003
__export__.l10n_br_fiscal_ncm_12752_2e9677ec,1905.90.90,1,l10n_br_fiscal.tax_classification_200003
__export__.l10n_br_fiscal_ncm_12753_72889823,2001.10.00,,
__export__.l10n_br_fiscal_ncm_12754_4bffd1ac,2001.90.00,,
__export__.l10n_br_fiscal_ncm_12755_6fc40bba,2002.10.00,,l10n_br_fiscal.tax_classification_200033
__export__.l10n_br_fiscal_ncm_12756_f054aef1,2002.10.00,1,l10n_br_fiscal.tax_classification_200033
__export__.l10n_br_fiscal_ncm_12757_89b80643,2002.90.00,,l10n_br_fiscal.tax_classification_200034
__export__.l10n_br_fiscal_ncm_12758_64f09cf4,2002.90.00,1,l10n_br_fiscal.tax_classification_200034
__export__.l10n_br_fiscal_ncm_12759_947fe656,2003.10.00,,
__export__.l10n_br_fiscal_ncm_12760_cb8958b0,2003.10.00,1,
__export__.l10n_br_fiscal_ncm_12761_bd733e48,2003.90.00,,
__export__.l10n_br_fiscal_ncm_12762_b90c3a2d,2003.90.00,1,
__export__.l10n_br_fiscal_ncm_12763_230cb66a,2003.90.00,2,
__export__.l10n_br_fiscal_ncm_12764_18a15315,2003.90.00,3,
__export__.l10n_br_fiscal_ncm_12766_a95efac1,2004.10.00,1,l10n_br_fiscal.tax_classification_200034
__export__.l10n_br_fiscal_ncm_12765_77fb6f70,2004.10.00,,l10n_br_fiscal.tax_classification_200034
__export__.l10n_br_fiscal_ncm_12767_ca518886,2004.90.00,,l10n_br_fiscal.tax_classification_200034
__export__.l10n_br_fiscal_ncm_12768_aada1deb,2004.90.00,1,l10n_br_fiscal.tax_classification_200034
__export__.l10n_br_fiscal_ncm_12769_ad7a5dcf,2005.10.00,,l10n_br_fiscal.tax_classification_200034
__export__.l10n_br_fiscal_ncm_12770_1609cf33,2005.20.00,,l10n_br_fiscal.tax_classification_200034
__export__.l10n_br_fiscal_ncm_12771_10062542,2005.40.00,,l10n_br_fiscal.tax_classification_200034
__export__.l10n_br_fiscal_ncm_12772_6b0435f3,2005.51.00,,l10n_br_fiscal.tax_classification_200034
__export__.l10n_br_fiscal_ncm_12773_b9fece9b,2005.59.00,,l10n_br_fiscal.tax_classification_200034
__export__.l10n_br_fiscal_ncm_12774_c14cd1bc,2005.60.00,,l10n_br_fiscal.tax_classification_200034
__export__.l10n_br_fiscal_ncm_12775_a6c7c7c1,2005.70.00,,l10n_br_fiscal.tax_classification_200034
__export__.l10n_br_fiscal_ncm_12776_38f67f35,2005.80.00,,l10n_br_fiscal.tax_classification_200034
__export__.l10n_br_fiscal_ncm_12777_61202e44,2005.91.00,,l10n_br_fiscal.tax_classification_200034
__export__.l10n_br_fiscal_ncm_12778_6a425ad8,2005.99.00,,l10n_br_fiscal.tax_classification_200034
__export__.l10n_br_fiscal_ncm_12779_ecc327f6,2006.00.00,,
__export__.l10n_br_fiscal_ncm_12780_84492227,2007.10.00,,
__export__.l10n_br_fiscal_ncm_12781_4c8bf271,2007.91.00,,
__export__.l10n_br_fiscal_ncm_12782_b7e8bd41,2007.99.10,,
__export__.l10n_br_fiscal_ncm_12783_6b6ce3e8,2007.99.21,,
__export__.l10n_br_fiscal_ncm_12784_e561eb69,2007.99.22,,
__export__.l10n_br_fiscal_ncm_12785_e99a0cd7,2007.99.23,,
__export__.l10n_br_fiscal_ncm_12786_89d0e790,2007.99.24,,
__export__.l10n_br_fiscal_ncm_12787_3566504f,2007.99.25,,
__export__.l10n_br_fiscal_ncm_12788_ea4c7cbc,2007.99.26,,
__export__.l10n_br_fiscal_ncm_12789_099da5fc,2007.99.27,,
__export__.l10n_br_fiscal_ncm_12790_6e9b4224,2007.99.29,,
__export__.l10n_br_fiscal_ncm_12791_68b69b9f,2007.99.90,,
__export__.l10n_br_fiscal_ncm_12792_c71614cd,2008.11.00,,l10n_br_fiscal.tax_classification_200034
__export__.l10n_br_fiscal_ncm_12793_a11ec321,2008.19.00,,l10n_br_fiscal.tax_classification_200034
__export__.l10n_br_fiscal_ncm_12794_bab9062a,2008.19.00,1,l10n_br_fiscal.tax_classification_200034
__export__.l10n_br_fiscal_ncm_12795_eb350cda,2008.20.10,,
__export__.l10n_br_fiscal_ncm_12796_4c14dcf1,2008.20.90,,l10n_br_fiscal.tax_classification_200034
__export__.l10n_br_fiscal_ncm_12797_1bebecad,2008.20.90,1,l10n_br_fiscal.tax_classification_200034
__export__.l10n_br_fiscal_ncm_12798_1c907a9c,2008.30.00,,l10n_br_fiscal.tax_classification_200034
__export__.l10n_br_fiscal_ncm_12799_46220b35,2008.30.00,1,l10n_br_fiscal.tax_classification_200034
__export__.l10n_br_fiscal_ncm_12800_ce103a40,2008.40.10,,
__export__.l10n_br_fiscal_ncm_12801_6fe3c29e,2008.40.90,,l10n_br_fiscal.tax_classification_200034
__export__.l10n_br_fiscal_ncm_12802_5d114881,2008.40.90,1,l10n_br_fiscal.tax_classification_200034
__export__.l10n_br_fiscal_ncm_12803_fadea4ec,2008.50.00,,l10n_br_fiscal.tax_classification_200034
__export__.l10n_br_fiscal_ncm_12804_39b3b536,2008.50.00,1,l10n_br_fiscal.tax_classification_200034
__export__.l10n_br_fiscal_ncm_12805_8eaddd7b,2008.60.10,,
__export__.l10n_br_fiscal_ncm_12806_0e73d029,2008.60.90,,l10n_br_fiscal.tax_classification_200034
__export__.l10n_br_fiscal_ncm_12807_c02cf864,2008.60.90,1,l10n_br_fiscal.tax_classification_200034
__export__.l10n_br_fiscal_ncm_12808_9687fd82,2008.70.10,,
__export__.l10n_br_fiscal_ncm_12809_fa872f43,2008.70.20,,l10n_br_fiscal.tax_classification_200034
__export__.l10n_br_fiscal_ncm_12810_e14b6ba2,2008.70.90,,l10n_br_fiscal.tax_classification_200034
__export__.l10n_br_fiscal_ncm_12811_d6864efa,2008.70.90,1,l10n_br_fiscal.tax_classification_200034
__export__.l10n_br_fiscal_ncm_12812_b7d69468,2008.80.00,,l10n_br_fiscal.tax_classification_200034
__export__.l10n_br_fiscal_ncm_12813_31918f1d,2008.80.00,1,l10n_br_fiscal.tax_classification_200034
__export__.l10n_br_fiscal_ncm_12814_293ae46a,2008.91.00,,l10n_br_fiscal.tax_classification_200034
__export__.l10n_br_fiscal_ncm_12815_5967ba08,2008.93.00,,l10n_br_fiscal.tax_classification_200034
__export__.l10n_br_fiscal_ncm_12816_aa9370c6,2008.93.00,1,l10n_br_fiscal.tax_classification_200034
__export__.l10n_br_fiscal_ncm_12817_f23336ed,2008.97.10,,
__export__.l10n_br_fiscal_ncm_12818_9b827a5b,2008.97.90,,l10n_br_fiscal.tax_classification_200034
__export__.l10n_br_fiscal_ncm_12819_8853a1e1,2008.97.90,1,l10n_br_fiscal.tax_classification_200034
__export__.l10n_br_fiscal_ncm_12820_4a4f9d89,2008.99.00,,l10n_br_fiscal.tax_classification_200034
__export__.l10n_br_fiscal_ncm_12821_f3682249,2008.99.00,1,l10n_br_fiscal.tax_classification_200034
__export__.l10n_br_fiscal_ncm_12822_a9885992,2009.11.00,,l10n_br_fiscal.tax_classification_200034
__export__.l10n_br_fiscal_ncm_12823_2b1d562d,2009.12.00,,l10n_br_fiscal.tax_classification_200034
__export__.l10n_br_fiscal_ncm_12824_449a7444,2009.19.00,,l10n_br_fiscal.tax_classification_200034
__export__.l10n_br_fiscal_ncm_12825_afacc720,2009.21.00,,l10n_br_fiscal.tax_classification_200034
__export__.l10n_br_fiscal_ncm_12826_c43c6735,2009.29.00,,l10n_br_fiscal.tax_classification_200034
__export__.l10n_br_fiscal_ncm_12827_92548068,2009.31.00,,l10n_br_fiscal.tax_classification_200034
__export__.l10n_br_fiscal_ncm_12828_045eb001,2009.39.00,,l10n_br_fiscal.tax_classification_200034
__export__.l10n_br_fiscal_ncm_12829_4ebf847f,2009.41.00,,l10n_br_fiscal.tax_classification_200034
__export__.l10n_br_fiscal_ncm_12830_64844830,2009.49.00,,l10n_br_fiscal.tax_classification_200034
__export__.l10n_br_fiscal_ncm_12831_96801f27,2009.50.00,,l10n_br_fiscal.tax_classification_200034
__export__.l10n_br_fiscal_ncm_12832_5553b0f0,2009.61.00,,l10n_br_fiscal.tax_classification_200034
__export__.l10n_br_fiscal_ncm_12833_cf3d094b,2009.69.00,,l10n_br_fiscal.tax_classification_200034
__export__.l10n_br_fiscal_ncm_12834_f0410ef7,2009.71.00,,l10n_br_fiscal.tax_classification_200034
__export__.l10n_br_fiscal_ncm_12835_5f63f4f5,2009.79.00,,l10n_br_fiscal.tax_classification_200034
__export__.l10n_br_fiscal_ncm_12836_6042fb46,2009.81.00,,l10n_br_fiscal.tax_classification_200034
__export__.l10n_br_fiscal_ncm_12837_8edb578b,2009.89.11,,l10n_br_fiscal.tax_classification_200034
__export__.l10n_br_fiscal_ncm_12838_df74ea84,2009.89.12,,l10n_br_fiscal.tax_classification_200034
__export__.l10n_br_fiscal_ncm_12839_ab3247ff,2009.89.13,,l10n_br_fiscal.tax_classification_200034
__export__.l10n_br_fiscal_ncm_12840_780f8b57,2009.89.19,,l10n_br_fiscal.tax_classification_200034
__export__.l10n_br_fiscal_ncm_12841_5c43ca44,2009.89.21,,l10n_br_fiscal.tax_classification_200034
__export__.l10n_br_fiscal_ncm_12842_9b53da9e,2009.89.22,,l10n_br_fiscal.tax_classification_200034
__export__.l10n_br_fiscal_ncm_12843_d93db250,2009.89.90,,l10n_br_fiscal.tax_classification_200034
__export__.l10n_br_fiscal_ncm_12844_614045af,2009.90.00,,l10n_br_fiscal.tax_classification_200034
__export__.l10n_br_fiscal_ncm_12845_c6ec9118,2101.11.10,,l10n_br_fiscal.tax_classification_200003
__export__.l10n_br_fiscal_ncm_12846_8af89fbc,2101.11.90,,l10n_br_fiscal.tax_classification_200003
__export__.l10n_br_fiscal_ncm_12847_b12337df,2101.12.00,,l10n_br_fiscal.tax_classification_200003
__export__.l10n_br_fiscal_ncm_12848_5440923f,2101.20.10,,
__export__.l10n_br_fiscal_ncm_12849_565b5604,2101.20.20,,
__export__.l10n_br_fiscal_ncm_12850_83b3ea47,2101.30.00,,
__export__.l10n_br_fiscal_ncm_12851_dd93409e,2102.10.10,,
__export__.l10n_br_fiscal_ncm_12852_3421b43d,2102.10.90,,
__export__.l10n_br_fiscal_ncm_12853_edd479ed,2102.20.00,,l10n_br_fiscal.tax_classification_200038
__export__.l10n_br_fiscal_ncm_12854_b1931632,2102.20.00,1,l10n_br_fiscal.tax_classification_200038
__export__.l10n_br_fiscal_ncm_12855_67296060,2102.30.00,,
__export__.l10n_br_fiscal_ncm_12856_ca728b76,2103.10.10,,
__export__.l10n_br_fiscal_ncm_12857_f145d20a,2103.10.90,,
__export__.l10n_br_fiscal_ncm_12858_a049ad07,2103.20.10,,
__export__.l10n_br_fiscal_ncm_12859_39c7701b,2103.20.90,,
__export__.l10n_br_fiscal_ncm_12860_8e5bb49a,2103.30.10,,
__export__.l10n_br_fiscal_ncm_12861_f20265ed,2103.30.21,,
__export__.l10n_br_fiscal_ncm_12862_8186cefb,2103.30.29,,
__export__.l10n_br_fiscal_ncm_12863_51e6b739,2103.90.11,,
__export__.l10n_br_fiscal_ncm_12864_beef5d06,2103.90.19,,
__export__.l10n_br_fiscal_ncm_12865_7d235d68,2103.90.21,,
__export__.l10n_br_fiscal_ncm_12866_fd00d81c,2103.90.29,,
__export__.l10n_br_fiscal_ncm_12867_bfda9e8d,2103.90.91,,
__export__.l10n_br_fiscal_ncm_12868_ac3807c5,2103.90.99,,
__export__.l10n_br_fiscal_ncm_12869_50e8138e,2104.10.11,,
__export__.l10n_br_fiscal_ncm_12870_a2cb0482,2104.10.19,,
__export__.l10n_br_fiscal_ncm_12871_d06f5f9d,2104.10.21,,
__export__.l10n_br_fiscal_ncm_12872_857da785,2104.10.29,,
__export__.l10n_br_fiscal_ncm_12873_26f05935,2104.20.00,,
__export__.l10n_br_fiscal_ncm_12874_5475fadd,2105.00.10,,
__export__.l10n_br_fiscal_ncm_12875_dc5ecd79,2105.00.90,,
__export__.l10n_br_fiscal_ncm_12876_2bed6c89,2106.10.00,,
__export__.l10n_br_fiscal_ncm_12877_3d37e61c,2106.90.10,,
__export__.l10n_br_fiscal_ncm_12878_eb8c6307,2106.90.10,1,
__export__.l10n_br_fiscal_ncm_12879_edb2023a,2106.90.10,2,
__export__.l10n_br_fiscal_ncm_12880_3b60420e,2106.90.21,,
__export__.l10n_br_fiscal_ncm_12881_01eb8482,2106.90.29,,
__export__.l10n_br_fiscal_ncm_12882_e37d48f1,2106.90.30,,
__export__.l10n_br_fiscal_ncm_12883_c332653c,2106.90.40,,
__export__.l10n_br_fiscal_ncm_12884_d5a24822,2106.90.50,,
__export__.l10n_br_fiscal_ncm_12885_998b4cb6,2106.90.60,,
__export__.l10n_br_fiscal_ncm_12886_06473eac,2106.90.90,,l10n_br_fiscal.tax_classification_200003
__export__.l10n_br_fiscal_ncm_12887_60c731ba,2201.10.00,,
__export__.l10n_br_fiscal_ncm_12888_ae2c5d25,2201.10.00,1,
__export__.l10n_br_fiscal_ncm_12889_d2195657,2201.10.00,2,
__export__.l10n_br_fiscal_ncm_12890_27376f3f,2201.90.00,,
__export__.l10n_br_fiscal_ncm_12891_9f7da6ec,2202.10.00,,
__export__.l10n_br_fiscal_ncm_12892_3818f102,2202.10.00,1,
__export__.l10n_br_fiscal_ncm_12893_08b08aac,2202.91.00,,
__export__.l10n_br_fiscal_ncm_12894_822044c5,2202.99.00,,l10n_br_fiscal.tax_classification_200033
__export__.l10n_br_fiscal_ncm_12895_937e9c8e,2202.99.00,1,l10n_br_fiscal.tax_classification_200033
__export__.l10n_br_fiscal_ncm_12896_d3d51af7,2202.99.00,2,l10n_br_fiscal.tax_classification_200033
__export__.l10n_br_fiscal_ncm_12897_802008ad,2202.99.00,3,l10n_br_fiscal.tax_classification_200033
__export__.l10n_br_fiscal_ncm_12898_19d1686d,2202.99.00,4,l10n_br_fiscal.tax_classification_200033
__export__.l10n_br_fiscal_ncm_12899_1b644fa0,2202.99.00,5,l10n_br_fiscal.tax_classification_200033
__export__.l10n_br_fiscal_ncm_12900_cb9744b7,2203.00.00,,
__export__.l10n_br_fiscal_ncm_12901_111344b4,2203.00.00,1,
__export__.l10n_br_fiscal_ncm_12902_6b1b37dc,2204.10.10,,
__export__.l10n_br_fiscal_ncm_12903_b5b11d18,2204.10.90,,
__export__.l10n_br_fiscal_ncm_12904_ed126ff2,2204.21.00,,
__export__.l10n_br_fiscal_ncm_12905_9a75acf3,2204.21.00,1,
__export__.l10n_br_fiscal_ncm_12906_3b0c2cef,2204.22.11,,
__export__.l10n_br_fiscal_ncm_12907_5cece111,2204.22.11,1,
__export__.l10n_br_fiscal_ncm_12908_38836755,2204.22.19,,
__export__.l10n_br_fiscal_ncm_12909_ede2b63f,2204.22.19,1,
__export__.l10n_br_fiscal_ncm_12910_95e9688c,2204.22.20,,
__export__.l10n_br_fiscal_ncm_12911_d518fb8c,2204.29.10,,
__export__.l10n_br_fiscal_ncm_12912_2ec8d7db,2204.29.10,1,
__export__.l10n_br_fiscal_ncm_12913_1e9be556,2204.29.20,,
__export__.l10n_br_fiscal_ncm_12914_3c2a67c7,2204.30.00,,
__export__.l10n_br_fiscal_ncm_12915_96e36337,2205.10.00,,
__export__.l10n_br_fiscal_ncm_12916_a3ad2340,2205.90.00,,
__export__.l10n_br_fiscal_ncm_12917_70613655,2206.00.10,,
__export__.l10n_br_fiscal_ncm_12918_58d606c3,2206.00.90,,
__export__.l10n_br_fiscal_ncm_12919_25ea5aa3,2206.00.90,1,
__export__.l10n_br_fiscal_ncm_12920_1bfa0aff,2207.10.10,,
__export__.l10n_br_fiscal_ncm_12921_e008bd0e,2207.10.10,1,
__export__.l10n_br_fiscal_ncm_12922_535b2885,2207.10.10,2,
__export__.l10n_br_fiscal_ncm_12923_efa0a73d,2207.10.90,,
__export__.l10n_br_fiscal_ncm_12924_0603c063,2207.10.90,1,
__export__.l10n_br_fiscal_ncm_12925_004b84d2,2207.10.90,2,
__export__.l10n_br_fiscal_ncm_12926_0cd11476,2207.20.11,,
__export__.l10n_br_fiscal_ncm_12927_500531dd,2207.20.11,1,
__export__.l10n_br_fiscal_ncm_12928_95689a4e,2207.20.19,,
__export__.l10n_br_fiscal_ncm_12929_01202e3f,2207.20.19,1,
__export__.l10n_br_fiscal_ncm_12930_904c8679,2207.20.20,,
__export__.l10n_br_fiscal_ncm_12931_12beba1d,2208.20.00,,
__export__.l10n_br_fiscal_ncm_12932_f4d2d8f9,2208.30.10,,
__export__.l10n_br_fiscal_ncm_12933_21ca5b8a,2208.30.20,,
__export__.l10n_br_fiscal_ncm_12934_cadf6ee4,2208.30.90,,
__export__.l10n_br_fiscal_ncm_12935_18aa9436,2208.40.00,,
__export__.l10n_br_fiscal_ncm_12936_f779f011,2208.40.00,1,
__export__.l10n_br_fiscal_ncm_12937_a3999874,2208.50.00,,
__export__.l10n_br_fiscal_ncm_12938_0039766f,2208.60.00,,
__export__.l10n_br_fiscal_ncm_12939_d0fecdaa,2208.70.00,,
__export__.l10n_br_fiscal_ncm_12940_b8168842,2208.90.00,,
__export__.l10n_br_fiscal_ncm_12941_0bc51000,2208.90.00,1,
__export__.l10n_br_fiscal_ncm_12942_7c146bbb,2208.90.00,2,
__export__.l10n_br_fiscal_ncm_12943_029c7b0b,2209.00.00,,
__export__.l10n_br_fiscal_ncm_12944_6317f915,2301.10.10,,l10n_br_fiscal.tax_classification_200038
__export__.l10n_br_fiscal_ncm_12945_628c09d7,2301.10.90,,l10n_br_fiscal.tax_classification_200038
__export__.l10n_br_fiscal_ncm_12946_8778597e,2301.20.10,,l10n_br_fiscal.tax_classification_200038
__export__.l10n_br_fiscal_ncm_12947_43b1ac4d,2301.20.90,,l10n_br_fiscal.tax_classification_200038
__export__.l10n_br_fiscal_ncm_12948_1c9a9e4d,2302.10.00,,l10n_br_fiscal.tax_classification_200038
__export__.l10n_br_fiscal_ncm_12949_e13b8a6c,2302.30.10,,l10n_br_fiscal.tax_classification_200038
__export__.l10n_br_fiscal_ncm_12950_f5d030a6,2302.30.90,,l10n_br_fiscal.tax_classification_200038
__export__.l10n_br_fiscal_ncm_12951_39a32d46,2302.40.00,,l10n_br_fiscal.tax_classification_200038
__export__.l10n_br_fiscal_ncm_12952_dc08bd65,2302.50.00,,l10n_br_fiscal.tax_classification_200038
__export__.l10n_br_fiscal_ncm_12953_2dd6963b,2303.10.00,,l10n_br_fiscal.tax_classification_200038
__export__.l10n_br_fiscal_ncm_12954_c5099d7d,2303.20.00,,l10n_br_fiscal.tax_classification_200038
__export__.l10n_br_fiscal_ncm_12955_d346cd04,2303.30.00,,l10n_br_fiscal.tax_classification_200038
__export__.l10n_br_fiscal_ncm_12956_6085041e,2304.00.10,,l10n_br_fiscal.tax_classification_200038
__export__.l10n_br_fiscal_ncm_12957_4f897de4,2304.00.90,,l10n_br_fiscal.tax_classification_200038
__export__.l10n_br_fiscal_ncm_12958_08571748,2305.00.00,,l10n_br_fiscal.tax_classification_200038
__export__.l10n_br_fiscal_ncm_12959_b493c6e7,2306.10.00,,l10n_br_fiscal.tax_classification_200038
__export__.l10n_br_fiscal_ncm_12960_b5f1fa22,2306.20.00,,l10n_br_fiscal.tax_classification_200038
__export__.l10n_br_fiscal_ncm_12961_75e452fe,2306.30.10,,l10n_br_fiscal.tax_classification_200038
__export__.l10n_br_fiscal_ncm_12962_6fd71b9e,2306.30.90,,l10n_br_fiscal.tax_classification_200038
__export__.l10n_br_fiscal_ncm_12963_0edc3b8c,2306.41.00,,l10n_br_fiscal.tax_classification_200038
__export__.l10n_br_fiscal_ncm_12964_1911b144,2306.49.00,,l10n_br_fiscal.tax_classification_200038
__export__.l10n_br_fiscal_ncm_12965_4035eb00,2306.50.00,,l10n_br_fiscal.tax_classification_200038
__export__.l10n_br_fiscal_ncm_12966_8517dfe3,2306.60.00,,l10n_br_fiscal.tax_classification_200038
__export__.l10n_br_fiscal_ncm_12967_6ad6fd95,2306.90.10,,l10n_br_fiscal.tax_classification_200038
__export__.l10n_br_fiscal_ncm_12968_230af69f,2306.90.90,,l10n_br_fiscal.tax_classification_200038
__export__.l10n_br_fiscal_ncm_12969_d04ad5e6,2307.00.00,,
__export__.l10n_br_fiscal_ncm_12970_f5e0a7a1,2308.00.00,,l10n_br_fiscal.tax_classification_200038
__export__.l10n_br_fiscal_ncm_12971_1cf6aa87,2309.10.00,,
__export__.l10n_br_fiscal_ncm_12972_eeb60f3a,2309.90.10,,l10n_br_fiscal.tax_classification_200038
__export__.l10n_br_fiscal_ncm_12973_ac0cd09a,2309.90.10,1,l10n_br_fiscal.tax_classification_200038
__export__.l10n_br_fiscal_ncm_12974_a2621df4,2309.90.20,,l10n_br_fiscal.tax_classification_200038
__export__.l10n_br_fiscal_ncm_12975_3063c1be,2309.90.30,,l10n_br_fiscal.tax_classification_200038
__export__.l10n_br_fiscal_ncm_12976_7f0786e0,2309.90.40,,l10n_br_fiscal.tax_classification_200038
__export__.l10n_br_fiscal_ncm_12977_ff10d331,2309.90.50,,l10n_br_fiscal.tax_classification_200038
__export__.l10n_br_fiscal_ncm_12978_1d4290a5,2309.90.60,,l10n_br_fiscal.tax_classification_200038
__export__.l10n_br_fiscal_ncm_12979_a4992bba,2309.90.60,1,l10n_br_fiscal.tax_classification_200038
__export__.l10n_br_fiscal_ncm_12980_d5cd6b00,2309.90.90,,l10n_br_fiscal.tax_classification_200038
__export__.l10n_br_fiscal_ncm_12981_4c0da86b,2309.90.90,1,l10n_br_fiscal.tax_classification_200038
__export__.l10n_br_fiscal_ncm_12982_dfcf5766,2401.10.10,,
__export__.l10n_br_fiscal_ncm_12983_766c8f01,2401.10.20,,
__export__.l10n_br_fiscal_ncm_12984_1be7e1b4,2401.10.30,,
__export__.l10n_br_fiscal_ncm_12985_c3ddf0af,2401.10.40,,
__export__.l10n_br_fiscal_ncm_12986_84d8c8b5,2401.10.90,,
__export__.l10n_br_fiscal_ncm_12987_9e803648,2401.20.10,,
__export__.l10n_br_fiscal_ncm_12988_8f005334,2401.20.20,,
__export__.l10n_br_fiscal_ncm_12989_933a897c,2401.20.30,,
__export__.l10n_br_fiscal_ncm_12990_a61a3a68,2401.20.40,,
__export__.l10n_br_fiscal_ncm_12991_334e5bea,2401.20.90,,
__export__.l10n_br_fiscal_ncm_12992_ad6eac5b,2401.30.00,,
__export__.l10n_br_fiscal_ncm_12993_333793a6,2402.10.00,,
__export__.l10n_br_fiscal_ncm_12994_0c9d1589,2402.10.00,1,
__export__.l10n_br_fiscal_ncm_12995_eaf60c62,2402.20.00,,
__export__.l10n_br_fiscal_ncm_12996_5144a277,2402.20.00,1,
__export__.l10n_br_fiscal_ncm_12997_22c908c8,2402.90.00,,
__export__.l10n_br_fiscal_ncm_12998_8d56a0be,2402.90.00,1,
__export__.l10n_br_fiscal_ncm_12999_5261e57a,2403.11.00,,
__export__.l10n_br_fiscal_ncm_13000_f68ba566,2403.19.00,,
__export__.l10n_br_fiscal_ncm_13001_a4a59db8,2403.91.00,,
__export__.l10n_br_fiscal_ncm_13002_ec26a3ef,2403.99.10,,
__export__.l10n_br_fiscal_ncm_13003_499c445b,2403.99.90,,
__export__.l10n_br_fiscal_ncm_13004_10a79088,2404.11.00,,
__export__.l10n_br_fiscal_ncm_13005_7b93cb1a,2404.12.00,,
__export__.l10n_br_fiscal_ncm_13006_b3b31145,2404.19.00,,
__export__.l10n_br_fiscal_ncm_13007_71bf8a8a,2404.91.00,,
__export__.l10n_br_fiscal_ncm_13008_29894039,2404.92.00,,
__export__.l10n_br_fiscal_ncm_13009_d2e6fd8b,2404.99.00,,
__export__.l10n_br_fiscal_ncm_13010_553a377a,2501.00.11,,l10n_br_fiscal.tax_classification_200038
__export__.l10n_br_fiscal_ncm_13011_e17da7ee,2501.00.19,,l10n_br_fiscal.tax_classification_200038
__export__.l10n_br_fiscal_ncm_13012_c491fe9f,2501.00.20,,l10n_br_fiscal.tax_classification_200003
__export__.l10n_br_fiscal_ncm_13013_fb0f47ef,2501.00.90,,l10n_br_fiscal.tax_classification_200003
__export__.l10n_br_fiscal_ncm_13014_f5756c8a,2501.00.90,1,l10n_br_fiscal.tax_classification_200003
__export__.l10n_br_fiscal_ncm_13015_fe3caa4d,2502.00.00,,l10n_br_fiscal.tax_classification_200038
__export__.l10n_br_fiscal_ncm_13016_0379e957,2503.00.10,,l10n_br_fiscal.tax_classification_200038
__export__.l10n_br_fiscal_ncm_13017_59c0fe23,2503.00.10,1,l10n_br_fiscal.tax_classification_200038
__export__.l10n_br_fiscal_ncm_13018_469c153b,2503.00.90,,l10n_br_fiscal.tax_classification_200038
__export__.l10n_br_fiscal_ncm_13019_a06ec7a2,2504.10.00,,l10n_br_fiscal.tax_classification_200038
__export__.l10n_br_fiscal_ncm_13020_5d98c729,2504.90.00,,l10n_br_fiscal.tax_classification_200038
__export__.l10n_br_fiscal_ncm_13021_708c5247,2505.10.00,,l10n_br_fiscal.tax_classification_200038
__export__.l10n_br_fiscal_ncm_13022_af596e64,2505.90.00,,l10n_br_fiscal.tax_classification_200038
__export__.l10n_br_fiscal_ncm_13023_d29a383d,2506.10.00,,l10n_br_fiscal.tax_classification_200038
__export__.l10n_br_fiscal_ncm_13024_b4617d79,2506.20.00,,l10n_br_fiscal.tax_classification_200038
__export__.l10n_br_fiscal_ncm_13025_661f635e,2507.00.10,,l10n_br_fiscal.tax_classification_200038
__export__.l10n_br_fiscal_ncm_13026_bc3808fa,2507.00.90,,l10n_br_fiscal.tax_classification_200038
__export__.l10n_br_fiscal_ncm_13027_8320d3f2,2508.10.00,,l10n_br_fiscal.tax_classification_200038
__export__.l10n_br_fiscal_ncm_13028_d324eb30,2508.30.00,,l10n_br_fiscal.tax_classification_200038
__export__.l10n_br_fiscal_ncm_13029_eb4b79ac,2508.40.10,,l10n_br_fiscal.tax_classification_200038
__export__.l10n_br_fiscal_ncm_13030_d1694668,2508.40.90,,l10n_br_fiscal.tax_classification_200038
__export__.l10n_br_fiscal_ncm_13031_078e39c9,2508.50.00,,l10n_br_fiscal.tax_classification_200038
__export__.l10n_br_fiscal_ncm_13032_e3246222,2508.60.00,,l10n_br_fiscal.tax_classification_200038
__export__.l10n_br_fiscal_ncm_13033_fd0297fc,2508.70.00,,l10n_br_fiscal.tax_classification_200038
__export__.l10n_br_fiscal_ncm_13034_2e74690a,2509.00.00,,l10n_br_fiscal.tax_classification_200038
__export__.l10n_br_fiscal_ncm_13035_a3f5500d,2510.10.10,,l10n_br_fiscal.tax_classification_200038
__export__.l10n_br_fiscal_ncm_13036_2e80d0de,2510.10.90,,l10n_br_fiscal.tax_classification_200038
__export__.l10n_br_fiscal_ncm_13037_83676197,2510.20.10,,l10n_br_fiscal.tax_classification_200038
__export__.l10n_br_fiscal_ncm_13038_bae01b7e,2510.20.90,,l10n_br_fiscal.tax_classification_200038
__export__.l10n_br_fiscal_ncm_13039_c5e30994,2511.10.00,,l10n_br_fiscal.tax_classification_200038
__export__.l10n_br_fiscal_ncm_13040_2662fcd4,2511.20.00,,l10n_br_fiscal.tax_classification_200038
__export__.l10n_br_fiscal_ncm_13041_7e98bb86,2512.00.00,,l10n_br_fiscal.tax_classification_200038
__export__.l10n_br_fiscal_ncm_13042_7690d7fa,2513.10.00,,l10n_br_fiscal.tax_classification_200038
__export__.l10n_br_fiscal_ncm_13043_ffc009d4,2513.20.00,,l10n_br_fiscal.tax_classification_200038
__export__.l10n_br_fiscal_ncm_13044_2d1fda4d,2514.00.00,,
__export__.l10n_br_fiscal_ncm_13045_c08aeec3,2515.11.00,,l10n_br_fiscal.tax_classification_200038
__export__.l10n_br_fiscal_ncm_13046_56cafc55,2515.12.10,,l10n_br_fiscal.tax_classification_200038
__export__.l10n_br_fiscal_ncm_13047_7443b2ac,2515.12.20,,l10n_br_fiscal.tax_classification_200038
__export__.l10n_br_fiscal_ncm_13048_05fc275d,2515.20.00,,l10n_br_fiscal.tax_classification_200038
__export__.l10n_br_fiscal_ncm_13049_881460e2,2516.11.00,,l10n_br_fiscal.tax_classification_200038
__export__.l10n_br_fiscal_ncm_13050_1ad19053,2516.12.00,,l10n_br_fiscal.tax_classification_200038
__export__.l10n_br_fiscal_ncm_13051_a53bc1a0,2516.20.00,,l10n_br_fiscal.tax_classification_200038
__export__.l10n_br_fiscal_ncm_13052_df633266,2516.90.00,,l10n_br_fiscal.tax_classification_200038
__export__.l10n_br_fiscal_ncm_13053_747718cc,2517.10.00,,l10n_br_fiscal.tax_classification_200038
__export__.l10n_br_fiscal_ncm_13054_b3cb7220,2517.20.00,,l10n_br_fiscal.tax_classification_200038
__export__.l10n_br_fiscal_ncm_13055_5463d90f,2517.30.00,,l10n_br_fiscal.tax_classification_200038
__export__.l10n_br_fiscal_ncm_13056_707b24d2,2517.41.00,,l10n_br_fiscal.tax_classification_200038
__export__.l10n_br_fiscal_ncm_13057_ca412dce,2517.49.00,,l10n_br_fiscal.tax_classification_200038
__export__.l10n_br_fiscal_ncm_13058_d8dd23ad,2518.10.00,,l10n_br_fiscal.tax_classification_200038
__export__.l10n_br_fiscal_ncm_13059_7b9bafbe,2518.20.00,,l10n_br_fiscal.tax_classification_200038
__export__.l10n_br_fiscal_ncm_13060_720f3e13,2519.10.00,,l10n_br_fiscal.tax_classification_200038
__export__.l10n_br_fiscal_ncm_13061_776ffb0e,2519.90.10,,l10n_br_fiscal.tax_classification_200038
__export__.l10n_br_fiscal_ncm_13062_ef1b5971,2519.90.90,,l10n_br_fiscal.tax_classification_200038
__export__.l10n_br_fiscal_ncm_13063_5a9c9fc7,2520.10.11,,l10n_br_fiscal.tax_classification_200038
__export__.l10n_br_fiscal_ncm_13064_3cedd435,2520.10.19,,l10n_br_fiscal.tax_classification_200038
__export__.l10n_br_fiscal_ncm_13065_a52ac75e,2520.10.20,,l10n_br_fiscal.tax_classification_200038
__export__.l10n_br_fiscal_ncm_13066_d49772cb,2520.20.10,,l10n_br_fiscal.tax_classification_200038
__export__.l10n_br_fiscal_ncm_13067_d56d239e,2520.20.90,,l10n_br_fiscal.tax_classification_200038
__export__.l10n_br_fiscal_ncm_13068_c1007c48,2521.00.00,,l10n_br_fiscal.tax_classification_200038
__export__.l10n_br_fiscal_ncm_13069_df6e6294,2522.10.00,,l10n_br_fiscal.tax_classification_200038
__export__.l10n_br_fiscal_ncm_13070_46184e4f,2522.20.00,,l10n_br_fiscal.tax_classification_200038
__export__.l10n_br_fiscal_ncm_13071_7b8edd42,2522.30.00,,l10n_br_fiscal.tax_classification_200038
__export__.l10n_br_fiscal_ncm_13072_706e92c9,2523.10.00,,l10n_br_fiscal.tax_classification_200038
__export__.l10n_br_fiscal_ncm_13073_da95beab,2523.21.00,,l10n_br_fiscal.tax_classification_200038
__export__.l10n_br_fiscal_ncm_13074_b5e6e267,2523.29.10,,l10n_br_fiscal.tax_classification_200038
__export__.l10n_br_fiscal_ncm_13075_f5abef6b,2523.29.90,,l10n_br_fiscal.tax_classification_200038
__export__.l10n_br_fiscal_ncm_13076_b750b8d4,2523.30.00,,l10n_br_fiscal.tax_classification_200038
__export__.l10n_br_fiscal_ncm_13077_d3fdfef1,2523.90.00,,l10n_br_fiscal.tax_classification_200038
__export__.l10n_br_fiscal_ncm_13078_ac7a9367,2524.10.00,,l10n_br_fiscal.tax_classification_200038
__export__.l10n_br_fiscal_ncm_13079_07269686,2524.90.00,,l10n_br_fiscal.tax_classification_200038
__export__.l10n_br_fiscal_ncm_13080_11008fef,2525.10.00,,l10n_br_fiscal.tax_classification_200038
__export__.l10n_br_fiscal_ncm_13081_a442023b,2525.20.00,,l10n_br_fiscal.tax_classification_200038
__export__.l10n_br_fiscal_ncm_13082_ed994baf,2525.30.00,,l10n_br_fiscal.tax_classification_200038
__export__.l10n_br_fiscal_ncm_13083_5176b0fb,2526.10.00,,l10n_br_fiscal.tax_classification_200038
__export__.l10n_br_fiscal_ncm_13084_f3bd3a3e,2526.20.00,,l10n_br_fiscal.tax_classification_200038
__export__.l10n_br_fiscal_ncm_13085_a8e8fd03,2528.00.00,,l10n_br_fiscal.tax_classification_200038
__export__.l10n_br_fiscal_ncm_13086_5f23154d,2529.10.00,,
__export__.l10n_br_fiscal_ncm_13087_32935896,2529.21.00,,l10n_br_fiscal.tax_classification_200038
__export__.l10n_br_fiscal_ncm_13088_16ba2dae,2529.22.00,,l10n_br_fiscal.tax_classification_200038
__export__.l10n_br_fiscal_ncm_13089_a69b0c64,2529.30.00,,
__export__.l10n_br_fiscal_ncm_13090_0f9d2d89,2530.10.10,,l10n_br_fiscal.tax_classification_200038
__export__.l10n_br_fiscal_ncm_13091_f30004da,2530.10.90,,l10n_br_fiscal.tax_classification_200038
__export__.l10n_br_fiscal_ncm_13092_007fce61,2530.20.00,,l10n_br_fiscal.tax_classification_200038
__export__.l10n_br_fiscal_ncm_13093_4e5bd761,2530.90.10,,l10n_br_fiscal.tax_classification_200038
__export__.l10n_br_fiscal_ncm_13094_1dcbbf93,2530.90.20,,l10n_br_fiscal.tax_classification_200038
__export__.l10n_br_fiscal_ncm_13095_06962d37,2530.90.30,,l10n_br_fiscal.tax_classification_200038
__export__.l10n_br_fiscal_ncm_13096_7c24988c,2530.90.40,,l10n_br_fiscal.tax_classification_200038
__export__.l10n_br_fiscal_ncm_13097_b70f8c29,2530.90.90,,l10n_br_fiscal.tax_classification_200038
__export__.l10n_br_fiscal_ncm_13098_7420f093,2601.11.00,,
__export__.l10n_br_fiscal_ncm_13099_00084d9b,2601.12.10,,
__export__.l10n_br_fiscal_ncm_13100_3008caf7,2601.12.90,,
__export__.l10n_br_fiscal_ncm_13101_d936f353,2601.20.00,,
__export__.l10n_br_fiscal_ncm_13102_35909ddf,2602.00.10,,
__export__.l10n_br_fiscal_ncm_13103_f8f76b56,2602.00.90,,
__export__.l10n_br_fiscal_ncm_13104_7a586eea,2603.00.10,,
__export__.l10n_br_fiscal_ncm_13105_1fab9683,2603.00.90,,
__export__.l10n_br_fiscal_ncm_13106_b26ab6b0,2604.00.00,,
__export__.l10n_br_fiscal_ncm_13107_4e429ae4,2605.00.00,,
__export__.l10n_br_fiscal_ncm_13108_ea84aa9f,2606.00.11,,
__export__.l10n_br_fiscal_ncm_13109_47ce3cbb,2606.00.12,,
__export__.l10n_br_fiscal_ncm_13110_ad9c0a63,2606.00.90,,
__export__.l10n_br_fiscal_ncm_13111_19bedf10,2607.00.00,,
__export__.l10n_br_fiscal_ncm_13112_1af3bb16,2608.00.10,,
__export__.l10n_br_fiscal_ncm_13113_07014fd6,2608.00.90,,
__export__.l10n_br_fiscal_ncm_13114_e03a02ad,2609.00.00,,
__export__.l10n_br_fiscal_ncm_13115_9597af1e,2610.00.10,,
__export__.l10n_br_fiscal_ncm_13116_8226c62f,2610.00.90,,
__export__.l10n_br_fiscal_ncm_13117_f99204ea,2611.00.00,,
__export__.l10n_br_fiscal_ncm_13118_cf92a1c9,2612.10.00,,
__export__.l10n_br_fiscal_ncm_13119_1f4acc1e,2612.20.00,,
__export__.l10n_br_fiscal_ncm_13120_f0dac152,2613.10.10,,
__export__.l10n_br_fiscal_ncm_13121_2ce6d8d9,2613.10.90,,
__export__.l10n_br_fiscal_ncm_13122_2ed5c7f2,2613.90.10,,
__export__.l10n_br_fiscal_ncm_13123_ff8b4c1a,2613.90.90,,
__export__.l10n_br_fiscal_ncm_13124_863d9525,2614.00.10,,
__export__.l10n_br_fiscal_ncm_13125_865afc75,2614.00.90,,
__export__.l10n_br_fiscal_ncm_13126_ac992f27,2615.10.10,,
__export__.l10n_br_fiscal_ncm_13127_0412753d,2615.10.20,,
__export__.l10n_br_fiscal_ncm_13128_9e60f3f2,2615.10.90,,
__export__.l10n_br_fiscal_ncm_13129_65c6e780,2615.90.00,,
__export__.l10n_br_fiscal_ncm_13130_571e68e1,2616.10.00,,
__export__.l10n_br_fiscal_ncm_13131_1792a0aa,2616.90.00,,
__export__.l10n_br_fiscal_ncm_13132_ca1a155c,2617.10.00,,
__export__.l10n_br_fiscal_ncm_13133_e6e8f2d0,2617.90.00,,
__export__.l10n_br_fiscal_ncm_13134_899a60df,2618.00.00,,
__export__.l10n_br_fiscal_ncm_13135_893d50d2,2619.00.00,,
__export__.l10n_br_fiscal_ncm_13136_b09257e7,2620.11.00,,
__export__.l10n_br_fiscal_ncm_13137_2b63e57d,2620.19.00,,
__export__.l10n_br_fiscal_ncm_13138_01a3e727,2620.21.00,,
__export__.l10n_br_fiscal_ncm_13139_57ee2bef,2620.29.00,,
__export__.l10n_br_fiscal_ncm_13140_d25adc4e,2620.30.00,,
__export__.l10n_br_fiscal_ncm_13141_3f47f551,2620.40.00,,
__export__.l10n_br_fiscal_ncm_13142_f5bc42c8,2620.60.00,,
__export__.l10n_br_fiscal_ncm_13143_c195d7a4,2620.91.00,,
__export__.l10n_br_fiscal_ncm_13144_86e95113,2620.99.10,,
__export__.l10n_br_fiscal_ncm_13145_420e8692,2620.99.90,,
__export__.l10n_br_fiscal_ncm_13146_f87eff42,2621.10.00,,
__export__.l10n_br_fiscal_ncm_13147_2b799aa8,2621.90.10,,
__export__.l10n_br_fiscal_ncm_13148_74fc908b,2621.90.90,,
__export__.l10n_br_fiscal_ncm_13149_d4a9bf28,2701.11.00,,
__export__.l10n_br_fiscal_ncm_13150_ad2db178,2701.12.00,,
__export__.l10n_br_fiscal_ncm_13151_50dede25,2701.19.00,,
__export__.l10n_br_fiscal_ncm_13152_00cd0dcc,2701.20.00,,
__export__.l10n_br_fiscal_ncm_13153_3fae3793,2702.10.00,,
__export__.l10n_br_fiscal_ncm_13154_316c5727,2702.20.00,,
__export__.l10n_br_fiscal_ncm_13155_b2518128,2703.00.00,,l10n_br_fiscal.tax_classification_200038
__export__.l10n_br_fiscal_ncm_13156_7bf92853,2704.00.11,,
__export__.l10n_br_fiscal_ncm_13157_3d98517c,2704.00.12,,
__export__.l10n_br_fiscal_ncm_13158_15cf305f,2704.00.90,,
__export__.l10n_br_fiscal_ncm_13159_2924c6e0,2705.00.00,,
__export__.l10n_br_fiscal_ncm_13160_05e10b4f,2706.00.00,,
__export__.l10n_br_fiscal_ncm_13161_15e889f4,2707.10.00,,
__export__.l10n_br_fiscal_ncm_13162_477649b0,2707.20.00,,
__export__.l10n_br_fiscal_ncm_13163_a7d714c1,2707.30.00,,
__export__.l10n_br_fiscal_ncm_13164_44f7c53e,2707.40.00,,
__export__.l10n_br_fiscal_ncm_13165_2cf9e63f,2707.50.10,,
__export__.l10n_br_fiscal_ncm_13166_2f0a6966,2707.50.90,,
__export__.l10n_br_fiscal_ncm_13167_5b15669a,2707.91.00,,
__export__.l10n_br_fiscal_ncm_13168_4ca1bd9a,2707.99.10,,
__export__.l10n_br_fiscal_ncm_13169_41b1a590,2707.99.90,,
__export__.l10n_br_fiscal_ncm_13170_45612b68,2708.10.00,,
__export__.l10n_br_fiscal_ncm_13171_153bbaf7,2708.20.00,,
__export__.l10n_br_fiscal_ncm_13172_645a5b39,2709.00.10,,
__export__.l10n_br_fiscal_ncm_13173_28be459c,2709.00.90,,
__export__.l10n_br_fiscal_ncm_13174_5f7f9819,2710.12.10,,
__export__.l10n_br_fiscal_ncm_13175_4fecff8a,2710.12.21,,
__export__.l10n_br_fiscal_ncm_13176_c395a990,2710.12.29,,
__export__.l10n_br_fiscal_ncm_13177_57f02a11,2710.12.30,,
__export__.l10n_br_fiscal_ncm_13178_e0b416ad,2710.12.41,,
__export__.l10n_br_fiscal_ncm_13179_06cf682b,2710.12.49,,
__export__.l10n_br_fiscal_ncm_13180_12383683,2710.12.51,,
__export__.l10n_br_fiscal_ncm_13181_2eed63df,2710.12.59,,
__export__.l10n_br_fiscal_ncm_13182_04da1e23,2710.12.60,,
__export__.l10n_br_fiscal_ncm_13183_89d1a513,2710.12.90,,
__export__.l10n_br_fiscal_ncm_13184_44d0ea12,2710.12.90,1,
__export__.l10n_br_fiscal_ncm_13185_53d4ce72,2710.12.90,2,
__export__.l10n_br_fiscal_ncm_13186_58cba869,2710.19.11,,
__export__.l10n_br_fiscal_ncm_13187_34a3c4b3,2710.19.19,,
__export__.l10n_br_fiscal_ncm_13188_0afb73b3,2710.19.21,,
__export__.l10n_br_fiscal_ncm_13189_48dbf079,2710.19.22,,
__export__.l10n_br_fiscal_ncm_13190_6e5049f6,2710.19.29,,
__export__.l10n_br_fiscal_ncm_13191_32f9b91d,2710.19.31,,
__export__.l10n_br_fiscal_ncm_13192_36aa842a,2710.19.32,,
__export__.l10n_br_fiscal_ncm_13193_308c0605,2710.19.91,,
__export__.l10n_br_fiscal_ncm_13194_a4ccba4f,2710.19.92,,
__export__.l10n_br_fiscal_ncm_13195_111e5f78,2710.19.93,,
__export__.l10n_br_fiscal_ncm_13196_66c050f3,2710.19.94,,
__export__.l10n_br_fiscal_ncm_13197_ba5b037f,2710.19.99,,
__export__.l10n_br_fiscal_ncm_13198_ed1da862,2710.19.99,1,
__export__.l10n_br_fiscal_ncm_13199_094c37a2,2710.19.99,2,
__export__.l10n_br_fiscal_ncm_13200_1490106b,2710.20.00,,
__export__.l10n_br_fiscal_ncm_13201_9545f59e,2710.20.00,1,
__export__.l10n_br_fiscal_ncm_13202_cec02dc1,2710.91.00,,
__export__.l10n_br_fiscal_ncm_13203_6854586e,2710.99.00,,
__export__.l10n_br_fiscal_ncm_13204_2e095b0d,2711.11.00,,
__export__.l10n_br_fiscal_ncm_13205_afd41bc0,2711.12.10,,
__export__.l10n_br_fiscal_ncm_13206_d3e4da57,2711.12.90,,
__export__.l10n_br_fiscal_ncm_13207_2957d5ff,2711.13.00,,
__export__.l10n_br_fiscal_ncm_13208_28db74f4,2711.14.00,,
__export__.l10n_br_fiscal_ncm_13209_f95dd913,2711.19.10,,
__export__.l10n_br_fiscal_ncm_13210_abe4dee6,2711.19.90,,
__export__.l10n_br_fiscal_ncm_13211_898fdfcb,2711.21.00,,
__export__.l10n_br_fiscal_ncm_13212_5e4d8331,2711.29.10,,
__export__.l10n_br_fiscal_ncm_13213_1c80cdac,2711.29.90,,
__export__.l10n_br_fiscal_ncm_13214_94a4e0aa,2712.10.00,,
__export__.l10n_br_fiscal_ncm_13215_195f3524,2712.20.00,,
__export__.l10n_br_fiscal_ncm_13216_7a4a047a,2712.90.00,,
__export__.l10n_br_fiscal_ncm_13217_b41e786c,2713.11.00,,
__export__.l10n_br_fiscal_ncm_13218_01285e9f,2713.12.00,,
__export__.l10n_br_fiscal_ncm_13219_2a8ec176,2713.20.00,,
__export__.l10n_br_fiscal_ncm_13220_326b56eb,2713.90.00,,
__export__.l10n_br_fiscal_ncm_13221_cf578d45,2714.10.00,,
__export__.l10n_br_fiscal_ncm_13222_2c6c14fa,2714.90.00,,
__export__.l10n_br_fiscal_ncm_13223_cc9686fc,2715.00.00,,
__export__.l10n_br_fiscal_ncm_13224_0984a0cd,2716.00.00,,
__export__.l10n_br_fiscal_ncm_13225_df4dd9dc,2801.10.00,,
__export__.l10n_br_fiscal_ncm_13226_87282467,2801.20.10,,
__export__.l10n_br_fiscal_ncm_13227_836ced0d,2801.20.90,,
__export__.l10n_br_fiscal_ncm_13228_2ab80b31,2801.30.00,,
__export__.l10n_br_fiscal_ncm_13229_599a1123,2802.00.00,,l10n_br_fiscal.tax_classification_200038
__export__.l10n_br_fiscal_ncm_13230_bf3534c0,2803.00.11,,
__export__.l10n_br_fiscal_ncm_13231_c4b21a9b,2803.00.19,,
__export__.l10n_br_fiscal_ncm_13232_d9ba7a9b,2803.00.90,,
__export__.l10n_br_fiscal_ncm_13233_52c5b331,2804.10.00,,
__export__.l10n_br_fiscal_ncm_13234_7fb54e73,2804.21.00,,
__export__.l10n_br_fiscal_ncm_13235_4eded50c,2804.29.10,,
__export__.l10n_br_fiscal_ncm_13236_acd99708,2804.29.90,,
__export__.l10n_br_fiscal_ncm_13237_c5b3f5ab,2804.30.00,,
__export__.l10n_br_fiscal_ncm_13238_dfed735f,2804.40.00,,
__export__.l10n_br_fiscal_ncm_13239_19b55937,2804.50.00,,
__export__.l10n_br_fiscal_ncm_13240_17aca3d4,2804.61.00,,
__export__.l10n_br_fiscal_ncm_13241_ae42ae93,2804.69.00,,
__export__.l10n_br_fiscal_ncm_13242_f2b3702f,2804.70.10,,
__export__.l10n_br_fiscal_ncm_13243_006d9aab,2804.70.20,,
__export__.l10n_br_fiscal_ncm_13244_97999933,2804.70.30,,
__export__.l10n_br_fiscal_ncm_13245_5091be87,2804.80.00,,
__export__.l10n_br_fiscal_ncm_13246_7f96fec9,2804.90.00,,
__export__.l10n_br_fiscal_ncm_13247_6ec510ce,2805.11.00,,
__export__.l10n_br_fiscal_ncm_13248_7da0af6f,2805.12.00,,
__export__.l10n_br_fiscal_ncm_13249_19b13633,2805.19.10,,
__export__.l10n_br_fiscal_ncm_13250_49c00e10,2805.19.20,,
__export__.l10n_br_fiscal_ncm_13251_7f3de36e,2805.19.90,,
__export__.l10n_br_fiscal_ncm_13252_aa9c7388,2805.30.10,,
__export__.l10n_br_fiscal_ncm_13253_8e409f89,2805.30.90,,
__export__.l10n_br_fiscal_ncm_13254_fea36ec2,2805.40.00,,
__export__.l10n_br_fiscal_ncm_13255_ebf12a3b,2806.10.10,,
__export__.l10n_br_fiscal_ncm_13256_ce619366,2806.10.20,,l10n_br_fiscal.tax_classification_200038
__export__.l10n_br_fiscal_ncm_13257_1a1211e1,2806.20.00,,
__export__.l10n_br_fiscal_ncm_13258_d47e9d71,2807.00.10,,l10n_br_fiscal.tax_classification_200038
__export__.l10n_br_fiscal_ncm_13259_c6b12740,2807.00.20,,
__export__.l10n_br_fiscal_ncm_13260_8dba1641,2808.00.10,,l10n_br_fiscal.tax_classification_200038
__export__.l10n_br_fiscal_ncm_13261_043909ed,2808.00.20,,
__export__.l10n_br_fiscal_ncm_13262_0ed1c2e2,2809.10.00,,
__export__.l10n_br_fiscal_ncm_13263_140d589e,2809.20.11,,l10n_br_fiscal.tax_classification_200038
__export__.l10n_br_fiscal_ncm_13264_8a3a627d,2809.20.19,,l10n_br_fiscal.tax_classification_200038
__export__.l10n_br_fiscal_ncm_13265_86b680af,2809.20.20,,
__export__.l10n_br_fiscal_ncm_13266_b5e32de2,2809.20.30,,
__export__.l10n_br_fiscal_ncm_13267_ca5943df,2809.20.90,,
__export__.l10n_br_fiscal_ncm_13268_6578aae6,2810.00.10,,
__export__.l10n_br_fiscal_ncm_13269_23469547,2810.00.90,,
__export__.l10n_br_fiscal_ncm_13270_d29182b0,2811.11.00,,
__export__.l10n_br_fiscal_ncm_13271_78643345,2811.12.00,,
__export__.l10n_br_fiscal_ncm_13272_6897fe8c,2811.19.10,,
__export__.l10n_br_fiscal_ncm_13273_aea1e45d,2811.19.20,,l10n_br_fiscal.tax_classification_200038
__export__.l10n_br_fiscal_ncm_13274_db601cd7,2811.19.30,,
__export__.l10n_br_fiscal_ncm_13275_c48ca26b,2811.19.40,,
__export__.l10n_br_fiscal_ncm_13276_113bcd8d,2811.19.90,,l10n_br_fiscal.tax_classification_200033
__export__.l10n_br_fiscal_ncm_13277_6023248a,2811.21.00,,
__export__.l10n_br_fiscal_ncm_13278_66a2e32b,2811.22.10,,
__export__.l10n_br_fiscal_ncm_13279_aec02f0a,2811.22.20,,
__export__.l10n_br_fiscal_ncm_13280_fa4dac84,2811.22.30,,
__export__.l10n_br_fiscal_ncm_13281_cb034de5,2811.22.90,,
__export__.l10n_br_fiscal_ncm_13282_8bb22903,2811.29.10,,
__export__.l10n_br_fiscal_ncm_13283_8857140d,2811.29.90,,
__export__.l10n_br_fiscal_ncm_13284_cada817d,2812.11.00,,
__export__.l10n_br_fiscal_ncm_13285_fc7e3a5b,2812.12.00,,
__export__.l10n_br_fiscal_ncm_13286_194009b9,2812.13.00,,
__export__.l10n_br_fiscal_ncm_13287_5e617858,2812.14.00,,
__export__.l10n_br_fiscal_ncm_13288_8f04b7ef,2812.15.00,,
__export__.l10n_br_fiscal_ncm_13289_110fd8c5,2812.16.00,,
__export__.l10n_br_fiscal_ncm_13290_e360cb75,2812.17.00,,
__export__.l10n_br_fiscal_ncm_13291_9ea3c65a,2812.19.11,,
__export__.l10n_br_fiscal_ncm_13292_c5c5c810,2812.19.19,,
__export__.l10n_br_fiscal_ncm_13293_28be9475,2812.19.20,,
__export__.l10n_br_fiscal_ncm_13294_f8341254,2812.90.00,,
__export__.l10n_br_fiscal_ncm_13295_2771ab70,2813.10.00,,
__export__.l10n_br_fiscal_ncm_13296_f4e7844d,2813.90.10,,
__export__.l10n_br_fiscal_ncm_13297_1cba8c4f,2813.90.90,,
__export__.l10n_br_fiscal_ncm_13298_63304acf,2814.10.00,,
__export__.l10n_br_fiscal_ncm_13299_2c1fdd5c,2814.20.00,,
__export__.l10n_br_fiscal_ncm_13300_efac13ee,2815.11.00,,
__export__.l10n_br_fiscal_ncm_13301_af939e23,2815.12.00,,
__export__.l10n_br_fiscal_ncm_13302_7cbe2cc6,2815.20.00,,
__export__.l10n_br_fiscal_ncm_13303_01885e9e,2815.30.00,,
__export__.l10n_br_fiscal_ncm_13304_84c1342b,2816.10.10,,
__export__.l10n_br_fiscal_ncm_13305_a14e3543,2816.10.20,,
__export__.l10n_br_fiscal_ncm_13306_75e6475f,2816.40.10,,
__export__.l10n_br_fiscal_ncm_13307_6d05decf,2816.40.90,,
__export__.l10n_br_fiscal_ncm_13308_2284bb1a,2817.00.10,,
__export__.l10n_br_fiscal_ncm_13309_f3c2773e,2817.00.20,,
__export__.l10n_br_fiscal_ncm_13310_b04ccc8e,2818.10.10,,
__export__.l10n_br_fiscal_ncm_13311_491192f6,2818.10.90,,
__export__.l10n_br_fiscal_ncm_13312_2786890c,2818.20.10,,
__export__.l10n_br_fiscal_ncm_13313_6598057e,2818.20.90,,
__export__.l10n_br_fiscal_ncm_13314_51b4b6ff,2818.30.00,,
__export__.l10n_br_fiscal_ncm_13315_33229b71,2819.10.00,,
__export__.l10n_br_fiscal_ncm_13316_0186ac5b,2819.90.10,,
__export__.l10n_br_fiscal_ncm_13317_0d001f4d,2819.90.20,,
__export__.l10n_br_fiscal_ncm_13318_ea7bdf82,2820.10.00,,
__export__.l10n_br_fiscal_ncm_13319_739efbb2,2820.90.10,,
__export__.l10n_br_fiscal_ncm_13320_dcf4d285,2820.90.20,,
__export__.l10n_br_fiscal_ncm_13321_4cfd899d,2820.90.30,,
__export__.l10n_br_fiscal_ncm_13322_f2b6c4f2,2820.90.40,,
__export__.l10n_br_fiscal_ncm_13323_540ff050,2821.10.11,,
__export__.l10n_br_fiscal_ncm_13324_089c8712,2821.10.19,,
__export__.l10n_br_fiscal_ncm_13325_a3e85541,2821.10.20,,
__export__.l10n_br_fiscal_ncm_13326_326ca40a,2821.10.30,,
__export__.l10n_br_fiscal_ncm_13327_ea1df13b,2821.10.90,,
__export__.l10n_br_fiscal_ncm_13328_1d385b7b,2821.20.00,,
__export__.l10n_br_fiscal_ncm_13329_fcc95baf,2822.00.10,,
__export__.l10n_br_fiscal_ncm_13330_043875c4,2822.00.90,,
__export__.l10n_br_fiscal_ncm_13331_1a131c1e,2823.00.10,,
__export__.l10n_br_fiscal_ncm_13332_17b467e7,2823.00.90,,
__export__.l10n_br_fiscal_ncm_13333_96f10cb7,2824.10.00,,
__export__.l10n_br_fiscal_ncm_13334_279ccd2d,2824.90.10,,
__export__.l10n_br_fiscal_ncm_13335_73ffa4b1,2824.90.90,,
__export__.l10n_br_fiscal_ncm_13336_990b95f5,2825.10.10,,
__export__.l10n_br_fiscal_ncm_13337_1ec069c8,2825.10.20,,
__export__.l10n_br_fiscal_ncm_13338_6313da9b,2825.20.10,,
__export__.l10n_br_fiscal_ncm_13339_0d010431,2825.20.20,,
__export__.l10n_br_fiscal_ncm_13340_3d685699,2825.30.10,,
__export__.l10n_br_fiscal_ncm_13341_115559ac,2825.30.90,,
__export__.l10n_br_fiscal_ncm_13342_34785372,2825.40.10,,
__export__.l10n_br_fiscal_ncm_13343_2a7f7d2b,2825.40.90,,
__export__.l10n_br_fiscal_ncm_13344_3e503709,2825.50.10,,
__export__.l10n_br_fiscal_ncm_13345_2d8b1281,2825.50.90,,
__export__.l10n_br_fiscal_ncm_13346_59c5e717,2825.60.10,,
__export__.l10n_br_fiscal_ncm_13347_bb64c00a,2825.60.20,,
__export__.l10n_br_fiscal_ncm_13348_926b4498,2825.70.10,,
__export__.l10n_br_fiscal_ncm_13349_110e5c3c,2825.70.90,,
__export__.l10n_br_fiscal_ncm_13350_4057a58d,2825.80.10,,
__export__.l10n_br_fiscal_ncm_13351_d46965c4,2825.80.90,,
__export__.l10n_br_fiscal_ncm_13352_1048b9aa,2825.90.10,,
__export__.l10n_br_fiscal_ncm_13353_c1eea328,2825.90.20,,
__export__.l10n_br_fiscal_ncm_13354_7b768f9c,2825.90.90,,
__export__.l10n_br_fiscal_ncm_13355_cea3e38f,2826.12.00,,
__export__.l10n_br_fiscal_ncm_13356_1139fe79,2826.19.10,,
__export__.l10n_br_fiscal_ncm_13357_50c1bfc1,2826.19.20,,
__export__.l10n_br_fiscal_ncm_13358_a891645c,2826.19.90,,
__export__.l10n_br_fiscal_ncm_13359_ac311313,2826.30.00,,
__export__.l10n_br_fiscal_ncm_13360_05edf5f5,2826.90.10,,
__export__.l10n_br_fiscal_ncm_13361_b8150efc,2826.90.20,,
__export__.l10n_br_fiscal_ncm_13362_95c80b72,2826.90.90,,
__export__.l10n_br_fiscal_ncm_13363_2cabf9e4,2827.10.00,,
__export__.l10n_br_fiscal_ncm_13364_8af1dcd0,2827.20.10,,l10n_br_fiscal.tax_classification_200033
__export__.l10n_br_fiscal_ncm_13365_d97f805c,2827.20.90,,l10n_br_fiscal.tax_classification_200033
__export__.l10n_br_fiscal_ncm_13366_1620469f,2827.31.10,,l10n_br_fiscal.tax_classification_200033
__export__.l10n_br_fiscal_ncm_13367_99309cba,2827.31.90,,l10n_br_fiscal.tax_classification_200033
__export__.l10n_br_fiscal_ncm_13368_35f6db7a,2827.32.00,,
__export__.l10n_br_fiscal_ncm_13369_0ba513e8,2827.35.00,,
__export__.l10n_br_fiscal_ncm_13370_fdcf9d3b,2827.39.10,,
__export__.l10n_br_fiscal_ncm_13371_a4858cf5,2827.39.20,,
__export__.l10n_br_fiscal_ncm_13372_572f3c45,2827.39.40,,
__export__.l10n_br_fiscal_ncm_13373_81aab701,2827.39.50,,
__export__.l10n_br_fiscal_ncm_13374_aedad3ed,2827.39.60,,
__export__.l10n_br_fiscal_ncm_13375_ac2b371f,2827.39.70,,
__export__.l10n_br_fiscal_ncm_13376_ff72a66c,2827.39.91,,
__export__.l10n_br_fiscal_ncm_13377_cbdc8f8f,2827.39.92,,
__export__.l10n_br_fiscal_ncm_13378_3d8ae3bb,2827.39.93,,l10n_br_fiscal.tax_classification_200033
__export__.l10n_br_fiscal_ncm_13379_c0d3b952,2827.39.94,,
__export__.l10n_br_fiscal_ncm_13380_674b44d0,2827.39.95,,l10n_br_fiscal.tax_classification_200033
__export__.l10n_br_fiscal_ncm_13381_34c5d19b,2827.39.96,,
__export__.l10n_br_fiscal_ncm_13382_92d53f70,2827.39.97,,
__export__.l10n_br_fiscal_ncm_13383_7c3b9e23,2827.39.98,,l10n_br_fiscal.tax_classification_200033
__export__.l10n_br_fiscal_ncm_13384_45890c63,2827.39.99,,
__export__.l10n_br_fiscal_ncm_13385_e8f7a958,2827.41.10,,
__export__.l10n_br_fiscal_ncm_13386_b7df1231,2827.41.20,,
__export__.l10n_br_fiscal_ncm_13387_eff071fe,2827.49.11,,
__export__.l10n_br_fiscal_ncm_13388_04813482,2827.49.12,,
__export__.l10n_br_fiscal_ncm_13389_b365e80b,2827.49.19,,
__export__.l10n_br_fiscal_ncm_13390_304558ba,2827.49.21,,
__export__.l10n_br_fiscal_ncm_13391_01bf5ab2,2827.49.29,,
__export__.l10n_br_fiscal_ncm_13392_6b89fbfc,2827.51.00,,
__export__.l10n_br_fiscal_ncm_13393_d2d1fd0a,2827.59.00,,
__export__.l10n_br_fiscal_ncm_13394_ba899a1b,2827.60.11,,
__export__.l10n_br_fiscal_ncm_13395_e2c0163c,2827.60.12,,l10n_br_fiscal.tax_classification_200033
__export__.l10n_br_fiscal_ncm_13396_cd1074bb,2827.60.19,,
__export__.l10n_br_fiscal_ncm_13397_66da2355,2827.60.21,,
__export__.l10n_br_fiscal_ncm_13398_54db2286,2827.60.29,,
__export__.l10n_br_fiscal_ncm_13399_7e476024,2828.10.00,,
__export__.l10n_br_fiscal_ncm_13400_82bbda11,2828.90.11,,
__export__.l10n_br_fiscal_ncm_13401_69c9877f,2828.90.19,,
__export__.l10n_br_fiscal_ncm_13402_04f97953,2828.90.20,,
__export__.l10n_br_fiscal_ncm_13403_a54388d4,2828.90.90,,
__export__.l10n_br_fiscal_ncm_13404_38a26b3c,2829.11.00,,
__export__.l10n_br_fiscal_ncm_13405_64854180,2829.19.10,,
__export__.l10n_br_fiscal_ncm_13406_157d2810,2829.19.20,,
__export__.l10n_br_fiscal_ncm_13407_6ceabe58,2829.19.90,,
__export__.l10n_br_fiscal_ncm_13408_5136a3e1,2829.90.11,,
__export__.l10n_br_fiscal_ncm_13409_2fb77cf4,2829.90.12,,
__export__.l10n_br_fiscal_ncm_13410_98a53a56,2829.90.19,,
__export__.l10n_br_fiscal_ncm_13411_e0705c0d,2829.90.21,,
__export__.l10n_br_fiscal_ncm_13412_d40f73d7,2829.90.22,,
__export__.l10n_br_fiscal_ncm_13413_3e073bcb,2829.90.29,,
__export__.l10n_br_fiscal_ncm_13414_d6a2cf60,2829.90.31,,
__export__.l10n_br_fiscal_ncm_13415_4a37f317,2829.90.32,,
__export__.l10n_br_fiscal_ncm_13416_3d819793,2829.90.39,,
__export__.l10n_br_fiscal_ncm_13417_71439697,2829.90.40,,
__export__.l10n_br_fiscal_ncm_13418_04f87e16,2829.90.50,,
__export__.l10n_br_fiscal_ncm_13419_7c9bb139,2830.10.10,,
__export__.l10n_br_fiscal_ncm_13420_7b227113,2830.10.20,,
__export__.l10n_br_fiscal_ncm_13421_8bc48fbc,2830.90.11,,
__export__.l10n_br_fiscal_ncm_13422_7728c330,2830.90.12,,
__export__.l10n_br_fiscal_ncm_13423_92231961,2830.90.13,,
__export__.l10n_br_fiscal_ncm_13424_e782dcd5,2830.90.14,,
__export__.l10n_br_fiscal_ncm_13425_1a7068e8,2830.90.15,,
__export__.l10n_br_fiscal_ncm_13426_8c64ac4a,2830.90.16,,
__export__.l10n_br_fiscal_ncm_13427_9f909d05,2830.90.19,,
__export__.l10n_br_fiscal_ncm_13428_e4c834cb,2830.90.20,,
__export__.l10n_br_fiscal_ncm_13429_525c46ca,2831.10.11,,
__export__.l10n_br_fiscal_ncm_13430_34a49997,2831.10.19,,
__export__.l10n_br_fiscal_ncm_13431_c90c3416,2831.10.21,,
__export__.l10n_br_fiscal_ncm_13432_0058b3a4,2831.10.29,,
__export__.l10n_br_fiscal_ncm_13433_55ad6bc8,2831.90.10,,
__export__.l10n_br_fiscal_ncm_13434_a1120255,2831.90.90,,
__export__.l10n_br_fiscal_ncm_13435_e3610dc2,2832.10.10,,
__export__.l10n_br_fiscal_ncm_13436_1323a41b,2832.10.90,,
__export__.l10n_br_fiscal_ncm_13437_25938326,2832.20.00,,
__export__.l10n_br_fiscal_ncm_13438_13f39172,2832.30.10,,
__export__.l10n_br_fiscal_ncm_13439_b9fafa6f,2832.30.20,,
__export__.l10n_br_fiscal_ncm_13440_d0071f85,2832.30.90,,
__export__.l10n_br_fiscal_ncm_13441_b3cedb7b,2833.11.10,,
__export__.l10n_br_fiscal_ncm_13442_407910b6,2833.11.90,,
__export__.l10n_br_fiscal_ncm_13443_b98eae38,2833.19.00,,
__export__.l10n_br_fiscal_ncm_13444_487196ac,2833.21.00,,
__export__.l10n_br_fiscal_ncm_13445_ad425422,2833.22.00,,
__export__.l10n_br_fiscal_ncm_13446_f2dd81db,2833.24.00,,
__export__.l10n_br_fiscal_ncm_13447_69b51cd4,2833.25.10,,
__export__.l10n_br_fiscal_ncm_13448_d521189d,2833.25.20,,
__export__.l10n_br_fiscal_ncm_13449_4bfd88aa,2833.27.10,,
__export__.l10n_br_fiscal_ncm_13450_03c04eb2,2833.27.90,,
__export__.l10n_br_fiscal_ncm_13451_3cac30c9,2833.29.10,,
__export__.l10n_br_fiscal_ncm_13452_7b42f119,2833.29.20,,
__export__.l10n_br_fiscal_ncm_13453_36c46668,2833.29.30,,
__export__.l10n_br_fiscal_ncm_13454_cc2ca259,2833.29.40,,
__export__.l10n_br_fiscal_ncm_13455_22e0ac2f,2833.29.50,,
__export__.l10n_br_fiscal_ncm_13456_1ca9f049,2833.29.60,,
__export__.l10n_br_fiscal_ncm_13457_04daa9fe,2833.29.70,,
__export__.l10n_br_fiscal_ncm_13458_a0251d83,2833.29.90,,
__export__.l10n_br_fiscal_ncm_13459_331fd0ff,2833.30.00,,
__export__.l10n_br_fiscal_ncm_13460_bb134cd6,2833.40.10,,
__export__.l10n_br_fiscal_ncm_13461_61963a8e,2833.40.20,,
__export__.l10n_br_fiscal_ncm_13462_801affab,2833.40.90,,
__export__.l10n_br_fiscal_ncm_13463_dde19b5d,2834.10.10,,
__export__.l10n_br_fiscal_ncm_13464_ba5700b0,2834.10.90,,
__export__.l10n_br_fiscal_ncm_13465_f1333ebf,2834.21.10,,
__export__.l10n_br_fiscal_ncm_13466_d86a1688,2834.21.90,,
__export__.l10n_br_fiscal_ncm_13467_346221c6,2834.29.10,,
__export__.l10n_br_fiscal_ncm_13468_275d7503,2834.29.30,,
__export__.l10n_br_fiscal_ncm_13469_bb5cac18,2834.29.40,,
__export__.l10n_br_fiscal_ncm_13470_43fdb60f,2834.29.90,,
__export__.l10n_br_fiscal_ncm_13471_4a8d3960,2835.10.11,,
__export__.l10n_br_fiscal_ncm_13472_55bb1d06,2835.10.19,,
__export__.l10n_br_fiscal_ncm_13473_dbde267d,2835.10.21,,
__export__.l10n_br_fiscal_ncm_13474_4f2a4848,2835.10.29,,
__export__.l10n_br_fiscal_ncm_13475_c61694c8,2835.22.00,,l10n_br_fiscal.tax_classification_200033
__export__.l10n_br_fiscal_ncm_13476_03f529cb,2835.24.00,,l10n_br_fiscal.tax_classification_200033
__export__.l10n_br_fiscal_ncm_13477_8aad258b,2835.25.00,,
__export__.l10n_br_fiscal_ncm_13478_91b70afe,2835.26.00,,
__export__.l10n_br_fiscal_ncm_13479_1e969de5,2835.29.10,,
__export__.l10n_br_fiscal_ncm_13480_e213fe0e,2835.29.20,,
__export__.l10n_br_fiscal_ncm_13481_5def886f,2835.29.30,,
__export__.l10n_br_fiscal_ncm_13482_d5883109,2835.29.40,,
__export__.l10n_br_fiscal_ncm_13483_33d9810c,2835.29.50,,
__export__.l10n_br_fiscal_ncm_13484_1080142c,2835.29.60,,
__export__.l10n_br_fiscal_ncm_13485_7a10d2b1,2835.29.70,,
__export__.l10n_br_fiscal_ncm_13486_f3d3466c,2835.29.80,,
__export__.l10n_br_fiscal_ncm_13487_08f4ec92,2835.29.90,,
__export__.l10n_br_fiscal_ncm_13488_7a6b8928,2835.31.10,,
__export__.l10n_br_fiscal_ncm_13489_e4cd3704,2835.31.90,,
__export__.l10n_br_fiscal_ncm_13490_dc9173d5,2835.39.10,,
__export__.l10n_br_fiscal_ncm_13491_cc2390e0,2835.39.20,,
__export__.l10n_br_fiscal_ncm_13492_3d8ca837,2835.39.30,,
__export__.l10n_br_fiscal_ncm_13493_bd396f4a,2835.39.90,,
__export__.l10n_br_fiscal_ncm_13494_0d75e0e0,2836.20.10,,
__export__.l10n_br_fiscal_ncm_13495_54705e51,2836.20.90,,
__export__.l10n_br_fiscal_ncm_13496_546705c3,2836.30.00,,
__export__.l10n_br_fiscal_ncm_13497_5b91e006,2836.40.00,,
__export__.l10n_br_fiscal_ncm_13498_490f4589,2836.50.00,,
__export__.l10n_br_fiscal_ncm_13499_0e250b3f,2836.60.10,,
__export__.l10n_br_fiscal_ncm_13500_c24b8523,2836.60.90,,
__export__.l10n_br_fiscal_ncm_13501_8df841e9,2836.91.00,,
__export__.l10n_br_fiscal_ncm_13502_2900744c,2836.92.00,,
__export__.l10n_br_fiscal_ncm_13503_d95c4c81,2836.99.11,,
__export__.l10n_br_fiscal_ncm_13504_289635bf,2836.99.12,,
__export__.l10n_br_fiscal_ncm_13505_9c3cf74d,2836.99.13,,
__export__.l10n_br_fiscal_ncm_13506_e92e2eb5,2836.99.19,,
__export__.l10n_br_fiscal_ncm_13507_c4d42bda,2836.99.20,,
__export__.l10n_br_fiscal_ncm_13508_9ac565d5,2837.11.00,,
__export__.l10n_br_fiscal_ncm_13509_96c1fea0,2837.19.11,,
__export__.l10n_br_fiscal_ncm_13510_a3cdcb4b,2837.19.12,,
__export__.l10n_br_fiscal_ncm_13511_d9c61263,2837.19.14,,
__export__.l10n_br_fiscal_ncm_13512_28cbbe72,2837.19.15,,
__export__.l10n_br_fiscal_ncm_13513_9da73a10,2837.19.19,,
__export__.l10n_br_fiscal_ncm_13514_bbcbaec6,2837.19.20,,
__export__.l10n_br_fiscal_ncm_13515_0c0634f8,2837.20.11,,
__export__.l10n_br_fiscal_ncm_13516_b93ec338,2837.20.12,,
__export__.l10n_br_fiscal_ncm_13517_5a27c71b,2837.20.19,,
__export__.l10n_br_fiscal_ncm_13518_1db9dad8,2837.20.21,,
__export__.l10n_br_fiscal_ncm_13519_3542fef1,2837.20.22,,
__export__.l10n_br_fiscal_ncm_13520_3f5f9c02,2837.20.23,,
__export__.l10n_br_fiscal_ncm_13521_2a7ca57b,2837.20.29,,
__export__.l10n_br_fiscal_ncm_13522_4070e02a,2837.20.90,,
__export__.l10n_br_fiscal_ncm_13523_361dde43,2839.11.00,,
__export__.l10n_br_fiscal_ncm_13524_7955af6e,2839.19.00,,
__export__.l10n_br_fiscal_ncm_13525_73d0204f,2839.90.10,,l10n_br_fiscal.tax_classification_200038
__export__.l10n_br_fiscal_ncm_13526_511d2ebf,2839.90.20,,
__export__.l10n_br_fiscal_ncm_13527_1757589f,2839.90.30,,
__export__.l10n_br_fiscal_ncm_13528_9758bfe2,2839.90.40,,
__export__.l10n_br_fiscal_ncm_13529_586db437,2839.90.50,,l10n_br_fiscal.tax_classification_200038
__export__.l10n_br_fiscal_ncm_13530_d43bcfac,2839.90.90,,
__export__.l10n_br_fiscal_ncm_13531_054cf8e5,2840.11.00,,
__export__.l10n_br_fiscal_ncm_13532_b15143e5,2840.19.00,,
__export__.l10n_br_fiscal_ncm_13533_4910abb5,2840.20.00,,
__export__.l10n_br_fiscal_ncm_13534_aa2ce523,2840.30.00,,
__export__.l10n_br_fiscal_ncm_13535_2ddf26bf,2841.30.00,,
__export__.l10n_br_fiscal_ncm_13536_028f863a,2841.50.11,,
__export__.l10n_br_fiscal_ncm_13537_a05c289f,2841.50.12,,
__export__.l10n_br_fiscal_ncm_13538_83808b67,2841.50.13,,
__export__.l10n_br_fiscal_ncm_13539_2101ab75,2841.50.14,,
__export__.l10n_br_fiscal_ncm_13540_5da465b0,2841.50.15,,
__export__.l10n_br_fiscal_ncm_13541_013a9f12,2841.50.16,,
__export__.l10n_br_fiscal_ncm_13542_e74ab3f4,2841.50.19,,
__export__.l10n_br_fiscal_ncm_13543_c968013e,2841.50.20,,
__export__.l10n_br_fiscal_ncm_13544_287a2240,2841.61.00,,
__export__.l10n_br_fiscal_ncm_13545_236e0427,2841.69.10,,
__export__.l10n_br_fiscal_ncm_13546_ef511b1b,2841.69.20,,
__export__.l10n_br_fiscal_ncm_13547_f811af83,2841.69.30,,
__export__.l10n_br_fiscal_ncm_13548_c1906001,2841.70.10,,
__export__.l10n_br_fiscal_ncm_13549_7b22fde8,2841.70.20,,
__export__.l10n_br_fiscal_ncm_13550_25bc688a,2841.70.90,,
__export__.l10n_br_fiscal_ncm_13551_b18324f4,2841.80.10,,
__export__.l10n_br_fiscal_ncm_13552_45744b66,2841.80.20,,
__export__.l10n_br_fiscal_ncm_13553_a697adb9,2841.80.90,,
__export__.l10n_br_fiscal_ncm_13554_02be766f,2841.90.11,,
__export__.l10n_br_fiscal_ncm_13555_408bc716,2841.90.12,,
__export__.l10n_br_fiscal_ncm_13556_c441dc41,2841.90.13,,
__export__.l10n_br_fiscal_ncm_13557_fff32784,2841.90.14,,
__export__.l10n_br_fiscal_ncm_13558_96551727,2841.90.15,,
__export__.l10n_br_fiscal_ncm_13559_f96bbd87,2841.90.19,,
__export__.l10n_br_fiscal_ncm_13560_03177d36,2841.90.21,,
__export__.l10n_br_fiscal_ncm_13561_9e54f454,2841.90.22,,
__export__.l10n_br_fiscal_ncm_13562_d9c59857,2841.90.29,,
__export__.l10n_br_fiscal_ncm_13563_3793a3be,2841.90.30,,
__export__.l10n_br_fiscal_ncm_13564_fa1bfecd,2841.90.41,,
__export__.l10n_br_fiscal_ncm_13565_c272438e,2841.90.42,,
__export__.l10n_br_fiscal_ncm_13566_83ee5a44,2841.90.43,,
__export__.l10n_br_fiscal_ncm_13567_cdb5bb29,2841.90.49,,
__export__.l10n_br_fiscal_ncm_13568_2e7c7ab8,2841.90.50,,
__export__.l10n_br_fiscal_ncm_13569_f98947a8,2841.90.60,,
__export__.l10n_br_fiscal_ncm_13570_3d907a8a,2841.90.70,,
__export__.l10n_br_fiscal_ncm_13571_e075a8e8,2841.90.81,,
__export__.l10n_br_fiscal_ncm_13572_fd88addd,2841.90.82,,
__export__.l10n_br_fiscal_ncm_13573_0c3b3007,2841.90.83,,
__export__.l10n_br_fiscal_ncm_13574_26c2a034,2841.90.89,,
__export__.l10n_br_fiscal_ncm_13575_94e1ce10,2841.90.90,,
__export__.l10n_br_fiscal_ncm_13576_2bafa29f,2842.10.10,,
__export__.l10n_br_fiscal_ncm_13577_27e57c9b,2842.10.90,,
__export__.l10n_br_fiscal_ncm_13578_aa7edbae,2842.90.00,,l10n_br_fiscal.tax_classification_200033
__export__.l10n_br_fiscal_ncm_13579_2ff4184b,2843.10.00,,
__export__.l10n_br_fiscal_ncm_13580_9e237325,2843.21.00,,
__export__.l10n_br_fiscal_ncm_13581_866ecefe,2843.29.10,,
__export__.l10n_br_fiscal_ncm_13582_ee3f6ff3,2843.29.90,,
__export__.l10n_br_fiscal_ncm_13583_d04f541e,2843.30.10,,
__export__.l10n_br_fiscal_ncm_13584_25f0b81f,2843.30.90,,
__export__.l10n_br_fiscal_ncm_13585_fd4559a2,2843.90.11,,
__export__.l10n_br_fiscal_ncm_13586_f371db8a,2843.90.19,,
__export__.l10n_br_fiscal_ncm_13587_396c7172,2843.90.20,,
__export__.l10n_br_fiscal_ncm_13588_d992ae82,2843.90.30,,
__export__.l10n_br_fiscal_ncm_13589_1a1a6719,2843.90.90,,
__export__.l10n_br_fiscal_ncm_13590_b342dc3b,2844.10.00,,
__export__.l10n_br_fiscal_ncm_13591_93dd9ca6,2844.20.00,,
__export__.l10n_br_fiscal_ncm_13592_c057610b,2844.30.00,,
__export__.l10n_br_fiscal_ncm_13593_a97594cb,2844.41.00,,
__export__.l10n_br_fiscal_ncm_13594_daf121fe,2844.42.00,,
__export__.l10n_br_fiscal_ncm_13595_723bf93a,2844.43.10,,
__export__.l10n_br_fiscal_ncm_13596_ad694981,2844.43.20,,
__export__.l10n_br_fiscal_ncm_13597_e2b5f3af,2844.43.30,,
__export__.l10n_br_fiscal_ncm_13598_85fe68e2,2844.43.90,,l10n_br_fiscal.tax_classification_200030
__export__.l10n_br_fiscal_ncm_13599_0e31defa,2844.44.00,,
__export__.l10n_br_fiscal_ncm_13600_5ac53fdd,2844.50.00,,
__export__.l10n_br_fiscal_ncm_13601_819e8287,2845.10.00,,
__export__.l10n_br_fiscal_ncm_13602_a8967e03,2845.20.00,,
__export__.l10n_br_fiscal_ncm_13603_33bf3158,2845.30.00,,
__export__.l10n_br_fiscal_ncm_13604_bae0ab41,2845.40.00,,
__export__.l10n_br_fiscal_ncm_13605_be448197,2845.90.00,,
__export__.l10n_br_fiscal_ncm_13606_b86dc975,2846.10.10,,
__export__.l10n_br_fiscal_ncm_13607_bdf9eed3,2846.10.90,,
__export__.l10n_br_fiscal_ncm_13608_4ff9f2ec,2846.90.10,,
__export__.l10n_br_fiscal_ncm_13609_31f6813b,2846.90.20,,
__export__.l10n_br_fiscal_ncm_13610_d33ae60e,2846.90.30,,
__export__.l10n_br_fiscal_ncm_13611_bb25dad3,2846.90.90,,
__export__.l10n_br_fiscal_ncm_13612_d1da6b6c,2847.00.00,,
__export__.l10n_br_fiscal_ncm_13613_8dd2075c,2849.10.00,,
__export__.l10n_br_fiscal_ncm_13614_87ded816,2849.20.00,,
__export__.l10n_br_fiscal_ncm_13615_80e6e32c,2849.90.10,,
__export__.l10n_br_fiscal_ncm_13616_e2e2dbc3,2849.90.20,,
__export__.l10n_br_fiscal_ncm_13617_fa7a7659,2849.90.30,,
__export__.l10n_br_fiscal_ncm_13618_b6af2725,2849.90.90,,
__export__.l10n_br_fiscal_ncm_13619_b93c69c3,2850.00.10,,
__export__.l10n_br_fiscal_ncm_13620_c28ddfc8,2850.00.20,,
__export__.l10n_br_fiscal_ncm_13621_dfb47d58,2850.00.90,,
__export__.l10n_br_fiscal_ncm_13622_280b1ed7,2852.10.11,,
__export__.l10n_br_fiscal_ncm_13623_366b7c30,2852.10.12,,
__export__.l10n_br_fiscal_ncm_13624_7833d722,2852.10.13,,
__export__.l10n_br_fiscal_ncm_13625_9053ef1f,2852.10.14,,
__export__.l10n_br_fiscal_ncm_13626_00f33f2a,2852.10.19,,
__export__.l10n_br_fiscal_ncm_13627_7d4ce1d1,2852.10.21,,
__export__.l10n_br_fiscal_ncm_13628_5a837141,2852.10.22,,
__export__.l10n_br_fiscal_ncm_13629_d3f7be35,2852.10.23,,
__export__.l10n_br_fiscal_ncm_13630_2e25a04c,2852.10.24,,
__export__.l10n_br_fiscal_ncm_13631_c0a906a1,2852.10.25,,
__export__.l10n_br_fiscal_ncm_13632_1a7f70da,2852.10.29,,
__export__.l10n_br_fiscal_ncm_13633_7cc6b262,2852.90.00,,
__export__.l10n_br_fiscal_ncm_13634_6462545b,2853.10.00,,
__export__.l10n_br_fiscal_ncm_13635_26033839,2853.90.11,,
__export__.l10n_br_fiscal_ncm_13636_6345ebae,2853.90.12,,
__export__.l10n_br_fiscal_ncm_13637_04a7ce70,2853.90.13,,
__export__.l10n_br_fiscal_ncm_13638_df7f9208,2853.90.19,,
__export__.l10n_br_fiscal_ncm_13639_9e03863c,2853.90.20,,
__export__.l10n_br_fiscal_ncm_13640_c1b5cc6c,2853.90.30,,
__export__.l10n_br_fiscal_ncm_13641_87871d65,2853.90.90,,
__export__.l10n_br_fiscal_ncm_13642_12ef0317,2853.90.90,1,
__export__.l10n_br_fiscal_ncm_13643_6a0afa58,2901.10.00,,
__export__.l10n_br_fiscal_ncm_13644_5da085fd,2901.21.00,,
__export__.l10n_br_fiscal_ncm_13645_69a8d0ed,2901.22.00,,
__export__.l10n_br_fiscal_ncm_13646_4a72f6f1,2901.23.00,,
__export__.l10n_br_fiscal_ncm_13647_2a1398e6,2901.24.10,,
__export__.l10n_br_fiscal_ncm_13648_99bde02b,2901.24.20,,
__export__.l10n_br_fiscal_ncm_13649_1d372d54,2901.29.00,,
__export__.l10n_br_fiscal_ncm_13650_c7ae1ee2,2902.11.00,,
__export__.l10n_br_fiscal_ncm_13651_1c66928f,2902.19.10,,
__export__.l10n_br_fiscal_ncm_13652_48d5a7db,2902.19.90,,
__export__.l10n_br_fiscal_ncm_13653_df1f461b,2902.20.00,,
__export__.l10n_br_fiscal_ncm_13654_91b59792,2902.30.00,,
__export__.l10n_br_fiscal_ncm_13655_d0e9018e,2902.41.00,,
__export__.l10n_br_fiscal_ncm_13656_3d9a8b3e,2902.42.00,,
__export__.l10n_br_fiscal_ncm_13657_1941e0c0,2902.43.00,,
__export__.l10n_br_fiscal_ncm_13658_81fc6744,2902.44.00,,
__export__.l10n_br_fiscal_ncm_13659_4546bfd9,2902.50.00,,
__export__.l10n_br_fiscal_ncm_13660_7486cd8f,2902.60.00,,
__export__.l10n_br_fiscal_ncm_13661_91b56427,2902.70.00,,
__export__.l10n_br_fiscal_ncm_13662_a60f0a6d,2902.90.10,,
__export__.l10n_br_fiscal_ncm_13663_f744167c,2902.90.20,,
__export__.l10n_br_fiscal_ncm_13664_58010dc2,2902.90.30,,
__export__.l10n_br_fiscal_ncm_13665_07d737e6,2902.90.40,,
__export__.l10n_br_fiscal_ncm_13666_893dfede,2902.90.90,,
__export__.l10n_br_fiscal_ncm_13667_2d3b56c3,2903.11.10,,
__export__.l10n_br_fiscal_ncm_13668_f008dc5f,2903.11.20,,
__export__.l10n_br_fiscal_ncm_13669_2e8d68c5,2903.12.00,,
__export__.l10n_br_fiscal_ncm_13670_dae6d0bd,2903.13.00,,
__export__.l10n_br_fiscal_ncm_13671_7c1e5b9b,2903.14.00,,
__export__.l10n_br_fiscal_ncm_13672_450f2228,2903.15.00,,
__export__.l10n_br_fiscal_ncm_13673_d7b3fc2b,2903.19.10,,
__export__.l10n_br_fiscal_ncm_13674_98926b89,2903.19.20,,
__export__.l10n_br_fiscal_ncm_13675_ed8cba3a,2903.19.90,,
__export__.l10n_br_fiscal_ncm_13676_745cf2fb,2903.21.00,,
__export__.l10n_br_fiscal_ncm_13677_941f5b8d,2903.22.00,,
__export__.l10n_br_fiscal_ncm_13678_e3707391,2903.23.00,,
__export__.l10n_br_fiscal_ncm_13679_19f65d79,2903.29.10,,
__export__.l10n_br_fiscal_ncm_13680_3e8547f3,2903.29.90,,
__export__.l10n_br_fiscal_ncm_13681_ff65834e,2903.41.00,,
__export__.l10n_br_fiscal_ncm_13682_2ff808bf,2903.42.00,,
__export__.l10n_br_fiscal_ncm_13683_58df6354,2903.43.00,,
__export__.l10n_br_fiscal_ncm_13684_ce9003e9,2903.44.00,,
__export__.l10n_br_fiscal_ncm_13685_992447de,2903.45.10,,
__export__.l10n_br_fiscal_ncm_13686_b188d327,2903.45.20,,
__export__.l10n_br_fiscal_ncm_13687_914c9aac,2903.46.00,,
__export__.l10n_br_fiscal_ncm_13688_09e79a6c,2903.47.00,,
__export__.l10n_br_fiscal_ncm_13689_12765c2d,2903.48.00,,
__export__.l10n_br_fiscal_ncm_13690_18ccd81f,2903.49.00,,
__export__.l10n_br_fiscal_ncm_13691_2167c999,2903.51.00,,
__export__.l10n_br_fiscal_ncm_13692_de4da079,2903.59.10,,
__export__.l10n_br_fiscal_ncm_13693_edbbe23b,2903.59.90,,
__export__.l10n_br_fiscal_ncm_13694_5ce2dfa7,2903.61.00,,
__export__.l10n_br_fiscal_ncm_13695_1ad948c2,2903.62.00,,
__export__.l10n_br_fiscal_ncm_13696_f0ba5e6a,2903.69.10,,
__export__.l10n_br_fiscal_ncm_13697_66cd25fe,2903.69.20,,
__export__.l10n_br_fiscal_ncm_13698_d10687ec,2903.69.90,,
__export__.l10n_br_fiscal_ncm_13699_a5694e1c,2903.71.00,,
__export__.l10n_br_fiscal_ncm_13700_e7ff3f3f,2903.72.00,,
__export__.l10n_br_fiscal_ncm_13701_63bf26a9,2903.73.00,,
__export__.l10n_br_fiscal_ncm_13702_3e8291d5,2903.74.00,,
__export__.l10n_br_fiscal_ncm_13703_4be67ab3,2903.75.00,,
__export__.l10n_br_fiscal_ncm_13704_3fc503e9,2903.76.00,,
__export__.l10n_br_fiscal_ncm_13705_ba76877b,2903.77.11,,
__export__.l10n_br_fiscal_ncm_13706_43587f32,2903.77.12,,
__export__.l10n_br_fiscal_ncm_13707_c6a30757,2903.77.13,,
__export__.l10n_br_fiscal_ncm_13708_a839edb4,2903.77.21,,
__export__.l10n_br_fiscal_ncm_13709_92b027f1,2903.77.22,,
__export__.l10n_br_fiscal_ncm_13710_ad3419b0,2903.77.23,,
__export__.l10n_br_fiscal_ncm_13711_a1e5e3a4,2903.77.24,,
__export__.l10n_br_fiscal_ncm_13712_ec031cc4,2903.77.31,,
__export__.l10n_br_fiscal_ncm_13713_dcc6949b,2903.77.32,,
__export__.l10n_br_fiscal_ncm_13714_c80f7f66,2903.77.33,,
__export__.l10n_br_fiscal_ncm_13715_aaa8a6a8,2903.77.34,,
__export__.l10n_br_fiscal_ncm_13716_11306826,2903.77.35,,
__export__.l10n_br_fiscal_ncm_13717_bb462f13,2903.77.36,,
__export__.l10n_br_fiscal_ncm_13718_cefe8a43,2903.77.37,,
__export__.l10n_br_fiscal_ncm_13719_d0ec2066,2903.77.90,,
__export__.l10n_br_fiscal_ncm_13720_840cde40,2903.78.00,,
__export__.l10n_br_fiscal_ncm_13721_17c1038b,2903.79.11,,
__export__.l10n_br_fiscal_ncm_13722_124d9a8a,2903.79.12,,
__export__.l10n_br_fiscal_ncm_13723_07541d82,2903.79.19,,
__export__.l10n_br_fiscal_ncm_13724_9bb4df40,2903.79.20,,
__export__.l10n_br_fiscal_ncm_13725_64a4a682,2903.79.31,,
__export__.l10n_br_fiscal_ncm_13726_2d464d5b,2903.79.39,,
__export__.l10n_br_fiscal_ncm_13727_bd64c98c,2903.79.90,,
__export__.l10n_br_fiscal_ncm_13728_669a9aec,2903.81.10,,
__export__.l10n_br_fiscal_ncm_13729_f3259eec,2903.81.20,,
__export__.l10n_br_fiscal_ncm_13730_9c655d8b,2903.81.30,,
__export__.l10n_br_fiscal_ncm_13731_250507c8,2903.81.90,,
__export__.l10n_br_fiscal_ncm_13732_0faac388,2903.82.10,,
__export__.l10n_br_fiscal_ncm_13733_74854e4c,2903.82.20,,
__export__.l10n_br_fiscal_ncm_13734_18f5c8cd,2903.82.30,,
__export__.l10n_br_fiscal_ncm_13735_b0cd13eb,2903.83.00,,
__export__.l10n_br_fiscal_ncm_13736_b9300cfa,2903.89.10,,
__export__.l10n_br_fiscal_ncm_13737_c07ab617,2903.89.90,,
__export__.l10n_br_fiscal_ncm_13738_ae9b3ed9,2903.91.10,,
__export__.l10n_br_fiscal_ncm_13739_fe6db425,2903.91.20,,
__export__.l10n_br_fiscal_ncm_13740_65bd6aad,2903.91.30,,
__export__.l10n_br_fiscal_ncm_13741_5d0f42a1,2903.92.10,,
__export__.l10n_br_fiscal_ncm_13742_93d1632f,2903.92.20,,
__export__.l10n_br_fiscal_ncm_13743_c2e9d516,2903.93.00,,
__export__.l10n_br_fiscal_ncm_13744_975329cf,2903.94.00,,
__export__.l10n_br_fiscal_ncm_13745_46c96119,2903.99.11,,
__export__.l10n_br_fiscal_ncm_13746_e378bf9e,2903.99.12,,
__export__.l10n_br_fiscal_ncm_13747_ddb79bed,2903.99.13,,
__export__.l10n_br_fiscal_ncm_13748_2c513560,2903.99.14,,
__export__.l10n_br_fiscal_ncm_13749_bc1433bb,2903.99.15,,
__export__.l10n_br_fiscal_ncm_13750_4b612115,2903.99.16,,
__export__.l10n_br_fiscal_ncm_13751_223fdb76,2903.99.17,,
__export__.l10n_br_fiscal_ncm_13752_f30cc847,2903.99.18,,
__export__.l10n_br_fiscal_ncm_13753_b52f842d,2903.99.19,,
__export__.l10n_br_fiscal_ncm_13754_f5938418,2903.99.21,,
__export__.l10n_br_fiscal_ncm_13755_10baeb56,2903.99.22,,
__export__.l10n_br_fiscal_ncm_13756_35d2b5ce,2903.99.23,,
__export__.l10n_br_fiscal_ncm_13757_03fc6ab0,2903.99.24,,
__export__.l10n_br_fiscal_ncm_13758_0216169a,2903.99.29,,
__export__.l10n_br_fiscal_ncm_13759_36971e91,2903.99.31,,
__export__.l10n_br_fiscal_ncm_13760_e4b7ca64,2903.99.39,,
__export__.l10n_br_fiscal_ncm_13761_7f3e8b65,2903.99.90,,
__export__.l10n_br_fiscal_ncm_13762_52936737,2904.10.11,,
__export__.l10n_br_fiscal_ncm_13763_cfe73966,2904.10.12,,
__export__.l10n_br_fiscal_ncm_13764_6892d7bc,2904.10.13,,
__export__.l10n_br_fiscal_ncm_13765_19d49ffc,2904.10.19,,
__export__.l10n_br_fiscal_ncm_13766_74188207,2904.10.20,,
__export__.l10n_br_fiscal_ncm_13767_2934f777,2904.10.30,,
__export__.l10n_br_fiscal_ncm_13768_48afe184,2904.10.40,,
__export__.l10n_br_fiscal_ncm_13769_eafa0cc9,2904.10.51,,
__export__.l10n_br_fiscal_ncm_13770_943dc95e,2904.10.52,,
__export__.l10n_br_fiscal_ncm_13771_25585bd4,2904.10.53,,
__export__.l10n_br_fiscal_ncm_13772_2ffe4263,2904.10.59,,
__export__.l10n_br_fiscal_ncm_13773_0d7a5dab,2904.10.60,,
__export__.l10n_br_fiscal_ncm_13774_955441c2,2904.10.90,,
__export__.l10n_br_fiscal_ncm_13775_389b83d1,2904.20.10,,
__export__.l10n_br_fiscal_ncm_13776_04ffe77e,2904.20.20,,
__export__.l10n_br_fiscal_ncm_13777_eee70b15,2904.20.30,,
__export__.l10n_br_fiscal_ncm_13778_f92c51a4,2904.20.41,,
__export__.l10n_br_fiscal_ncm_13779_f15df30e,2904.20.49,,
__export__.l10n_br_fiscal_ncm_13780_fcb549d5,2904.20.51,,
__export__.l10n_br_fiscal_ncm_13781_80415cfc,2904.20.52,,
__export__.l10n_br_fiscal_ncm_13782_9fb60cc0,2904.20.59,,
__export__.l10n_br_fiscal_ncm_13783_04975ad4,2904.20.60,,
__export__.l10n_br_fiscal_ncm_13784_6b820316,2904.20.70,,
__export__.l10n_br_fiscal_ncm_13785_64deb33f,2904.20.90,,
__export__.l10n_br_fiscal_ncm_13786_c1c05f6e,2904.31.00,,
__export__.l10n_br_fiscal_ncm_13787_2fa2a8d2,2904.32.00,,
__export__.l10n_br_fiscal_ncm_13788_2a55908c,2904.33.00,,
__export__.l10n_br_fiscal_ncm_13789_eaba9a3b,2904.34.00,,
__export__.l10n_br_fiscal_ncm_13790_a48a162c,2904.35.00,,
__export__.l10n_br_fiscal_ncm_13791_919c4196,2904.36.00,,
__export__.l10n_br_fiscal_ncm_13792_95202a0b,2904.91.00,,
__export__.l10n_br_fiscal_ncm_13793_67827dd3,2904.99.11,,
__export__.l10n_br_fiscal_ncm_13794_bd6aeb31,2904.99.12,,
__export__.l10n_br_fiscal_ncm_13795_05d6ba37,2904.99.13,,
__export__.l10n_br_fiscal_ncm_13796_506c73ba,2904.99.14,,
__export__.l10n_br_fiscal_ncm_13797_b5ad4dc0,2904.99.15,,
__export__.l10n_br_fiscal_ncm_13798_4812abca,2904.99.16,,
__export__.l10n_br_fiscal_ncm_13799_65f9b39a,2904.99.19,,
__export__.l10n_br_fiscal_ncm_13800_86947192,2904.99.21,,
__export__.l10n_br_fiscal_ncm_13801_6057c397,2904.99.29,,
__export__.l10n_br_fiscal_ncm_13802_afa087aa,2904.99.30,,
__export__.l10n_br_fiscal_ncm_13803_6ec79599,2904.99.40,,
__export__.l10n_br_fiscal_ncm_13804_4590538b,2904.99.90,,
__export__.l10n_br_fiscal_ncm_13805_4a95792a,2905.11.00,,
__export__.l10n_br_fiscal_ncm_13806_ba30659f,2905.12.10,,
__export__.l10n_br_fiscal_ncm_13807_197d4227,2905.12.20,,
__export__.l10n_br_fiscal_ncm_13808_abb47f4b,2905.13.00,,
__export__.l10n_br_fiscal_ncm_13809_11e3153c,2905.14.10,,
__export__.l10n_br_fiscal_ncm_13810_64343b11,2905.14.20,,
__export__.l10n_br_fiscal_ncm_13811_70c796c7,2905.14.30,,
__export__.l10n_br_fiscal_ncm_13812_0a1ff27d,2905.16.00,,
__export__.l10n_br_fiscal_ncm_13813_d1505c75,2905.17.10,,
__export__.l10n_br_fiscal_ncm_13814_d07e599d,2905.17.20,,
__export__.l10n_br_fiscal_ncm_13815_dbba3788,2905.17.30,,
__export__.l10n_br_fiscal_ncm_13816_7293ca01,2905.19.11,,
__export__.l10n_br_fiscal_ncm_13817_31adb71c,2905.19.12,,
__export__.l10n_br_fiscal_ncm_13818_747a197f,2905.19.19,,
__export__.l10n_br_fiscal_ncm_13819_0b75e985,2905.19.21,,
__export__.l10n_br_fiscal_ncm_13820_b6f88e3d,2905.19.22,,
__export__.l10n_br_fiscal_ncm_13821_428eaeb1,2905.19.23,,
__export__.l10n_br_fiscal_ncm_13822_83dcdae3,2905.19.29,,
__export__.l10n_br_fiscal_ncm_13823_d059a2bd,2905.19.91,,
__export__.l10n_br_fiscal_ncm_13824_7646e83f,2905.19.92,,
__export__.l10n_br_fiscal_ncm_13825_9edc0087,2905.19.93,,
__export__.l10n_br_fiscal_ncm_13826_2755290a,2905.19.94,,
__export__.l10n_br_fiscal_ncm_13827_24ba3d91,2905.19.95,,
__export__.l10n_br_fiscal_ncm_13828_8bd091e7,2905.19.96,,
__export__.l10n_br_fiscal_ncm_13829_c5ee508d,2905.19.99,,
__export__.l10n_br_fiscal_ncm_13830_ba63fa11,2905.22.10,,
__export__.l10n_br_fiscal_ncm_13831_f52e1f50,2905.22.20,,
__export__.l10n_br_fiscal_ncm_13832_912d1830,2905.22.30,,
__export__.l10n_br_fiscal_ncm_13833_da1d305c,2905.22.90,,
__export__.l10n_br_fiscal_ncm_13834_c10b6360,2905.29.10,,
__export__.l10n_br_fiscal_ncm_13835_e313adf1,2905.29.90,,
__export__.l10n_br_fiscal_ncm_13836_73620635,2905.31.00,,
__export__.l10n_br_fiscal_ncm_13837_c9807271,2905.32.00,,
__export__.l10n_br_fiscal_ncm_13838_01a0eb75,2905.39.10,,
__export__.l10n_br_fiscal_ncm_13839_3efced25,2905.39.20,,
__export__.l10n_br_fiscal_ncm_13840_8d08f5af,2905.39.30,,
__export__.l10n_br_fiscal_ncm_13841_9383b841,2905.39.90,,
__export__.l10n_br_fiscal_ncm_13842_516b7e36,2905.41.00,,
__export__.l10n_br_fiscal_ncm_13843_7a5f70a7,2905.42.00,,
__export__.l10n_br_fiscal_ncm_13844_2b067922,2905.43.00,,
__export__.l10n_br_fiscal_ncm_13845_f21e5a93,2905.44.00,,l10n_br_fiscal.tax_classification_200033
__export__.l10n_br_fiscal_ncm_13846_28da43ad,2905.45.00,,
__export__.l10n_br_fiscal_ncm_13847_6df29f31,2905.49.00,,
__export__.l10n_br_fiscal_ncm_13848_242cea6e,2905.51.00,,
__export__.l10n_br_fiscal_ncm_13849_4db6b781,2905.59.10,,
__export__.l10n_br_fiscal_ncm_13850_19cc3f9b,2905.59.90,,
__export__.l10n_br_fiscal_ncm_13851_582d2c3d,2906.11.00,,
__export__.l10n_br_fiscal_ncm_13852_897d33ec,2906.12.00,,
__export__.l10n_br_fiscal_ncm_13853_5eef9a63,2906.13.00,,
__export__.l10n_br_fiscal_ncm_13854_78902b7f,2906.19.10,,
__export__.l10n_br_fiscal_ncm_13855_fcb8aab9,2906.19.20,,
__export__.l10n_br_fiscal_ncm_13856_5eceafb3,2906.19.30,,
__export__.l10n_br_fiscal_ncm_13857_2d224e8b,2906.19.40,,
__export__.l10n_br_fiscal_ncm_13858_e925f738,2906.19.50,,
__export__.l10n_br_fiscal_ncm_13859_4389d1b6,2906.19.90,,
__export__.l10n_br_fiscal_ncm_13860_bab8a911,2906.21.00,,
__export__.l10n_br_fiscal_ncm_13861_12848a54,2906.29.10,,
__export__.l10n_br_fiscal_ncm_13862_542eed41,2906.29.20,,
__export__.l10n_br_fiscal_ncm_13863_07b4255e,2906.29.90,,
__export__.l10n_br_fiscal_ncm_13864_6079871d,2907.11.00,,
__export__.l10n_br_fiscal_ncm_13865_9a71f3f5,2907.12.00,,
__export__.l10n_br_fiscal_ncm_13866_8ec0a2c1,2907.13.00,,
__export__.l10n_br_fiscal_ncm_13867_def4e103,2907.15.10,,
__export__.l10n_br_fiscal_ncm_13868_ceacb97c,2907.15.90,,
__export__.l10n_br_fiscal_ncm_13869_cffc9a1b,2907.19.10,,
__export__.l10n_br_fiscal_ncm_13870_0ce0acb8,2907.19.20,,
__export__.l10n_br_fiscal_ncm_13871_2ac25f37,2907.19.30,,
__export__.l10n_br_fiscal_ncm_13872_8296ba6d,2907.19.40,,
__export__.l10n_br_fiscal_ncm_13873_2515280c,2907.19.90,,
__export__.l10n_br_fiscal_ncm_13874_cacdc5cd,2907.21.00,,
__export__.l10n_br_fiscal_ncm_13875_07f90063,2907.22.00,,
__export__.l10n_br_fiscal_ncm_13876_ec1b98bf,2907.23.00,,
__export__.l10n_br_fiscal_ncm_13877_7f565ff5,2907.29.00,,
__export__.l10n_br_fiscal_ncm_13878_55247c6a,2908.11.00,,
__export__.l10n_br_fiscal_ncm_13879_eb9383dd,2908.19.11,,
__export__.l10n_br_fiscal_ncm_13880_5c8cef46,2908.19.12,,
__export__.l10n_br_fiscal_ncm_13881_c6034196,2908.19.13,,
__export__.l10n_br_fiscal_ncm_13882_545515ff,2908.19.14,,
__export__.l10n_br_fiscal_ncm_13883_1a1cfbb2,2908.19.15,,
__export__.l10n_br_fiscal_ncm_13884_038cc357,2908.19.16,,
__export__.l10n_br_fiscal_ncm_13885_a136554d,2908.19.19,,
__export__.l10n_br_fiscal_ncm_13886_c11e18aa,2908.19.21,,
__export__.l10n_br_fiscal_ncm_13887_a7936248,2908.19.29,,
__export__.l10n_br_fiscal_ncm_13888_a0fe7728,2908.19.90,,
__export__.l10n_br_fiscal_ncm_13889_a82a8282,2908.91.00,,
__export__.l10n_br_fiscal_ncm_13890_7164aff0,2908.92.00,,
__export__.l10n_br_fiscal_ncm_13891_0dbe3f39,2908.99.12,,
__export__.l10n_br_fiscal_ncm_13892_43c70d6e,2908.99.13,,
__export__.l10n_br_fiscal_ncm_13893_0a450350,2908.99.19,,
__export__.l10n_br_fiscal_ncm_13894_acca2b72,2908.99.21,,
__export__.l10n_br_fiscal_ncm_13895_bc0af4d1,2908.99.29,,
__export__.l10n_br_fiscal_ncm_13896_bbb8529b,2908.99.30,,
__export__.l10n_br_fiscal_ncm_13897_4ad04d3b,2908.99.90,,
__export__.l10n_br_fiscal_ncm_13898_2652889a,2909.11.00,,
__export__.l10n_br_fiscal_ncm_13899_88da7504,2909.19.10,,
__export__.l10n_br_fiscal_ncm_13900_0289ed8d,2909.19.20,,
__export__.l10n_br_fiscal_ncm_13901_60ab58dc,2909.19.90,,
__export__.l10n_br_fiscal_ncm_13902_750d6f2a,2909.20.00,,
__export__.l10n_br_fiscal_ncm_13903_705abade,2909.30.11,,
__export__.l10n_br_fiscal_ncm_13904_a484f667,2909.30.12,,
__export__.l10n_br_fiscal_ncm_13905_b225d488,2909.30.13,,
__export__.l10n_br_fiscal_ncm_13906_1f48949c,2909.30.14,,
__export__.l10n_br_fiscal_ncm_13907_fab8c885,2909.30.19,,
__export__.l10n_br_fiscal_ncm_13908_704a431b,2909.30.21,,
__export__.l10n_br_fiscal_ncm_13909_d3c9f057,2909.30.22,,
__export__.l10n_br_fiscal_ncm_13910_12e5d6a0,2909.30.23,,
__export__.l10n_br_fiscal_ncm_13911_98a3fc49,2909.30.24,,
__export__.l10n_br_fiscal_ncm_13912_f20f314c,2909.30.25,,
__export__.l10n_br_fiscal_ncm_13913_32ed25d9,2909.30.29,,
__export__.l10n_br_fiscal_ncm_13914_7a7db341,2909.41.00,,
__export__.l10n_br_fiscal_ncm_13915_06186b4f,2909.43.10,,
__export__.l10n_br_fiscal_ncm_13916_a4437689,2909.43.20,,
__export__.l10n_br_fiscal_ncm_13917_090db1fb,2909.44.11,,
__export__.l10n_br_fiscal_ncm_13918_7ab9d218,2909.44.12,,
__export__.l10n_br_fiscal_ncm_13919_c0268ed7,2909.44.13,,
__export__.l10n_br_fiscal_ncm_13920_5955bb5a,2909.44.19,,
__export__.l10n_br_fiscal_ncm_13921_12296b0f,2909.44.21,,
__export__.l10n_br_fiscal_ncm_13922_2b441abe,2909.44.29,,
__export__.l10n_br_fiscal_ncm_13923_9065317e,2909.49.10,,
__export__.l10n_br_fiscal_ncm_13924_d3566418,2909.49.21,,
__export__.l10n_br_fiscal_ncm_13925_469668b6,2909.49.22,,
__export__.l10n_br_fiscal_ncm_13926_aae310ee,2909.49.23,,
__export__.l10n_br_fiscal_ncm_13927_72b7854e,2909.49.24,,
__export__.l10n_br_fiscal_ncm_13928_729076a0,2909.49.29,,
__export__.l10n_br_fiscal_ncm_13929_adb44040,2909.49.31,,
__export__.l10n_br_fiscal_ncm_13930_f0b68571,2909.49.32,,
__export__.l10n_br_fiscal_ncm_13931_f72dd1a3,2909.49.39,,
__export__.l10n_br_fiscal_ncm_13932_b1db9eb7,2909.49.41,,
__export__.l10n_br_fiscal_ncm_13933_cd3d6477,2909.49.49,,
__export__.l10n_br_fiscal_ncm_13934_a59f0397,2909.49.50,,
__export__.l10n_br_fiscal_ncm_13935_e3249549,2909.49.90,,
__export__.l10n_br_fiscal_ncm_13936_f3371a39,2909.50.11,,
__export__.l10n_br_fiscal_ncm_13937_7224b701,2909.50.12,,
__export__.l10n_br_fiscal_ncm_13938_e726b967,2909.50.13,,
__export__.l10n_br_fiscal_ncm_13939_17d7946a,2909.50.19,,
__export__.l10n_br_fiscal_ncm_13940_b154edda,2909.50.90,,
__export__.l10n_br_fiscal_ncm_13941_065471c7,2909.60.11,,
__export__.l10n_br_fiscal_ncm_13942_a86695a0,2909.60.12,,
__export__.l10n_br_fiscal_ncm_13943_3e4252c9,2909.60.13,,
__export__.l10n_br_fiscal_ncm_13944_111e6277,2909.60.19,,
__export__.l10n_br_fiscal_ncm_13945_94d2856b,2909.60.90,,
__export__.l10n_br_fiscal_ncm_13946_bc6b05ff,2910.10.00,,
__export__.l10n_br_fiscal_ncm_13947_99107bf9,2910.20.00,,
__export__.l10n_br_fiscal_ncm_13948_4df2dee3,2910.30.00,,
__export__.l10n_br_fiscal_ncm_13949_81267723,2910.40.00,,
__export__.l10n_br_fiscal_ncm_13950_847f6650,2910.50.00,,
__export__.l10n_br_fiscal_ncm_13951_a8578cbe,2910.90.10,,
__export__.l10n_br_fiscal_ncm_13952_4bb8cb55,2910.90.90,,
__export__.l10n_br_fiscal_ncm_13953_89f89380,2911.00.10,,
__export__.l10n_br_fiscal_ncm_13954_5c27dc42,2911.00.90,,
__export__.l10n_br_fiscal_ncm_13955_30a03929,2912.11.00,,
__export__.l10n_br_fiscal_ncm_13956_590dc8b8,2912.12.00,,
__export__.l10n_br_fiscal_ncm_13957_d36bd099,2912.19.11,,
__export__.l10n_br_fiscal_ncm_13958_c2763570,2912.19.12,,
__export__.l10n_br_fiscal_ncm_13959_59d385b4,2912.19.19,,
__export__.l10n_br_fiscal_ncm_13960_41c01cc1,2912.19.21,,
__export__.l10n_br_fiscal_ncm_13961_d89021b3,2912.19.22,,
__export__.l10n_br_fiscal_ncm_13962_d7cd15c4,2912.19.23,,
__export__.l10n_br_fiscal_ncm_13963_8d57871c,2912.19.29,,
__export__.l10n_br_fiscal_ncm_13964_1666a6e2,2912.19.91,,
__export__.l10n_br_fiscal_ncm_13965_f7c31204,2912.19.99,,
__export__.l10n_br_fiscal_ncm_13966_bd117809,2912.21.00,,
__export__.l10n_br_fiscal_ncm_13967_e26f4a42,2912.29.10,,
__export__.l10n_br_fiscal_ncm_13968_390f1f0f,2912.29.20,,
__export__.l10n_br_fiscal_ncm_13969_c838124e,2912.29.90,,
__export__.l10n_br_fiscal_ncm_13970_6d288378,2912.41.00,,
__export__.l10n_br_fiscal_ncm_13971_d801a187,2912.42.00,,
__export__.l10n_br_fiscal_ncm_13972_66b56849,2912.49.10,,
__export__.l10n_br_fiscal_ncm_13973_6cb9dfc2,2912.49.20,,
__export__.l10n_br_fiscal_ncm_13974_93712e47,2912.49.30,,
__export__.l10n_br_fiscal_ncm_13975_ad7a904f,2912.49.41,,
__export__.l10n_br_fiscal_ncm_13976_163f8bb9,2912.49.49,,
__export__.l10n_br_fiscal_ncm_13977_c54dd7df,2912.49.90,,
__export__.l10n_br_fiscal_ncm_13978_409be831,2912.50.00,,
__export__.l10n_br_fiscal_ncm_13979_99f0de35,2912.60.00,,
__export__.l10n_br_fiscal_ncm_13980_9fbf44c7,2913.00.10,,
__export__.l10n_br_fiscal_ncm_13981_539481b3,2913.00.90,,
__export__.l10n_br_fiscal_ncm_13982_20197572,2914.11.00,,
__export__.l10n_br_fiscal_ncm_13983_569c8520,2914.12.00,,
__export__.l10n_br_fiscal_ncm_13984_80026b4c,2914.13.00,,
__export__.l10n_br_fiscal_ncm_13985_73b0be94,2914.19.10,,
__export__.l10n_br_fiscal_ncm_13986_8deffa30,2914.19.21,,
__export__.l10n_br_fiscal_ncm_13987_3c5dc1e0,2914.19.22,,
__export__.l10n_br_fiscal_ncm_13988_9c330d0f,2914.19.23,,
__export__.l10n_br_fiscal_ncm_13989_231e7f64,2914.19.29,,
__export__.l10n_br_fiscal_ncm_13990_557d53ea,2914.19.30,,
__export__.l10n_br_fiscal_ncm_13991_7e23723e,2914.19.40,,
__export__.l10n_br_fiscal_ncm_13992_7c1d13a4,2914.19.50,,
__export__.l10n_br_fiscal_ncm_13993_e8a10f8b,2914.19.90,,
__export__.l10n_br_fiscal_ncm_13994_0806a224,2914.22.10,,
__export__.l10n_br_fiscal_ncm_13995_cdaf663c,2914.22.20,,
__export__.l10n_br_fiscal_ncm_13996_b279840a,2914.23.10,,
__export__.l10n_br_fiscal_ncm_13997_210dc026,2914.23.20,,
__export__.l10n_br_fiscal_ncm_13998_388290e6,2914.29.10,,
__export__.l10n_br_fiscal_ncm_13999_b3c19e2f,2914.29.20,,
__export__.l10n_br_fiscal_ncm_14000_c4319a39,2914.29.90,,
__export__.l10n_br_fiscal_ncm_14001_0a2873d3,2914.31.00,,
__export__.l10n_br_fiscal_ncm_14002_6cade67a,2914.39.10,,
__export__.l10n_br_fiscal_ncm_14003_5f2d72a1,2914.39.90,,
__export__.l10n_br_fiscal_ncm_14004_475fde87,2914.40.10,,
__export__.l10n_br_fiscal_ncm_14005_d050aba7,2914.40.91,,
__export__.l10n_br_fiscal_ncm_14006_fcbc4111,2914.40.99,,
__export__.l10n_br_fiscal_ncm_14007_147c0612,2914.50.10,,
__export__.l10n_br_fiscal_ncm_14008_97bdc440,2914.50.20,,
__export__.l10n_br_fiscal_ncm_14009_d78c8d79,2914.50.90,,
__export__.l10n_br_fiscal_ncm_14010_3aa8868f,2914.61.00,,
__export__.l10n_br_fiscal_ncm_14011_d8d05b0e,2914.62.00,,
__export__.l10n_br_fiscal_ncm_14012_3050bd16,2914.69.10,,
__export__.l10n_br_fiscal_ncm_14013_60145c80,2914.69.20,,
__export__.l10n_br_fiscal_ncm_14014_b9b008b0,2914.69.90,,
__export__.l10n_br_fiscal_ncm_14015_b88603c1,2914.71.00,,
__export__.l10n_br_fiscal_ncm_14016_9a42a74c,2914.79.11,,
__export__.l10n_br_fiscal_ncm_14017_596d3267,2914.79.19,,
__export__.l10n_br_fiscal_ncm_14018_9ff82c2e,2914.79.21,,
__export__.l10n_br_fiscal_ncm_14019_52ea5a3f,2914.79.22,,
__export__.l10n_br_fiscal_ncm_14020_539e217d,2914.79.29,,
__export__.l10n_br_fiscal_ncm_14021_1048ceff,2914.79.90,,
__export__.l10n_br_fiscal_ncm_14022_02687f3d,2915.11.00,,
__export__.l10n_br_fiscal_ncm_14023_3c9e2e20,2915.12.10,,
__export__.l10n_br_fiscal_ncm_14024_af3f9306,2915.12.90,,
__export__.l10n_br_fiscal_ncm_14025_a8202b80,2915.13.10,,
__export__.l10n_br_fiscal_ncm_14026_b9eac3b5,2915.13.90,,
__export__.l10n_br_fiscal_ncm_14027_f924a6a2,2915.21.00,,l10n_br_fiscal.tax_classification_200033
__export__.l10n_br_fiscal_ncm_14028_00c39c37,2915.24.00,,
__export__.l10n_br_fiscal_ncm_14029_21909c5a,2915.29.10,,l10n_br_fiscal.tax_classification_200033
__export__.l10n_br_fiscal_ncm_14030_c327d358,2915.29.20,,
__export__.l10n_br_fiscal_ncm_14031_36741aef,2915.29.90,,l10n_br_fiscal.tax_classification_200033
__export__.l10n_br_fiscal_ncm_14032_c2fb22b6,2915.31.00,,
__export__.l10n_br_fiscal_ncm_14033_914e9309,2915.32.00,,
__export__.l10n_br_fiscal_ncm_14034_e60f7880,2915.33.00,,
__export__.l10n_br_fiscal_ncm_14035_8c838d21,2915.36.00,,
__export__.l10n_br_fiscal_ncm_14036_8596c92f,2915.39.10,,
__export__.l10n_br_fiscal_ncm_14037_63419ae9,2915.39.21,,
__export__.l10n_br_fiscal_ncm_14038_d17a28cb,2915.39.29,,
__export__.l10n_br_fiscal_ncm_14039_1d5b1125,2915.39.31,,
__export__.l10n_br_fiscal_ncm_14040_f9715349,2915.39.32,,
__export__.l10n_br_fiscal_ncm_14041_679742bd,2915.39.39,,
__export__.l10n_br_fiscal_ncm_14042_286e8199,2915.39.41,,
__export__.l10n_br_fiscal_ncm_14043_f603f065,2915.39.42,,
__export__.l10n_br_fiscal_ncm_14044_c2cde000,2915.39.51,,
__export__.l10n_br_fiscal_ncm_14045_6c831adb,2915.39.52,,
__export__.l10n_br_fiscal_ncm_14046_1a0dd613,2915.39.53,,
__export__.l10n_br_fiscal_ncm_14047_3d85089d,2915.39.54,,
__export__.l10n_br_fiscal_ncm_14048_e4328a0c,2915.39.55,,
__export__.l10n_br_fiscal_ncm_14049_92fcfc0a,2915.39.61,,
__export__.l10n_br_fiscal_ncm_14050_980834b9,2915.39.62,,
__export__.l10n_br_fiscal_ncm_14051_a0948fa7,2915.39.63,,
__export__.l10n_br_fiscal_ncm_14052_0a565262,2915.39.91,,
__export__.l10n_br_fiscal_ncm_14053_114e1340,2915.39.92,,
__export__.l10n_br_fiscal_ncm_14054_662355df,2915.39.93,,
__export__.l10n_br_fiscal_ncm_14055_19187ee3,2915.39.94,,
__export__.l10n_br_fiscal_ncm_14056_36de124f,2915.39.99,,
__export__.l10n_br_fiscal_ncm_14057_02b30d5b,2915.40.10,,
__export__.l10n_br_fiscal_ncm_14058_4b99bd5e,2915.40.20,,
__export__.l10n_br_fiscal_ncm_14059_77627909,2915.40.90,,
__export__.l10n_br_fiscal_ncm_14060_49911c40,2915.50.10,,
__export__.l10n_br_fiscal_ncm_14061_ebc1dbf2,2915.50.20,,
__export__.l10n_br_fiscal_ncm_14062_8c824ea0,2915.50.30,,
__export__.l10n_br_fiscal_ncm_14063_eb004646,2915.60.11,,
__export__.l10n_br_fiscal_ncm_14064_a139a8e7,2915.60.12,,
__export__.l10n_br_fiscal_ncm_14065_61859f75,2915.60.19,,
__export__.l10n_br_fiscal_ncm_14066_1f774443,2915.60.21,,
__export__.l10n_br_fiscal_ncm_14067_c8fca00d,2915.60.29,,
__export__.l10n_br_fiscal_ncm_14068_e4635135,2915.70.11,,
__export__.l10n_br_fiscal_ncm_14069_b5bdcf49,2915.70.19,,
__export__.l10n_br_fiscal_ncm_14070_e229df4a,2915.70.20,,
__export__.l10n_br_fiscal_ncm_14071_cddc4723,2915.70.31,,
__export__.l10n_br_fiscal_ncm_14072_068e910a,2915.70.39,,
__export__.l10n_br_fiscal_ncm_14073_68b4fcd4,2915.70.40,,
__export__.l10n_br_fiscal_ncm_14074_708de911,2915.90.10,,
__export__.l10n_br_fiscal_ncm_14075_dc75f0d9,2915.90.21,,
__export__.l10n_br_fiscal_ncm_14076_8a334f47,2915.90.22,,
__export__.l10n_br_fiscal_ncm_14077_41db5f76,2915.90.23,,
__export__.l10n_br_fiscal_ncm_14078_272bad22,2915.90.24,,
__export__.l10n_br_fiscal_ncm_14079_71db090a,2915.90.29,,
__export__.l10n_br_fiscal_ncm_14080_90f7ff49,2915.90.31,,
__export__.l10n_br_fiscal_ncm_14081_bbd47859,2915.90.32,,
__export__.l10n_br_fiscal_ncm_14082_1380e7ec,2915.90.33,,
__export__.l10n_br_fiscal_ncm_14083_44478e11,2915.90.39,,
__export__.l10n_br_fiscal_ncm_14084_0766fca5,2915.90.41,,
__export__.l10n_br_fiscal_ncm_14085_583f92b0,2915.90.43,,
__export__.l10n_br_fiscal_ncm_14086_677de727,2915.90.49,,
__export__.l10n_br_fiscal_ncm_14087_9e4411d7,2915.90.50,,
__export__.l10n_br_fiscal_ncm_14088_49589585,2915.90.60,,
__export__.l10n_br_fiscal_ncm_14089_2e017687,2915.90.90,,
__export__.l10n_br_fiscal_ncm_14090_dfddfb96,2916.11.10,,
__export__.l10n_br_fiscal_ncm_14091_53115dfd,2916.11.20,,
__export__.l10n_br_fiscal_ncm_14092_54b547e4,2916.12.10,,
__export__.l10n_br_fiscal_ncm_14093_20009812,2916.12.20,,
__export__.l10n_br_fiscal_ncm_14094_4ad37eff,2916.12.30,,
__export__.l10n_br_fiscal_ncm_14095_2211fb08,2916.12.40,,
__export__.l10n_br_fiscal_ncm_14096_f290b7f3,2916.12.90,,
__export__.l10n_br_fiscal_ncm_14097_8169e231,2916.13.10,,
__export__.l10n_br_fiscal_ncm_14098_9290eb49,2916.13.20,,
__export__.l10n_br_fiscal_ncm_14099_3b04be80,2916.14.10,,
__export__.l10n_br_fiscal_ncm_14100_9d7dbb8c,2916.14.20,,
__export__.l10n_br_fiscal_ncm_14101_06e473cb,2916.14.30,,
__export__.l10n_br_fiscal_ncm_14102_5cb5e905,2916.14.90,,
__export__.l10n_br_fiscal_ncm_14103_45a8f6d0,2916.15.11,,
__export__.l10n_br_fiscal_ncm_14104_6d8e177d,2916.15.19,,
__export__.l10n_br_fiscal_ncm_14105_d80c5ae2,2916.15.20,,
__export__.l10n_br_fiscal_ncm_14106_7ece53fe,2916.16.00,,
__export__.l10n_br_fiscal_ncm_14107_4d88d712,2916.19.11,,
__export__.l10n_br_fiscal_ncm_14108_067982cc,2916.19.19,,
__export__.l10n_br_fiscal_ncm_14109_49491f81,2916.19.21,,
__export__.l10n_br_fiscal_ncm_14110_0820e3df,2916.19.22,,
__export__.l10n_br_fiscal_ncm_14111_0c52723f,2916.19.23,,
__export__.l10n_br_fiscal_ncm_14112_16d32090,2916.19.29,,
__export__.l10n_br_fiscal_ncm_14113_d5e39e45,2916.19.90,,
__export__.l10n_br_fiscal_ncm_14114_b1c963ad,2916.20.11,,
__export__.l10n_br_fiscal_ncm_14115_932ac25c,2916.20.12,,
__export__.l10n_br_fiscal_ncm_14116_7e89508f,2916.20.13,,
__export__.l10n_br_fiscal_ncm_14117_a9d56003,2916.20.14,,
__export__.l10n_br_fiscal_ncm_14118_c0e0c2d4,2916.20.15,,
__export__.l10n_br_fiscal_ncm_14119_5c01f0e5,2916.20.19,,
__export__.l10n_br_fiscal_ncm_14120_0ba43fdc,2916.20.90,,
__export__.l10n_br_fiscal_ncm_14121_e6d4edc4,2916.31.10,,
__export__.l10n_br_fiscal_ncm_14122_519bc28c,2916.31.21,,
__export__.l10n_br_fiscal_ncm_14123_f23d8e6f,2916.31.22,,
__export__.l10n_br_fiscal_ncm_14124_21653060,2916.31.29,,
__export__.l10n_br_fiscal_ncm_14125_b2bf2554,2916.31.31,,
__export__.l10n_br_fiscal_ncm_14126_ef8f2ecf,2916.31.32,,
__export__.l10n_br_fiscal_ncm_14127_39e88fcf,2916.31.39,,
__export__.l10n_br_fiscal_ncm_14128_ae56c0c0,2916.32.10,,
__export__.l10n_br_fiscal_ncm_14129_09597612,2916.32.20,,
__export__.l10n_br_fiscal_ncm_14130_c8b51eec,2916.34.00,,
__export__.l10n_br_fiscal_ncm_14131_f0df80fd,2916.39.10,,
__export__.l10n_br_fiscal_ncm_14132_21554be1,2916.39.20,,
__export__.l10n_br_fiscal_ncm_14133_a99b505a,2916.39.30,,
__export__.l10n_br_fiscal_ncm_14134_3de6ed77,2916.39.40,,
__export__.l10n_br_fiscal_ncm_14135_781cb557,2916.39.90,,
__export__.l10n_br_fiscal_ncm_14136_ede7911e,2917.11.10,,
__export__.l10n_br_fiscal_ncm_14137_3dbd27de,2917.11.20,,
__export__.l10n_br_fiscal_ncm_14138_c711c0af,2917.12.10,,
__export__.l10n_br_fiscal_ncm_14139_2a996b76,2917.12.20,,
__export__.l10n_br_fiscal_ncm_14140_aa4d632d,2917.13.10,,
__export__.l10n_br_fiscal_ncm_14141_edac06ad,2917.13.21,,
__export__.l10n_br_fiscal_ncm_14142_a876e531,2917.13.22,,
__export__.l10n_br_fiscal_ncm_14143_bb8a797b,2917.13.23,,
__export__.l10n_br_fiscal_ncm_14144_6d3a6e39,2917.13.29,,
__export__.l10n_br_fiscal_ncm_14145_2822fec8,2917.14.00,,
__export__.l10n_br_fiscal_ncm_14146_843a737b,2917.19.10,,
__export__.l10n_br_fiscal_ncm_14147_1b90a1f6,2917.19.21,,
__export__.l10n_br_fiscal_ncm_14148_95dee635,2917.19.22,,
__export__.l10n_br_fiscal_ncm_14149_7dd1cf07,2917.19.30,,
__export__.l10n_br_fiscal_ncm_14150_8e345458,2917.19.90,,
__export__.l10n_br_fiscal_ncm_14151_b6d20af3,2917.20.00,,
__export__.l10n_br_fiscal_ncm_14152_571858a4,2917.32.00,,
__export__.l10n_br_fiscal_ncm_14153_1bf70819,2917.33.00,,
__export__.l10n_br_fiscal_ncm_14154_3519020e,2917.34.00,,
__export__.l10n_br_fiscal_ncm_14155_e059347f,2917.35.00,,
__export__.l10n_br_fiscal_ncm_14156_f628f5ab,2917.36.00,,
__export__.l10n_br_fiscal_ncm_14157_b3e719a1,2917.37.00,,
__export__.l10n_br_fiscal_ncm_14158_6e315e57,2917.39.11,,
__export__.l10n_br_fiscal_ncm_14159_fd890de9,2917.39.19,,
__export__.l10n_br_fiscal_ncm_14160_af0c88f7,2917.39.20,,
__export__.l10n_br_fiscal_ncm_14161_ca7c2f5e,2917.39.31,,
__export__.l10n_br_fiscal_ncm_14162_17f956ff,2917.39.39,,
__export__.l10n_br_fiscal_ncm_14163_eb7c7e26,2917.39.40,,
__export__.l10n_br_fiscal_ncm_14164_53b5da97,2917.39.50,,
__export__.l10n_br_fiscal_ncm_14165_eea34de4,2917.39.90,,
__export__.l10n_br_fiscal_ncm_14166_2d0d0fd5,2918.11.00,,
__export__.l10n_br_fiscal_ncm_14167_f4af3bd9,2918.12.00,,
__export__.l10n_br_fiscal_ncm_14168_be31c6db,2918.13.10,,
__export__.l10n_br_fiscal_ncm_14169_b08c5591,2918.13.20,,
__export__.l10n_br_fiscal_ncm_14170_3fb1dcef,2918.14.00,,l10n_br_fiscal.tax_classification_200033
__export__.l10n_br_fiscal_ncm_14171_13db1261,2918.15.00,,
__export__.l10n_br_fiscal_ncm_14172_b6967b42,2918.16.10,,l10n_br_fiscal.tax_classification_200033
__export__.l10n_br_fiscal_ncm_14173_4070667b,2918.16.90,,
__export__.l10n_br_fiscal_ncm_14174_053dae37,2918.17.00,,
__export__.l10n_br_fiscal_ncm_14175_eca7043a,2918.18.00,,
__export__.l10n_br_fiscal_ncm_14176_b335418a,2918.19.10,,
__export__.l10n_br_fiscal_ncm_14177_31c1c8b8,2918.19.21,,
__export__.l10n_br_fiscal_ncm_14178_350660d0,2918.19.22,,
__export__.l10n_br_fiscal_ncm_14179_870eceb7,2918.19.29,,
__export__.l10n_br_fiscal_ncm_14180_af8a2986,2918.19.30,,
__export__.l10n_br_fiscal_ncm_14181_8e769812,2918.19.42,,
__export__.l10n_br_fiscal_ncm_14182_065129ad,2918.19.43,,
__export__.l10n_br_fiscal_ncm_14183_53ea7699,2918.19.90,,l10n_br_fiscal.tax_classification_200033
__export__.l10n_br_fiscal_ncm_14184_2bbaf37c,2918.21.10,,
__export__.l10n_br_fiscal_ncm_14185_16b25c6a,2918.21.20,,
__export__.l10n_br_fiscal_ncm_14186_297acfc1,2918.22.11,,
__export__.l10n_br_fiscal_ncm_14187_acfc5771,2918.22.12,,
__export__.l10n_br_fiscal_ncm_14188_c235b82d,2918.22.19,,
__export__.l10n_br_fiscal_ncm_14189_0b13e251,2918.22.20,,
__export__.l10n_br_fiscal_ncm_14190_b107c0f4,2918.23.00,,
__export__.l10n_br_fiscal_ncm_14191_d0ac4049,2918.29.10,,
__export__.l10n_br_fiscal_ncm_14192_9696f489,2918.29.21,,
__export__.l10n_br_fiscal_ncm_14193_8dff46ba,2918.29.22,,
__export__.l10n_br_fiscal_ncm_14194_71cbccef,2918.29.23,,
__export__.l10n_br_fiscal_ncm_14195_fc3604f5,2918.29.29,,
__export__.l10n_br_fiscal_ncm_14196_547963a3,2918.29.30,,
__export__.l10n_br_fiscal_ncm_14197_b6d76590,2918.29.40,,
__export__.l10n_br_fiscal_ncm_14198_aeea44d3,2918.29.50,,
__export__.l10n_br_fiscal_ncm_14199_2a13c873,2918.29.90,,
__export__.l10n_br_fiscal_ncm_14200_165ca27d,2918.30.10,,
__export__.l10n_br_fiscal_ncm_14201_24e3b4ca,2918.30.20,,
__export__.l10n_br_fiscal_ncm_14202_9b4afbe0,2918.30.31,,
__export__.l10n_br_fiscal_ncm_14203_2c04e750,2918.30.32,,
__export__.l10n_br_fiscal_ncm_14204_82a10c25,2918.30.33,,
__export__.l10n_br_fiscal_ncm_14205_cb6f4939,2918.30.39,,
__export__.l10n_br_fiscal_ncm_14206_aa55cdbf,2918.30.40,,
__export__.l10n_br_fiscal_ncm_14207_a73d4c32,2918.30.90,,
__export__.l10n_br_fiscal_ncm_14208_2be1cdd1,2918.91.00,,
__export__.l10n_br_fiscal_ncm_14209_f2029de0,2918.99.11,,
__export__.l10n_br_fiscal_ncm_14210_0dade6b3,2918.99.12,,
__export__.l10n_br_fiscal_ncm_14211_7c0ba405,2918.99.19,,
__export__.l10n_br_fiscal_ncm_14212_4d3752dc,2918.99.21,,
__export__.l10n_br_fiscal_ncm_14213_c1a4e8c9,2918.99.29,,
__export__.l10n_br_fiscal_ncm_14214_cb9bc432,2918.99.30,,
__export__.l10n_br_fiscal_ncm_14215_0e869bdc,2918.99.40,,
__export__.l10n_br_fiscal_ncm_14216_18714509,2918.99.50,,
__export__.l10n_br_fiscal_ncm_14217_25b03932,2918.99.60,,
__export__.l10n_br_fiscal_ncm_14218_97cc046b,2918.99.91,,
__export__.l10n_br_fiscal_ncm_14219_6fb1e092,2918.99.92,,
__export__.l10n_br_fiscal_ncm_14220_05bc8af6,2918.99.93,,
__export__.l10n_br_fiscal_ncm_14221_78305f0b,2918.99.94,,
__export__.l10n_br_fiscal_ncm_14222_b3c6b5b2,2918.99.99,,
__export__.l10n_br_fiscal_ncm_14223_bf51dbe1,2919.10.00,,
__export__.l10n_br_fiscal_ncm_14224_81b0ac44,2919.90.10,,
__export__.l10n_br_fiscal_ncm_14225_bb193e1a,2919.90.20,,
__export__.l10n_br_fiscal_ncm_14226_d8744200,2919.90.30,,
__export__.l10n_br_fiscal_ncm_14227_e0b6ddbc,2919.90.40,,
__export__.l10n_br_fiscal_ncm_14228_ea425f64,2919.90.50,,
__export__.l10n_br_fiscal_ncm_14229_a8028b87,2919.90.60,,
__export__.l10n_br_fiscal_ncm_14230_20b1406c,2919.90.90,,l10n_br_fiscal.tax_classification_200033
__export__.l10n_br_fiscal_ncm_14231_c9c204e4,2920.11.10,,
__export__.l10n_br_fiscal_ncm_14232_d67c947b,2920.11.20,,
__export__.l10n_br_fiscal_ncm_14233_f9a00d0b,2920.19.10,,
__export__.l10n_br_fiscal_ncm_14234_51a1990b,2920.19.20,,
__export__.l10n_br_fiscal_ncm_14235_6ee895aa,2920.19.90,,
__export__.l10n_br_fiscal_ncm_14236_2d5d1953,2920.21.00,,
__export__.l10n_br_fiscal_ncm_14237_d3039a97,2920.22.00,,
__export__.l10n_br_fiscal_ncm_14238_44e6ee3a,2920.23.00,,
__export__.l10n_br_fiscal_ncm_14239_d4d98540,2920.24.00,,
__export__.l10n_br_fiscal_ncm_14240_ecb49662,2920.29.10,,
__export__.l10n_br_fiscal_ncm_14241_71278431,2920.29.20,,
__export__.l10n_br_fiscal_ncm_14242_db16714c,2920.29.30,,
__export__.l10n_br_fiscal_ncm_14243_1bb3fc33,2920.29.40,,
__export__.l10n_br_fiscal_ncm_14244_74d7eb4b,2920.29.50,,
__export__.l10n_br_fiscal_ncm_14245_3de5cede,2920.29.90,,
__export__.l10n_br_fiscal_ncm_14246_664cec15,2920.30.00,,
__export__.l10n_br_fiscal_ncm_14247_4e220493,2920.90.22,,
__export__.l10n_br_fiscal_ncm_14248_ac3ff757,2920.90.29,,
__export__.l10n_br_fiscal_ncm_14249_da9fc0fb,2920.90.31,,
__export__.l10n_br_fiscal_ncm_14250_1de4563d,2920.90.32,,
__export__.l10n_br_fiscal_ncm_14251_6028fbaf,2920.90.33,,
__export__.l10n_br_fiscal_ncm_14252_932ba4b1,2920.90.39,,
__export__.l10n_br_fiscal_ncm_14253_62238a81,2920.90.41,,
__export__.l10n_br_fiscal_ncm_14254_821298db,2920.90.42,,
__export__.l10n_br_fiscal_ncm_14255_cfa02b98,2920.90.49,,
__export__.l10n_br_fiscal_ncm_14256_88b8f725,2920.90.51,,
__export__.l10n_br_fiscal_ncm_14257_e847abe0,2920.90.59,,
__export__.l10n_br_fiscal_ncm_14258_7d2cfbba,2920.90.90,,
__export__.l10n_br_fiscal_ncm_14259_b701386d,2921.11.11,,
__export__.l10n_br_fiscal_ncm_14260_42220a9e,2921.11.12,,
__export__.l10n_br_fiscal_ncm_14261_4c86f512,2921.11.21,,
__export__.l10n_br_fiscal_ncm_14262_99fdaed6,2921.11.22,,
__export__.l10n_br_fiscal_ncm_14263_d68cf215,2921.11.23,,
__export__.l10n_br_fiscal_ncm_14264_835fc623,2921.11.29,,
__export__.l10n_br_fiscal_ncm_14265_8222cb31,2921.11.31,,
__export__.l10n_br_fiscal_ncm_14266_ac33090d,2921.11.32,,
__export__.l10n_br_fiscal_ncm_14267_de1c461b,2921.11.39,,
__export__.l10n_br_fiscal_ncm_14268_230e18d9,2921.12.00,,
__export__.l10n_br_fiscal_ncm_14269_0d3a6ffc,2921.13.00,,
__export__.l10n_br_fiscal_ncm_14270_7850105e,2921.14.00,,
__export__.l10n_br_fiscal_ncm_14271_1fb45727,2921.19.11,,
__export__.l10n_br_fiscal_ncm_14272_8e62f049,2921.19.12,,
__export__.l10n_br_fiscal_ncm_14273_603d9f39,2921.19.13,,
__export__.l10n_br_fiscal_ncm_14274_ed0db0aa,2921.19.14,,
__export__.l10n_br_fiscal_ncm_14275_9f49ed9e,2921.19.15,,
__export__.l10n_br_fiscal_ncm_14276_c29a46e5,2921.19.19,,
__export__.l10n_br_fiscal_ncm_14277_490eabe6,2921.19.21,,
__export__.l10n_br_fiscal_ncm_14278_e47f7103,2921.19.22,,
__export__.l10n_br_fiscal_ncm_14279_c24425bb,2921.19.23,,
__export__.l10n_br_fiscal_ncm_14280_c58765a3,2921.19.24,,
__export__.l10n_br_fiscal_ncm_14281_78e5f8cc,2921.19.29,,
__export__.l10n_br_fiscal_ncm_14282_bd6c363c,2921.19.31,,
__export__.l10n_br_fiscal_ncm_14283_7782a0c9,2921.19.39,,
__export__.l10n_br_fiscal_ncm_14284_674ab7be,2921.19.41,,
__export__.l10n_br_fiscal_ncm_14285_2ec2c61b,2921.19.49,,
__export__.l10n_br_fiscal_ncm_14286_8676d7e1,2921.19.91,,
__export__.l10n_br_fiscal_ncm_14287_516f030a,2921.19.92,,
__export__.l10n_br_fiscal_ncm_14288_e48ba6e5,2921.19.93,,
__export__.l10n_br_fiscal_ncm_14289_0a5d508f,2921.19.94,,
__export__.l10n_br_fiscal_ncm_14290_d260a1a2,2921.19.99,,
__export__.l10n_br_fiscal_ncm_14291_f8758dda,2921.21.00,,
__export__.l10n_br_fiscal_ncm_14292_75f10aec,2921.22.00,,
__export__.l10n_br_fiscal_ncm_14293_368d379b,2921.29.10,,
__export__.l10n_br_fiscal_ncm_14294_c9b78a57,2921.29.20,,
__export__.l10n_br_fiscal_ncm_14295_9f9f743a,2921.29.90,,
__export__.l10n_br_fiscal_ncm_14296_8aa97426,2921.30.11,,
__export__.l10n_br_fiscal_ncm_14297_0b7cb21f,2921.30.12,,
__export__.l10n_br_fiscal_ncm_14298_5715d792,2921.30.19,,
__export__.l10n_br_fiscal_ncm_14299_a2ad5e49,2921.30.20,,
__export__.l10n_br_fiscal_ncm_14300_25ced89a,2921.30.90,,
__export__.l10n_br_fiscal_ncm_14301_20d8238c,2921.41.00,,
__export__.l10n_br_fiscal_ncm_14302_b534cf3e,2921.42.11,,
__export__.l10n_br_fiscal_ncm_14303_f5a8df16,2921.42.19,,
__export__.l10n_br_fiscal_ncm_14304_c7debc60,2921.42.21,,
__export__.l10n_br_fiscal_ncm_14305_e2db6843,2921.42.29,,
__export__.l10n_br_fiscal_ncm_14306_ffa5bfb3,2921.42.31,,
__export__.l10n_br_fiscal_ncm_14307_91cf40f2,2921.42.39,,
__export__.l10n_br_fiscal_ncm_14308_c997ee2b,2921.42.41,,
__export__.l10n_br_fiscal_ncm_14309_dba970de,2921.42.49,,
__export__.l10n_br_fiscal_ncm_14310_afa459e5,2921.42.90,,
__export__.l10n_br_fiscal_ncm_14311_d8427179,2921.43.11,,
__export__.l10n_br_fiscal_ncm_14312_46c66c35,2921.43.19,,
__export__.l10n_br_fiscal_ncm_14313_d019cc42,2921.43.21,,
__export__.l10n_br_fiscal_ncm_14314_edea9a4a,2921.43.22,,
__export__.l10n_br_fiscal_ncm_14315_3d452d9f,2921.43.23,,
__export__.l10n_br_fiscal_ncm_14316_9141cc6e,2921.43.29,,
__export__.l10n_br_fiscal_ncm_14317_a82b28f7,2921.44.10,,
__export__.l10n_br_fiscal_ncm_14318_0f7e1d64,2921.44.21,,
__export__.l10n_br_fiscal_ncm_14319_fc0c54b8,2921.44.22,,
__export__.l10n_br_fiscal_ncm_14320_ac0186d0,2921.44.29,,
__export__.l10n_br_fiscal_ncm_14321_604ad6c1,2921.45.00,,
__export__.l10n_br_fiscal_ncm_14322_d0c14b20,2921.46.10,,
__export__.l10n_br_fiscal_ncm_14323_ae95d932,2921.46.20,,
__export__.l10n_br_fiscal_ncm_14324_241706da,2921.46.30,,
__export__.l10n_br_fiscal_ncm_14325_dc1a7e9b,2921.46.40,,
__export__.l10n_br_fiscal_ncm_14326_de901dc1,2921.46.50,,
__export__.l10n_br_fiscal_ncm_14327_ef525915,2921.46.60,,
__export__.l10n_br_fiscal_ncm_14328_73a17097,2921.46.70,,
__export__.l10n_br_fiscal_ncm_14329_ab656772,2921.46.80,,
__export__.l10n_br_fiscal_ncm_14330_f3ac7481,2921.46.90,,
__export__.l10n_br_fiscal_ncm_14331_9f54c4ff,2921.49.10,,
__export__.l10n_br_fiscal_ncm_14332_df3c028b,2921.49.21,,
__export__.l10n_br_fiscal_ncm_14333_d49f667c,2921.49.22,,
__export__.l10n_br_fiscal_ncm_14334_32d04506,2921.49.29,,
__export__.l10n_br_fiscal_ncm_14335_8d97791e,2921.49.31,,
__export__.l10n_br_fiscal_ncm_14336_a4ebf1c1,2921.49.39,,
__export__.l10n_br_fiscal_ncm_14337_e81adacf,2921.49.90,,
__export__.l10n_br_fiscal_ncm_14338_f9d8da95,2921.51.11,,
__export__.l10n_br_fiscal_ncm_14339_346f7603,2921.51.12,,
__export__.l10n_br_fiscal_ncm_14340_18515c59,2921.51.19,,
__export__.l10n_br_fiscal_ncm_14341_f6b84514,2921.51.20,,
__export__.l10n_br_fiscal_ncm_14342_c81eef82,2921.51.31,,
__export__.l10n_br_fiscal_ncm_14343_941c8e77,2921.51.32,,
__export__.l10n_br_fiscal_ncm_14344_973bb802,2921.51.33,,
__export__.l10n_br_fiscal_ncm_14345_a7ac6bfa,2921.51.34,,
__export__.l10n_br_fiscal_ncm_14346_53aa25d2,2921.51.35,,
__export__.l10n_br_fiscal_ncm_14347_8f1f8a14,2921.51.39,,
__export__.l10n_br_fiscal_ncm_14348_6f9217be,2921.51.90,,
__export__.l10n_br_fiscal_ncm_14349_5d96fca9,2921.59.11,,
__export__.l10n_br_fiscal_ncm_14350_9f413cf5,2921.59.19,,
__export__.l10n_br_fiscal_ncm_14351_b46fd911,2921.59.21,,
__export__.l10n_br_fiscal_ncm_14352_2ce1fdf3,2921.59.29,,
__export__.l10n_br_fiscal_ncm_14353_56cd2059,2921.59.31,,
__export__.l10n_br_fiscal_ncm_14354_26046c8a,2921.59.32,,
__export__.l10n_br_fiscal_ncm_14355_7e3ddcb2,2921.59.39,,
__export__.l10n_br_fiscal_ncm_14356_30d017af,2921.59.90,,
__export__.l10n_br_fiscal_ncm_14357_ed228025,2922.11.00,,
__export__.l10n_br_fiscal_ncm_14358_59fc8bc5,2922.12.00,,
__export__.l10n_br_fiscal_ncm_14359_c34b545c,2922.14.00,,
__export__.l10n_br_fiscal_ncm_14360_cc670e62,2922.15.00,,
__export__.l10n_br_fiscal_ncm_14361_5668627b,2922.16.00,,
__export__.l10n_br_fiscal_ncm_14362_5d5dc063,2922.17.00,,
__export__.l10n_br_fiscal_ncm_14363_3d703953,2922.18.00,,
__export__.l10n_br_fiscal_ncm_14364_219c92cb,2922.19.11,,
__export__.l10n_br_fiscal_ncm_14365_6accc255,2922.19.12,,
__export__.l10n_br_fiscal_ncm_14366_79ac62e7,2922.19.13,,
__export__.l10n_br_fiscal_ncm_14367_6fc41eac,2922.19.19,,
__export__.l10n_br_fiscal_ncm_14368_9e316067,2922.19.21,,
__export__.l10n_br_fiscal_ncm_14369_561daec4,2922.19.29,,
__export__.l10n_br_fiscal_ncm_14370_402f6b44,2922.19.31,,
__export__.l10n_br_fiscal_ncm_14371_e6e3fafd,2922.19.39,,
__export__.l10n_br_fiscal_ncm_14372_370994de,2922.19.41,,
__export__.l10n_br_fiscal_ncm_14373_fdaa1f50,2922.19.49,,
__export__.l10n_br_fiscal_ncm_14374_d5919581,2922.19.51,,
__export__.l10n_br_fiscal_ncm_14375_8e5a1edc,2922.19.52,,
__export__.l10n_br_fiscal_ncm_14376_09dd585f,2922.19.59,,
__export__.l10n_br_fiscal_ncm_14377_5c2789d7,2922.19.71,,
__export__.l10n_br_fiscal_ncm_14378_7e49fc3b,2922.19.79,,
__export__.l10n_br_fiscal_ncm_14379_cc59f7cd,2922.19.81,,
__export__.l10n_br_fiscal_ncm_14380_241b607b,2922.19.89,,
__export__.l10n_br_fiscal_ncm_14381_a3175316,2922.19.91,,
__export__.l10n_br_fiscal_ncm_14382_2c2daa44,2922.19.92,,
__export__.l10n_br_fiscal_ncm_14383_86f89181,2922.19.93,,
__export__.l10n_br_fiscal_ncm_14384_a14848b1,2922.19.94,,
__export__.l10n_br_fiscal_ncm_14385_bfaa0ab4,2922.19.95,,
__export__.l10n_br_fiscal_ncm_14386_c3ad14b0,2922.19.96,,
__export__.l10n_br_fiscal_ncm_14387_da13ac3a,2922.19.99,,
__export__.l10n_br_fiscal_ncm_14388_8f36cf1c,2922.21.00,,
__export__.l10n_br_fiscal_ncm_14389_9fe36c96,2922.29.11,,
__export__.l10n_br_fiscal_ncm_14390_1c24fa26,2922.29.19,,
__export__.l10n_br_fiscal_ncm_14391_b794ba1c,2922.29.20,,
__export__.l10n_br_fiscal_ncm_14392_291a7684,2922.29.90,,
__export__.l10n_br_fiscal_ncm_14393_2b463b75,2922.31.11,,
__export__.l10n_br_fiscal_ncm_14394_ece7489c,2922.31.12,,
__export__.l10n_br_fiscal_ncm_14395_d2013c19,2922.31.20,,
__export__.l10n_br_fiscal_ncm_14396_1d07dbc5,2922.31.30,,
__export__.l10n_br_fiscal_ncm_14397_a5939b67,2922.39.10,,
__export__.l10n_br_fiscal_ncm_14398_6e7c4346,2922.39.21,,
__export__.l10n_br_fiscal_ncm_14399_0adb79bc,2922.39.29,,
__export__.l10n_br_fiscal_ncm_14400_e6dfc47a,2922.39.90,,
__export__.l10n_br_fiscal_ncm_14401_73ba71c9,2922.41.10,,l10n_br_fiscal.tax_classification_200033
__export__.l10n_br_fiscal_ncm_14402_5870b84f,2922.41.90,,l10n_br_fiscal.tax_classification_200033
__export__.l10n_br_fiscal_ncm_14403_7588e98f,2922.42.10,,l10n_br_fiscal.tax_classification_200033
__export__.l10n_br_fiscal_ncm_14404_a402b6b0,2922.42.20,,l10n_br_fiscal.tax_classification_200038
__export__.l10n_br_fiscal_ncm_14405_99760d55,2922.43.00,,l10n_br_fiscal.tax_classification_200038
__export__.l10n_br_fiscal_ncm_14406_d2b616ed,2922.44.10,,l10n_br_fiscal.tax_classification_200038
__export__.l10n_br_fiscal_ncm_14407_7b851989,2922.44.20,,l10n_br_fiscal.tax_classification_200038
__export__.l10n_br_fiscal_ncm_14408_35aca316,2922.49.10,,l10n_br_fiscal.tax_classification_200033
__export__.l10n_br_fiscal_ncm_14409_bc7bdb51,2922.49.20,,l10n_br_fiscal.tax_classification_200038
__export__.l10n_br_fiscal_ncm_14410_3bc81843,2922.49.31,,l10n_br_fiscal.tax_classification_200038
__export__.l10n_br_fiscal_ncm_14411_91d1e598,2922.49.32,,l10n_br_fiscal.tax_classification_200038
__export__.l10n_br_fiscal_ncm_14412_3b92ddc5,2922.49.40,,l10n_br_fiscal.tax_classification_200038
__export__.l10n_br_fiscal_ncm_14413_55560a3d,2922.49.51,,l10n_br_fiscal.tax_classification_200038
__export__.l10n_br_fiscal_ncm_14414_1c4dba87,2922.49.52,,l10n_br_fiscal.tax_classification_200038
__export__.l10n_br_fiscal_ncm_14415_16a626fe,2922.49.59,,l10n_br_fiscal.tax_classification_200038
__export__.l10n_br_fiscal_ncm_14416_5a5b635c,2922.49.61,,l10n_br_fiscal.tax_classification_200038
__export__.l10n_br_fiscal_ncm_14417_0ee02c72,2922.49.62,,l10n_br_fiscal.tax_classification_200038
__export__.l10n_br_fiscal_ncm_14418_455fc80f,2922.49.63,,l10n_br_fiscal.tax_classification_200038
__export__.l10n_br_fiscal_ncm_14419_aed38f06,2922.49.64,,l10n_br_fiscal.tax_classification_200038
__export__.l10n_br_fiscal_ncm_14420_6da13cb3,2922.49.69,,l10n_br_fiscal.tax_classification_200038
__export__.l10n_br_fiscal_ncm_14421_ece10d31,2922.49.90,,l10n_br_fiscal.tax_classification_200033
__export__.l10n_br_fiscal_ncm_14422_6c169e8f,2922.50.11,,
__export__.l10n_br_fiscal_ncm_14423_73fe9bb6,2922.50.19,,
__export__.l10n_br_fiscal_ncm_14424_393c0c55,2922.50.31,,
__export__.l10n_br_fiscal_ncm_14425_e73c8e24,2922.50.32,,
__export__.l10n_br_fiscal_ncm_14426_7484a663,2922.50.39,,l10n_br_fiscal.tax_classification_200033
__export__.l10n_br_fiscal_ncm_14427_2a31e35a,2922.50.91,,
__export__.l10n_br_fiscal_ncm_14428_1f9930e0,2922.50.99,,l10n_br_fiscal.tax_classification_200033
__export__.l10n_br_fiscal_ncm_14429_dddf931b,2923.10.00,,
__export__.l10n_br_fiscal_ncm_14430_f632c2b7,2923.20.00,,l10n_br_fiscal.tax_classification_200033
__export__.l10n_br_fiscal_ncm_14431_a55b8c83,2923.30.00,,
__export__.l10n_br_fiscal_ncm_14432_80078f6d,2923.40.00,,
__export__.l10n_br_fiscal_ncm_14433_6c31d26a,2923.90.10,,
__export__.l10n_br_fiscal_ncm_14434_35aa9b0f,2923.90.20,,
__export__.l10n_br_fiscal_ncm_14435_57f8fa44,2923.90.30,,
__export__.l10n_br_fiscal_ncm_14436_c83f988d,2923.90.40,,
__export__.l10n_br_fiscal_ncm_14437_bb3dedf0,2923.90.50,,
__export__.l10n_br_fiscal_ncm_14438_c2cdd38c,2923.90.60,,
__export__.l10n_br_fiscal_ncm_14439_2763c9c9,2923.90.90,,
__export__.l10n_br_fiscal_ncm_14440_a0578aac,2924.11.00,,
__export__.l10n_br_fiscal_ncm_14441_08d350c0,2924.12.10,,
__export__.l10n_br_fiscal_ncm_14442_f234dc20,2924.12.20,,
__export__.l10n_br_fiscal_ncm_14443_5365ae2b,2924.12.30,,
__export__.l10n_br_fiscal_ncm_14444_1c927a16,2924.19.11,,
__export__.l10n_br_fiscal_ncm_14445_90af57fc,2924.19.19,,
__export__.l10n_br_fiscal_ncm_14446_97957751,2924.19.21,,
__export__.l10n_br_fiscal_ncm_14447_55c77f57,2924.19.22,,
__export__.l10n_br_fiscal_ncm_14448_30c5ba74,2924.19.29,,
__export__.l10n_br_fiscal_ncm_14449_ae40cae4,2924.19.31,,
__export__.l10n_br_fiscal_ncm_14450_192138ab,2924.19.32,,
__export__.l10n_br_fiscal_ncm_14451_1e3ff158,2924.19.39,,
__export__.l10n_br_fiscal_ncm_14452_17ced6e1,2924.19.42,,
__export__.l10n_br_fiscal_ncm_14453_eb803a3f,2924.19.49,,
__export__.l10n_br_fiscal_ncm_14454_9d36f5d1,2924.19.91,,
__export__.l10n_br_fiscal_ncm_14455_6fe9336f,2924.19.92,,
__export__.l10n_br_fiscal_ncm_14456_d6243ab8,2924.19.93,,
__export__.l10n_br_fiscal_ncm_14457_3a760976,2924.19.94,,
__export__.l10n_br_fiscal_ncm_14458_1c28870e,2924.19.99,,
__export__.l10n_br_fiscal_ncm_14459_a7566360,2924.21.11,,
__export__.l10n_br_fiscal_ncm_14460_6601a3df,2924.21.19,,
__export__.l10n_br_fiscal_ncm_14461_d26493fb,2924.21.20,,
__export__.l10n_br_fiscal_ncm_14462_5107f897,2924.21.90,,
__export__.l10n_br_fiscal_ncm_14463_5aed8301,2924.23.00,,
__export__.l10n_br_fiscal_ncm_14464_64a69c4d,2924.24.00,,
__export__.l10n_br_fiscal_ncm_14465_bd6674c9,2924.25.00,,
__export__.l10n_br_fiscal_ncm_14466_17ee15dd,2924.29.11,,
__export__.l10n_br_fiscal_ncm_14467_5567fd7a,2924.29.12,,
__export__.l10n_br_fiscal_ncm_14468_59c65833,2924.29.13,,
__export__.l10n_br_fiscal_ncm_14469_eb8b0e67,2924.29.14,,
__export__.l10n_br_fiscal_ncm_14470_f1ba519d,2924.29.15,,
__export__.l10n_br_fiscal_ncm_14471_7752b5d1,2924.29.19,,
__export__.l10n_br_fiscal_ncm_14472_5de823dd,2924.29.20,,
__export__.l10n_br_fiscal_ncm_14473_0b53c857,2924.29.31,,
__export__.l10n_br_fiscal_ncm_14474_4ac64224,2924.29.32,,
__export__.l10n_br_fiscal_ncm_14475_2e84f64f,2924.29.39,,
__export__.l10n_br_fiscal_ncm_14476_16624bfd,2924.29.41,,
__export__.l10n_br_fiscal_ncm_14477_21b19046,2924.29.43,,
__export__.l10n_br_fiscal_ncm_14478_fa068891,2924.29.44,,
__export__.l10n_br_fiscal_ncm_14479_4eba7200,2924.29.45,,
__export__.l10n_br_fiscal_ncm_14480_11fe7d6e,2924.29.46,,
__export__.l10n_br_fiscal_ncm_14481_e0ab652f,2924.29.47,,
__export__.l10n_br_fiscal_ncm_14482_0a9d9afa,2924.29.49,,
__export__.l10n_br_fiscal_ncm_14483_4032ec86,2924.29.51,,
__export__.l10n_br_fiscal_ncm_14484_9639b15e,2924.29.52,,
__export__.l10n_br_fiscal_ncm_14485_4d3fb386,2924.29.59,,
__export__.l10n_br_fiscal_ncm_14486_1bcbe00a,2924.29.61,,
__export__.l10n_br_fiscal_ncm_14487_23544212,2924.29.62,,
__export__.l10n_br_fiscal_ncm_14488_c313b532,2924.29.63,,
__export__.l10n_br_fiscal_ncm_14489_dccd36cb,2924.29.64,,
__export__.l10n_br_fiscal_ncm_14490_2c193ad5,2924.29.69,,
__export__.l10n_br_fiscal_ncm_14491_a25d7f0e,2924.29.91,,
__export__.l10n_br_fiscal_ncm_14492_c2bb37ed,2924.29.92,,
__export__.l10n_br_fiscal_ncm_14493_b6cec32c,2924.29.93,,
__export__.l10n_br_fiscal_ncm_14494_a04000e6,2924.29.94,,
__export__.l10n_br_fiscal_ncm_14495_376a4f44,2924.29.95,,
__export__.l10n_br_fiscal_ncm_14496_f8f6d35d,2924.29.96,,
__export__.l10n_br_fiscal_ncm_14497_91bb61bd,2924.29.99,,
__export__.l10n_br_fiscal_ncm_14498_af5094dd,2925.11.00,,
__export__.l10n_br_fiscal_ncm_14499_17d0b4bd,2925.12.00,,
__export__.l10n_br_fiscal_ncm_14500_baad092a,2925.19.10,,
__export__.l10n_br_fiscal_ncm_14501_4519f467,2925.19.90,,
__export__.l10n_br_fiscal_ncm_14502_a7f5ffc3,2925.21.00,,
__export__.l10n_br_fiscal_ncm_14503_faea5b24,2925.29.11,,
__export__.l10n_br_fiscal_ncm_14504_6eb1c2cc,2925.29.19,,l10n_br_fiscal.tax_classification_200033
__export__.l10n_br_fiscal_ncm_14505_f12a60da,2925.29.21,,
__export__.l10n_br_fiscal_ncm_14506_83a86874,2925.29.22,,
__export__.l10n_br_fiscal_ncm_14507_a6f115b4,2925.29.23,,
__export__.l10n_br_fiscal_ncm_14508_cb5dd323,2925.29.29,,
__export__.l10n_br_fiscal_ncm_14509_a63e537c,2925.29.30,,
__export__.l10n_br_fiscal_ncm_14510_a59c2484,2925.29.40,,
__export__.l10n_br_fiscal_ncm_14511_413fc5fe,2925.29.50,,
__export__.l10n_br_fiscal_ncm_14512_aaaad73a,2925.29.90,,
__export__.l10n_br_fiscal_ncm_14513_c8b83126,2926.10.00,,
__export__.l10n_br_fiscal_ncm_14514_724b1bd8,2926.20.00,,
__export__.l10n_br_fiscal_ncm_14515_1c0652cd,2926.30.11,,
__export__.l10n_br_fiscal_ncm_14516_b3b97553,2926.30.12,,
__export__.l10n_br_fiscal_ncm_14517_acd50526,2926.30.20,,
__export__.l10n_br_fiscal_ncm_14518_be400eff,2926.40.00,,
__export__.l10n_br_fiscal_ncm_14519_1f1e1b04,2926.90.11,,
__export__.l10n_br_fiscal_ncm_14520_27fd790b,2926.90.12,,
__export__.l10n_br_fiscal_ncm_14521_1fe141d0,2926.90.19,,
__export__.l10n_br_fiscal_ncm_14522_f3f69401,2926.90.21,,
__export__.l10n_br_fiscal_ncm_14523_13c13bbc,2926.90.22,,
__export__.l10n_br_fiscal_ncm_14524_c6f9bbaa,2926.90.23,,
__export__.l10n_br_fiscal_ncm_14525_c0fdf1b9,2926.90.24,,
__export__.l10n_br_fiscal_ncm_14526_59735e4d,2926.90.25,,
__export__.l10n_br_fiscal_ncm_14527_9e4d5104,2926.90.26,,
__export__.l10n_br_fiscal_ncm_14528_f9f15d81,2926.90.29,,
__export__.l10n_br_fiscal_ncm_14529_027743e3,2926.90.30,,
__export__.l10n_br_fiscal_ncm_14530_93c4b53d,2926.90.91,,
__export__.l10n_br_fiscal_ncm_14531_adb35c77,2926.90.92,,
__export__.l10n_br_fiscal_ncm_14532_5db04398,2926.90.93,,
__export__.l10n_br_fiscal_ncm_14533_3f528b03,2926.90.95,,
__export__.l10n_br_fiscal_ncm_14534_73348686,2926.90.96,,
__export__.l10n_br_fiscal_ncm_14535_08911b66,2926.90.99,,
__export__.l10n_br_fiscal_ncm_14536_75b95699,2927.00.10,,
__export__.l10n_br_fiscal_ncm_14537_8784a5ce,2927.00.21,,
__export__.l10n_br_fiscal_ncm_14538_9f0d8786,2927.00.29,,
__export__.l10n_br_fiscal_ncm_14539_0044617e,2927.00.30,,
__export__.l10n_br_fiscal_ncm_14540_33ebf3aa,2928.00.11,,
__export__.l10n_br_fiscal_ncm_14541_2ce7a89a,2928.00.19,,
__export__.l10n_br_fiscal_ncm_14542_e3ecac1b,2928.00.20,,
__export__.l10n_br_fiscal_ncm_14543_add60182,2928.00.30,,
__export__.l10n_br_fiscal_ncm_14544_f03280dd,2928.00.41,,
__export__.l10n_br_fiscal_ncm_14545_09eef3f5,2928.00.42,,
__export__.l10n_br_fiscal_ncm_14546_26fa2e6e,2928.00.90,,
__export__.l10n_br_fiscal_ncm_14547_2c9ddddc,2929.10.10,,
__export__.l10n_br_fiscal_ncm_14548_b2270e41,2929.10.21,,
__export__.l10n_br_fiscal_ncm_14549_e7c9e267,2929.10.29,,
__export__.l10n_br_fiscal_ncm_14550_539405a3,2929.10.30,,
__export__.l10n_br_fiscal_ncm_14551_d12cb6c5,2929.10.90,,
__export__.l10n_br_fiscal_ncm_14552_122abf8f,2929.90.11,,
__export__.l10n_br_fiscal_ncm_14553_b4cdcf0d,2929.90.12,,
__export__.l10n_br_fiscal_ncm_14554_a2471f5f,2929.90.19,,
__export__.l10n_br_fiscal_ncm_14555_39ec6a93,2929.90.21,,
__export__.l10n_br_fiscal_ncm_14556_e9067625,2929.90.22,,
__export__.l10n_br_fiscal_ncm_14557_bfbf233f,2929.90.29,,
__export__.l10n_br_fiscal_ncm_14558_1774f34e,2929.90.90,,
__export__.l10n_br_fiscal_ncm_14559_7d5d9a06,2930.10.00,,
__export__.l10n_br_fiscal_ncm_14560_6330a3ff,2930.20.11,,
__export__.l10n_br_fiscal_ncm_14561_27e5b2c0,2930.20.12,,
__export__.l10n_br_fiscal_ncm_14562_3d6c441a,2930.20.13,,
__export__.l10n_br_fiscal_ncm_14563_e52d6f71,2930.20.19,,
__export__.l10n_br_fiscal_ncm_14564_0193a1ca,2930.20.21,,
__export__.l10n_br_fiscal_ncm_14565_fcdcb83a,2930.20.22,,
__export__.l10n_br_fiscal_ncm_14566_224dad51,2930.20.23,,
__export__.l10n_br_fiscal_ncm_14567_6b744444,2930.20.24,,
__export__.l10n_br_fiscal_ncm_14568_5ed879f3,2930.20.29,,
__export__.l10n_br_fiscal_ncm_14569_4a680af1,2930.30.11,,
__export__.l10n_br_fiscal_ncm_14570_9ccd8cfe,2930.30.12,,
__export__.l10n_br_fiscal_ncm_14571_2861cfac,2930.30.19,,
__export__.l10n_br_fiscal_ncm_14572_0e09f2d9,2930.30.21,,
__export__.l10n_br_fiscal_ncm_14573_55108387,2930.30.22,,
__export__.l10n_br_fiscal_ncm_14574_952ad743,2930.30.29,,
__export__.l10n_br_fiscal_ncm_14575_07841b11,2930.30.90,,
__export__.l10n_br_fiscal_ncm_14576_8eb2667c,2930.40.10,,l10n_br_fiscal.tax_classification_200033
__export__.l10n_br_fiscal_ncm_14577_41da1d85,2930.40.90,,l10n_br_fiscal.tax_classification_200033
__export__.l10n_br_fiscal_ncm_14578_093e8e9c,2930.60.00,,
__export__.l10n_br_fiscal_ncm_14579_2195551f,2930.70.00,,
__export__.l10n_br_fiscal_ncm_14580_f01941c8,2930.80.10,,
__export__.l10n_br_fiscal_ncm_14581_e94b6607,2930.80.20,,
__export__.l10n_br_fiscal_ncm_14582_809d8e8e,2930.80.30,,
__export__.l10n_br_fiscal_ncm_14583_f46b03be,2930.90.11,,
__export__.l10n_br_fiscal_ncm_14584_835ceb15,2930.90.12,,
__export__.l10n_br_fiscal_ncm_14585_909b53bc,2930.90.13,,
__export__.l10n_br_fiscal_ncm_14586_58aebed0,2930.90.19,,
__export__.l10n_br_fiscal_ncm_14587_81a0e713,2930.90.21,,
__export__.l10n_br_fiscal_ncm_14588_57e7e811,2930.90.22,,
__export__.l10n_br_fiscal_ncm_14589_2bf59501,2930.90.23,,
__export__.l10n_br_fiscal_ncm_14590_e7a4563f,2930.90.29,,
__export__.l10n_br_fiscal_ncm_14591_b69d6ade,2930.90.31,,
__export__.l10n_br_fiscal_ncm_14592_3464ab00,2930.90.32,,
__export__.l10n_br_fiscal_ncm_14593_940cfbda,2930.90.33,,
__export__.l10n_br_fiscal_ncm_14594_281d537b,2930.90.34,,
__export__.l10n_br_fiscal_ncm_14595_f7b80286,2930.90.35,,
__export__.l10n_br_fiscal_ncm_14596_8cf6caf4,2930.90.36,,
__export__.l10n_br_fiscal_ncm_14597_614e60ef,2930.90.37,,
__export__.l10n_br_fiscal_ncm_14598_03273df2,2930.90.39,,l10n_br_fiscal.tax_classification_200033
__export__.l10n_br_fiscal_ncm_14599_a571d025,2930.90.41,,
__export__.l10n_br_fiscal_ncm_14600_731edef7,2930.90.42,,
__export__.l10n_br_fiscal_ncm_14601_8c95e942,2930.90.43,,
__export__.l10n_br_fiscal_ncm_14602_a7cf37c8,2930.90.49,,
__export__.l10n_br_fiscal_ncm_14603_8f17924d,2930.90.51,,
__export__.l10n_br_fiscal_ncm_14604_b50e6449,2930.90.52,,
__export__.l10n_br_fiscal_ncm_14605_57f7c2a4,2930.90.53,,
__export__.l10n_br_fiscal_ncm_14606_65435739,2930.90.54,,
__export__.l10n_br_fiscal_ncm_14607_f987312d,2930.90.57,,
__export__.l10n_br_fiscal_ncm_14608_02c305ba,2930.90.59,,
__export__.l10n_br_fiscal_ncm_14609_4465b8e1,2930.90.61,,
__export__.l10n_br_fiscal_ncm_14610_4d3228bb,2930.90.69,,
__export__.l10n_br_fiscal_ncm_14611_6af83845,2930.90.71,,
__export__.l10n_br_fiscal_ncm_14612_9c35e8da,2930.90.72,,
__export__.l10n_br_fiscal_ncm_14613_141d6300,2930.90.79,,
__export__.l10n_br_fiscal_ncm_14614_8be119e8,2930.90.81,,
__export__.l10n_br_fiscal_ncm_14615_a993aa72,2930.90.82,,
__export__.l10n_br_fiscal_ncm_14616_9897f115,2930.90.83,,
__export__.l10n_br_fiscal_ncm_14617_4f28d672,2930.90.84,,
__export__.l10n_br_fiscal_ncm_14618_fddfb976,2930.90.85,,
__export__.l10n_br_fiscal_ncm_14619_ef95ba98,2930.90.86,,
__export__.l10n_br_fiscal_ncm_14620_70fb00f4,2930.90.87,,
__export__.l10n_br_fiscal_ncm_14621_b36ebf5c,2930.90.88,,
__export__.l10n_br_fiscal_ncm_14622_4cb8d8f4,2930.90.89,,
__export__.l10n_br_fiscal_ncm_14623_53b9fae4,2930.90.91,,
__export__.l10n_br_fiscal_ncm_14624_7e8408b3,2930.90.93,,
__export__.l10n_br_fiscal_ncm_14625_0c83bc06,2930.90.94,,
__export__.l10n_br_fiscal_ncm_14626_de950165,2930.90.95,,
__export__.l10n_br_fiscal_ncm_14627_3cf8a85a,2930.90.96,,
__export__.l10n_br_fiscal_ncm_14628_0c3c7352,2930.90.97,,
__export__.l10n_br_fiscal_ncm_14629_964918e7,2930.90.98,,
__export__.l10n_br_fiscal_ncm_14630_03a07316,2930.90.99,,
__export__.l10n_br_fiscal_ncm_14631_2948cf33,2931.10.00,,
__export__.l10n_br_fiscal_ncm_14632_534d6ad1,2931.20.00,,
__export__.l10n_br_fiscal_ncm_14633_263cecb1,2931.41.00,,
__export__.l10n_br_fiscal_ncm_14634_200d6531,2931.42.00,,
__export__.l10n_br_fiscal_ncm_14635_04a75a84,2931.43.00,,
__export__.l10n_br_fiscal_ncm_14636_f4a34346,2931.44.00,,
__export__.l10n_br_fiscal_ncm_14637_cd1f22c4,2931.45.00,,
__export__.l10n_br_fiscal_ncm_14638_b2d2777b,2931.46.00,,
__export__.l10n_br_fiscal_ncm_14639_30e69405,2931.47.00,,
__export__.l10n_br_fiscal_ncm_14640_61b3190c,2931.48.00,,
__export__.l10n_br_fiscal_ncm_14641_d031bc0a,2931.49.11,,
__export__.l10n_br_fiscal_ncm_14642_40a2932d,2931.49.12,,
__export__.l10n_br_fiscal_ncm_14643_b6ee9a73,2931.49.13,,
__export__.l10n_br_fiscal_ncm_14644_1cf6e93d,2931.49.14,,
__export__.l10n_br_fiscal_ncm_14645_bc0090cd,2931.49.15,,
__export__.l10n_br_fiscal_ncm_14646_c0038876,2931.49.16,,
__export__.l10n_br_fiscal_ncm_14647_7a68ba98,2931.49.20,,
__export__.l10n_br_fiscal_ncm_14648_be1e4f9d,2931.49.30,,
__export__.l10n_br_fiscal_ncm_14649_f48b1d75,2931.49.40,,
__export__.l10n_br_fiscal_ncm_14650_2f7f44d2,2931.49.90,,
__export__.l10n_br_fiscal_ncm_14651_6248d05f,2931.51.00,,
__export__.l10n_br_fiscal_ncm_14652_bbe07562,2931.52.00,,
__export__.l10n_br_fiscal_ncm_14653_c373d35b,2931.53.00,,
__export__.l10n_br_fiscal_ncm_14654_ef2a4ee4,2931.54.00,,
__export__.l10n_br_fiscal_ncm_14655_50c9f839,2931.59.11,,
__export__.l10n_br_fiscal_ncm_14656_7a537583,2931.59.12,,
__export__.l10n_br_fiscal_ncm_14657_3de63d67,2931.59.13,,
__export__.l10n_br_fiscal_ncm_14658_1377bba1,2931.59.91,,
__export__.l10n_br_fiscal_ncm_14659_c29e90c9,2931.59.92,,
__export__.l10n_br_fiscal_ncm_14660_6d7cb696,2931.59.93,,
__export__.l10n_br_fiscal_ncm_14661_9e16b838,2931.59.94,,
__export__.l10n_br_fiscal_ncm_14662_15f92480,2931.59.99,,
__export__.l10n_br_fiscal_ncm_14663_4cd628a6,2931.90.21,,
__export__.l10n_br_fiscal_ncm_14664_71bb923e,2931.90.29,,
__export__.l10n_br_fiscal_ncm_14665_3e9a8254,2931.90.41,,
__export__.l10n_br_fiscal_ncm_14666_0c25c8c5,2931.90.42,,
__export__.l10n_br_fiscal_ncm_14667_673f2a1a,2931.90.43,,
__export__.l10n_br_fiscal_ncm_14668_3b31c320,2931.90.44,,
__export__.l10n_br_fiscal_ncm_14669_408e9f9c,2931.90.45,,
__export__.l10n_br_fiscal_ncm_14670_43b69afb,2931.90.46,,
__export__.l10n_br_fiscal_ncm_14671_89c6ee97,2931.90.49,,
__export__.l10n_br_fiscal_ncm_14672_f678035f,2931.90.51,,
__export__.l10n_br_fiscal_ncm_14673_c7adf13b,2931.90.52,,
__export__.l10n_br_fiscal_ncm_14674_f27c8f1b,2931.90.53,,
__export__.l10n_br_fiscal_ncm_14675_9fa90912,2931.90.54,,
__export__.l10n_br_fiscal_ncm_14676_2830b70b,2931.90.59,,
__export__.l10n_br_fiscal_ncm_14677_190edfde,2931.90.61,,
__export__.l10n_br_fiscal_ncm_14678_58ae9da7,2931.90.62,,
__export__.l10n_br_fiscal_ncm_14679_7f9b0274,2931.90.69,,
__export__.l10n_br_fiscal_ncm_14680_3f2f0ecd,2931.90.90,,
__export__.l10n_br_fiscal_ncm_14681_e801aef5,2932.11.00,,
__export__.l10n_br_fiscal_ncm_14682_708cb492,2932.12.00,,
__export__.l10n_br_fiscal_ncm_14683_37c532cc,2932.13.10,,
__export__.l10n_br_fiscal_ncm_14684_1824af61,2932.13.20,,
__export__.l10n_br_fiscal_ncm_14685_8e69e4ff,2932.14.00,,
__export__.l10n_br_fiscal_ncm_14686_9a6fc6e4,2932.19.10,,
__export__.l10n_br_fiscal_ncm_14687_4a3f23fb,2932.19.20,,
__export__.l10n_br_fiscal_ncm_14688_d6985957,2932.19.30,,
__export__.l10n_br_fiscal_ncm_14689_826dc9dd,2932.19.40,,
__export__.l10n_br_fiscal_ncm_14690_3a9eb143,2932.19.50,,
__export__.l10n_br_fiscal_ncm_14691_81db475f,2932.19.90,,
__export__.l10n_br_fiscal_ncm_14692_086a5b77,2932.20.00,,
__export__.l10n_br_fiscal_ncm_14693_2be96e48,2932.91.00,,
__export__.l10n_br_fiscal_ncm_14694_1e96519c,2932.92.00,,
__export__.l10n_br_fiscal_ncm_14695_08fc8ce7,2932.93.00,,
__export__.l10n_br_fiscal_ncm_14696_2c77323a,2932.94.00,,
__export__.l10n_br_fiscal_ncm_14697_513ac981,2932.95.00,,
__export__.l10n_br_fiscal_ncm_14698_d39dd14b,2932.96.00,,
__export__.l10n_br_fiscal_ncm_14699_302a7697,2932.99.11,,
__export__.l10n_br_fiscal_ncm_14700_c6a9bc1d,2932.99.12,,
__export__.l10n_br_fiscal_ncm_14701_b00ca440,2932.99.13,,
__export__.l10n_br_fiscal_ncm_14702_42da6e9b,2932.99.91,,
__export__.l10n_br_fiscal_ncm_14703_5e08ed4f,2932.99.92,,
__export__.l10n_br_fiscal_ncm_14704_9ca5d5d3,2932.99.93,,
__export__.l10n_br_fiscal_ncm_14705_794ab2ee,2932.99.94,,
__export__.l10n_br_fiscal_ncm_14706_8564852c,2932.99.99,,
__export__.l10n_br_fiscal_ncm_14707_eb88e880,2933.11.11,,
__export__.l10n_br_fiscal_ncm_14708_10124722,2933.11.12,,
__export__.l10n_br_fiscal_ncm_14709_09431a0e,2933.11.19,,
__export__.l10n_br_fiscal_ncm_14710_f90483e9,2933.11.20,,
__export__.l10n_br_fiscal_ncm_14711_b1efa4ed,2933.11.90,,
__export__.l10n_br_fiscal_ncm_14712_a5505b9f,2933.19.11,,
__export__.l10n_br_fiscal_ncm_14713_6aa3da42,2933.19.19,,
__export__.l10n_br_fiscal_ncm_14714_e6278603,2933.19.90,,
__export__.l10n_br_fiscal_ncm_14715_1002327a,2933.21.10,,
__export__.l10n_br_fiscal_ncm_14716_f509b88a,2933.21.21,,
__export__.l10n_br_fiscal_ncm_14717_a65cde8e,2933.21.29,,
__export__.l10n_br_fiscal_ncm_14718_aedc273a,2933.21.90,,
__export__.l10n_br_fiscal_ncm_14719_8fdd9f33,2933.29.11,,
__export__.l10n_br_fiscal_ncm_14720_664c4a7e,2933.29.12,,
__export__.l10n_br_fiscal_ncm_14721_7a24fc8e,2933.29.13,,
__export__.l10n_br_fiscal_ncm_14722_ce2c9ef4,2933.29.19,,
__export__.l10n_br_fiscal_ncm_14723_9c42f5e4,2933.29.21,,
__export__.l10n_br_fiscal_ncm_14724_b52a4a63,2933.29.22,,
__export__.l10n_br_fiscal_ncm_14725_a2cd6afc,2933.29.23,,
__export__.l10n_br_fiscal_ncm_14726_b5092486,2933.29.24,,
__export__.l10n_br_fiscal_ncm_14727_3b54a31d,2933.29.25,,
__export__.l10n_br_fiscal_ncm_14728_b1412b66,2933.29.29,,
__export__.l10n_br_fiscal_ncm_14729_a4fdbf47,2933.29.30,,
__export__.l10n_br_fiscal_ncm_14730_c5e33051,2933.29.40,,
__export__.l10n_br_fiscal_ncm_14731_ca3ce12d,2933.29.91,,
__export__.l10n_br_fiscal_ncm_14732_0d3d452e,2933.29.92,,l10n_br_fiscal.tax_classification_200033
__export__.l10n_br_fiscal_ncm_14733_9b9886e0,2933.29.93,,
__export__.l10n_br_fiscal_ncm_14734_ed4661d9,2933.29.94,,
__export__.l10n_br_fiscal_ncm_14735_109946ca,2933.29.95,,
__export__.l10n_br_fiscal_ncm_14736_422e7f65,2933.29.99,,
__export__.l10n_br_fiscal_ncm_14737_ce554147,2933.31.10,,
__export__.l10n_br_fiscal_ncm_14738_426dcdf7,2933.31.20,,
__export__.l10n_br_fiscal_ncm_14739_e6902217,2933.32.00,,
__export__.l10n_br_fiscal_ncm_14740_9f96e49c,2933.33.11,,
__export__.l10n_br_fiscal_ncm_14741_ccd03890,2933.33.12,,
__export__.l10n_br_fiscal_ncm_14742_a8074577,2933.33.19,,
__export__.l10n_br_fiscal_ncm_14743_7d8a69a3,2933.33.21,,
__export__.l10n_br_fiscal_ncm_14744_a888de20,2933.33.22,,
__export__.l10n_br_fiscal_ncm_14745_2ca01d32,2933.33.29,,
__export__.l10n_br_fiscal_ncm_14746_5400fb91,2933.33.31,,
__export__.l10n_br_fiscal_ncm_14747_fa4749fe,2933.33.32,,
__export__.l10n_br_fiscal_ncm_14748_4dd057d9,2933.33.39,,
__export__.l10n_br_fiscal_ncm_14749_5e1f1bb7,2933.33.41,,
__export__.l10n_br_fiscal_ncm_14750_51a7e0da,2933.33.42,,
__export__.l10n_br_fiscal_ncm_14751_ce567258,2933.33.49,,
__export__.l10n_br_fiscal_ncm_14752_45b0a2ad,2933.33.51,,
__export__.l10n_br_fiscal_ncm_14753_4de3e729,2933.33.52,,
__export__.l10n_br_fiscal_ncm_14754_56614bbe,2933.33.59,,
__export__.l10n_br_fiscal_ncm_14755_7767c7d0,2933.33.61,,
__export__.l10n_br_fiscal_ncm_14756_e2be1abe,2933.33.62,,
__export__.l10n_br_fiscal_ncm_14757_f4e64c3c,2933.33.63,,
__export__.l10n_br_fiscal_ncm_14758_37e0005e,2933.33.69,,
__export__.l10n_br_fiscal_ncm_14759_32e0553a,2933.33.71,,
__export__.l10n_br_fiscal_ncm_14760_695d3698,2933.33.72,,
__export__.l10n_br_fiscal_ncm_14761_95a3be50,2933.33.79,,
__export__.l10n_br_fiscal_ncm_14762_73341fd2,2933.33.81,,
__export__.l10n_br_fiscal_ncm_14763_3ad67a8b,2933.33.82,,
__export__.l10n_br_fiscal_ncm_14764_a33031e8,2933.33.83,,
__export__.l10n_br_fiscal_ncm_14765_44760fbe,2933.33.84,,
__export__.l10n_br_fiscal_ncm_14766_459e9013,2933.33.89,,
__export__.l10n_br_fiscal_ncm_14767_38dc0df9,2933.33.91,,
__export__.l10n_br_fiscal_ncm_14768_8a06996e,2933.33.92,,
__export__.l10n_br_fiscal_ncm_14769_7e8c6b24,2933.33.93,,
__export__.l10n_br_fiscal_ncm_14770_51f35822,2933.33.94,,
__export__.l10n_br_fiscal_ncm_14771_580a65f7,2933.33.99,,
__export__.l10n_br_fiscal_ncm_14772_ce4cfdf0,2933.34.00,,
__export__.l10n_br_fiscal_ncm_14773_1c193130,2933.35.00,,
__export__.l10n_br_fiscal_ncm_14774_201da273,2933.36.00,,
__export__.l10n_br_fiscal_ncm_14775_994e3755,2933.37.00,,
__export__.l10n_br_fiscal_ncm_14776_5f0b1d45,2933.39.12,,
__export__.l10n_br_fiscal_ncm_14777_0102d0c0,2933.39.13,,
__export__.l10n_br_fiscal_ncm_14778_2d25880b,2933.39.14,,
__export__.l10n_br_fiscal_ncm_14779_ba3eb149,2933.39.15,,
__export__.l10n_br_fiscal_ncm_14780_fec60746,2933.39.19,,
__export__.l10n_br_fiscal_ncm_14781_43633658,2933.39.21,,
__export__.l10n_br_fiscal_ncm_14782_b17a6b54,2933.39.22,,
__export__.l10n_br_fiscal_ncm_14783_70b66edc,2933.39.23,,
__export__.l10n_br_fiscal_ncm_14784_6c42a712,2933.39.24,,
__export__.l10n_br_fiscal_ncm_14785_ce7666cf,2933.39.25,,
__export__.l10n_br_fiscal_ncm_14786_a892ff21,2933.39.29,,
__export__.l10n_br_fiscal_ncm_14787_72fe356f,2933.39.31,,
__export__.l10n_br_fiscal_ncm_14788_5f61f350,2933.39.32,,
__export__.l10n_br_fiscal_ncm_14789_a5288500,2933.39.33,,
__export__.l10n_br_fiscal_ncm_14790_c7afddda,2933.39.34,,
__export__.l10n_br_fiscal_ncm_14791_15a3c493,2933.39.35,,
__export__.l10n_br_fiscal_ncm_14792_0df54071,2933.39.37,,
__export__.l10n_br_fiscal_ncm_14793_debeb27c,2933.39.39,,
__export__.l10n_br_fiscal_ncm_14794_10c3f341,2933.39.43,,
__export__.l10n_br_fiscal_ncm_14795_a15950d9,2933.39.44,,
__export__.l10n_br_fiscal_ncm_14796_9b3baa61,2933.39.45,,
__export__.l10n_br_fiscal_ncm_14797_a08d4a6f,2933.39.46,,
__export__.l10n_br_fiscal_ncm_14798_e3b13aa4,2933.39.48,,
__export__.l10n_br_fiscal_ncm_14799_2765fc09,2933.39.49,,
__export__.l10n_br_fiscal_ncm_14800_6df3c4f4,2933.39.81,,
__export__.l10n_br_fiscal_ncm_14801_77ca4186,2933.39.82,,
__export__.l10n_br_fiscal_ncm_14802_cfa96aa0,2933.39.83,,
__export__.l10n_br_fiscal_ncm_14803_cd6bbfab,2933.39.84,,
__export__.l10n_br_fiscal_ncm_14804_b29f4e4d,2933.39.89,,
__export__.l10n_br_fiscal_ncm_14805_2745a5ac,2933.39.91,,
__export__.l10n_br_fiscal_ncm_14806_b7a815ac,2933.39.92,,
__export__.l10n_br_fiscal_ncm_14807_27df0252,2933.39.93,,
__export__.l10n_br_fiscal_ncm_14808_d22194de,2933.39.94,,
__export__.l10n_br_fiscal_ncm_14809_2fd0a2c6,2933.39.99,,
__export__.l10n_br_fiscal_ncm_14810_4db76976,2933.41.10,,
__export__.l10n_br_fiscal_ncm_14811_59fa7425,2933.41.20,,
__export__.l10n_br_fiscal_ncm_14812_03bd11a7,2933.49.11,,
__export__.l10n_br_fiscal_ncm_14813_8a955c34,2933.49.12,,
__export__.l10n_br_fiscal_ncm_14814_c5b0c30d,2933.49.13,,
__export__.l10n_br_fiscal_ncm_14815_19952cb8,2933.49.19,,
__export__.l10n_br_fiscal_ncm_14816_39fe950e,2933.49.20,,
__export__.l10n_br_fiscal_ncm_14817_a1fd813b,2933.49.30,,
__export__.l10n_br_fiscal_ncm_14818_9ac3f131,2933.49.40,,
__export__.l10n_br_fiscal_ncm_14819_2fbe9515,2933.49.90,,
__export__.l10n_br_fiscal_ncm_14820_efc553d2,2933.52.00,,
__export__.l10n_br_fiscal_ncm_14821_dd809fe1,2933.53.11,,
__export__.l10n_br_fiscal_ncm_14822_2a0b073c,2933.53.12,,
__export__.l10n_br_fiscal_ncm_14823_05018afe,2933.53.21,,
__export__.l10n_br_fiscal_ncm_14824_0b769cfa,2933.53.22,,
__export__.l10n_br_fiscal_ncm_14825_ccf8fb6f,2933.53.23,,
__export__.l10n_br_fiscal_ncm_14826_bc4f34b4,2933.53.30,,
__export__.l10n_br_fiscal_ncm_14827_c128b319,2933.53.40,,
__export__.l10n_br_fiscal_ncm_14828_c68a2f9c,2933.53.50,,
__export__.l10n_br_fiscal_ncm_14829_d9ef1f46,2933.53.60,,
__export__.l10n_br_fiscal_ncm_14830_f1f5210e,2933.53.71,,
__export__.l10n_br_fiscal_ncm_14831_bc159411,2933.53.72,,
__export__.l10n_br_fiscal_ncm_14832_caa86d6b,2933.53.80,,
__export__.l10n_br_fiscal_ncm_14833_9f414dea,2933.54.00,,
__export__.l10n_br_fiscal_ncm_14834_a23a6a07,2933.55.10,,
__export__.l10n_br_fiscal_ncm_14835_687aed27,2933.55.20,,
__export__.l10n_br_fiscal_ncm_14836_7cc93fbb,2933.55.30,,
__export__.l10n_br_fiscal_ncm_14837_9e9d2fec,2933.55.40,,
__export__.l10n_br_fiscal_ncm_14838_8fe28563,2933.59.11,,
__export__.l10n_br_fiscal_ncm_14839_4c9dfd24,2933.59.12,,
__export__.l10n_br_fiscal_ncm_14840_ba9259c2,2933.59.13,,
__export__.l10n_br_fiscal_ncm_14841_3368de26,2933.59.14,,
__export__.l10n_br_fiscal_ncm_14842_bed79d65,2933.59.15,,
__export__.l10n_br_fiscal_ncm_14843_b22c3c53,2933.59.16,,
__export__.l10n_br_fiscal_ncm_14844_c8cb4f1a,2933.59.19,,
__export__.l10n_br_fiscal_ncm_14845_5e8bc05c,2933.59.21,,
__export__.l10n_br_fiscal_ncm_14846_05c0bef1,2933.59.22,,
__export__.l10n_br_fiscal_ncm_14847_ea503593,2933.59.23,,
__export__.l10n_br_fiscal_ncm_14848_1f96b45d,2933.59.29,,
__export__.l10n_br_fiscal_ncm_14849_8b7ef144,2933.59.31,,
__export__.l10n_br_fiscal_ncm_14850_24810372,2933.59.32,,
__export__.l10n_br_fiscal_ncm_14851_3f671746,2933.59.33,,
__export__.l10n_br_fiscal_ncm_14852_7fcc4fea,2933.59.34,,
__export__.l10n_br_fiscal_ncm_14853_368621ab,2933.59.35,,
__export__.l10n_br_fiscal_ncm_14854_18a1e0ec,2933.59.39,,
__export__.l10n_br_fiscal_ncm_14855_73ee2ad5,2933.59.41,,
__export__.l10n_br_fiscal_ncm_14856_6004852b,2933.59.42,,
__export__.l10n_br_fiscal_ncm_14857_6553d015,2933.59.43,,
__export__.l10n_br_fiscal_ncm_14858_692b3276,2933.59.44,,
__export__.l10n_br_fiscal_ncm_14859_762fda35,2933.59.45,,
__export__.l10n_br_fiscal_ncm_14860_2fb5f53c,2933.59.49,,
__export__.l10n_br_fiscal_ncm_14861_fef954d4,2933.59.91,,
__export__.l10n_br_fiscal_ncm_14862_37fa2254,2933.59.92,,
__export__.l10n_br_fiscal_ncm_14863_0eedcb79,2933.59.99,,
__export__.l10n_br_fiscal_ncm_14864_1e4027cb,2933.61.00,,
__export__.l10n_br_fiscal_ncm_14865_318c9b72,2933.69.11,,
__export__.l10n_br_fiscal_ncm_14866_05797a4e,2933.69.12,,
__export__.l10n_br_fiscal_ncm_14867_474c2fef,2933.69.13,,
__export__.l10n_br_fiscal_ncm_14868_3a8616a4,2933.69.14,,
__export__.l10n_br_fiscal_ncm_14869_f671ce90,2933.69.15,,
__export__.l10n_br_fiscal_ncm_14870_6b5b788e,2933.69.16,,
__export__.l10n_br_fiscal_ncm_14871_99e7415a,2933.69.19,,
__export__.l10n_br_fiscal_ncm_14872_d9d79a88,2933.69.21,,
__export__.l10n_br_fiscal_ncm_14873_7cb129de,2933.69.22,,
__export__.l10n_br_fiscal_ncm_14874_e76eea60,2933.69.23,,
__export__.l10n_br_fiscal_ncm_14875_a004797f,2933.69.29,,
__export__.l10n_br_fiscal_ncm_14876_d1b90d4c,2933.69.91,,
__export__.l10n_br_fiscal_ncm_14877_52a1f990,2933.69.92,,
__export__.l10n_br_fiscal_ncm_14878_0dbb31eb,2933.69.99,,
__export__.l10n_br_fiscal_ncm_14879_e4b34906,2933.71.00,,
__export__.l10n_br_fiscal_ncm_14880_2967d737,2933.72.10,,
__export__.l10n_br_fiscal_ncm_14881_b1cd98d5,2933.72.20,,
__export__.l10n_br_fiscal_ncm_14882_58194b46,2933.79.10,,
__export__.l10n_br_fiscal_ncm_14883_a1b6022d,2933.79.90,,
__export__.l10n_br_fiscal_ncm_14884_00da6d02,2933.91.11,,
__export__.l10n_br_fiscal_ncm_14885_3e617172,2933.91.12,,
__export__.l10n_br_fiscal_ncm_14886_68c0d39e,2933.91.13,,
__export__.l10n_br_fiscal_ncm_14887_343c5ccc,2933.91.14,,
__export__.l10n_br_fiscal_ncm_14888_ac16ad69,2933.91.15,,
__export__.l10n_br_fiscal_ncm_14889_5c6b1f8f,2933.91.19,,
__export__.l10n_br_fiscal_ncm_14890_3cd9f605,2933.91.21,,
__export__.l10n_br_fiscal_ncm_14891_73ad2b21,2933.91.22,,
__export__.l10n_br_fiscal_ncm_14892_a9059638,2933.91.23,,
__export__.l10n_br_fiscal_ncm_14893_26be565b,2933.91.29,,
__export__.l10n_br_fiscal_ncm_14894_bee49ed9,2933.91.31,,
__export__.l10n_br_fiscal_ncm_14895_8acc2158,2933.91.32,,
__export__.l10n_br_fiscal_ncm_14896_10d1a5fb,2933.91.33,,
__export__.l10n_br_fiscal_ncm_14897_adcd31c8,2933.91.34,,
__export__.l10n_br_fiscal_ncm_14898_223737b0,2933.91.39,,
__export__.l10n_br_fiscal_ncm_14899_92218849,2933.91.41,,
__export__.l10n_br_fiscal_ncm_14900_67feefb9,2933.91.42,,
__export__.l10n_br_fiscal_ncm_14901_23d44932,2933.91.43,,
__export__.l10n_br_fiscal_ncm_14902_971b566c,2933.91.49,,
__export__.l10n_br_fiscal_ncm_14903_5ecdb546,2933.91.51,,
__export__.l10n_br_fiscal_ncm_14904_4ea0c560,2933.91.52,,
__export__.l10n_br_fiscal_ncm_14905_2972a52a,2933.91.53,,
__export__.l10n_br_fiscal_ncm_14906_f09bc314,2933.91.59,,
__export__.l10n_br_fiscal_ncm_14907_9bc952c1,2933.91.61,,
__export__.l10n_br_fiscal_ncm_14908_f448914d,2933.91.62,,
__export__.l10n_br_fiscal_ncm_14909_9ff76f39,2933.91.63,,
__export__.l10n_br_fiscal_ncm_14910_8913927e,2933.91.64,,
__export__.l10n_br_fiscal_ncm_14911_2d01e4f5,2933.91.69,,
__export__.l10n_br_fiscal_ncm_14912_715f66a8,2933.91.71,,
__export__.l10n_br_fiscal_ncm_14913_aff13bd9,2933.91.72,,
__export__.l10n_br_fiscal_ncm_14914_ee2f58c7,2933.91.73,,
__export__.l10n_br_fiscal_ncm_14915_00c4ba8b,2933.91.79,,
__export__.l10n_br_fiscal_ncm_14916_d568a165,2933.91.81,,
__export__.l10n_br_fiscal_ncm_14917_d3f4e600,2933.91.82,,
__export__.l10n_br_fiscal_ncm_14918_05abc91d,2933.91.83,,
__export__.l10n_br_fiscal_ncm_14919_e968d6a7,2933.91.89,,
__export__.l10n_br_fiscal_ncm_14920_6c81d1b3,2933.92.00,,
__export__.l10n_br_fiscal_ncm_14921_fce2ebad,2933.99.11,,
__export__.l10n_br_fiscal_ncm_14922_a567e416,2933.99.12,,
__export__.l10n_br_fiscal_ncm_14923_d0dc1846,2933.99.13,,
__export__.l10n_br_fiscal_ncm_14924_0251bbf1,2933.99.19,,
__export__.l10n_br_fiscal_ncm_14925_87449dd6,2933.99.20,,
__export__.l10n_br_fiscal_ncm_14926_5d78e751,2933.99.31,,
__export__.l10n_br_fiscal_ncm_14927_ee534986,2933.99.32,,
__export__.l10n_br_fiscal_ncm_14928_72a43186,2933.99.33,,
__export__.l10n_br_fiscal_ncm_14929_e3511350,2933.99.34,,
__export__.l10n_br_fiscal_ncm_14930_d2403fe2,2933.99.35,,
__export__.l10n_br_fiscal_ncm_14931_0a86be5a,2933.99.39,,
__export__.l10n_br_fiscal_ncm_14932_77eee16d,2933.99.41,,
__export__.l10n_br_fiscal_ncm_14933_06f6fd92,2933.99.42,,
__export__.l10n_br_fiscal_ncm_14934_5dd08dab,2933.99.43,,
__export__.l10n_br_fiscal_ncm_14935_546443de,2933.99.44,,
__export__.l10n_br_fiscal_ncm_14936_7f707023,2933.99.45,,
__export__.l10n_br_fiscal_ncm_14937_4caf13db,2933.99.46,,
__export__.l10n_br_fiscal_ncm_14938_a26d4ae4,2933.99.47,,
__export__.l10n_br_fiscal_ncm_14939_86a68b37,2933.99.49,,
__export__.l10n_br_fiscal_ncm_14940_e6d82e3d,2933.99.51,,
__export__.l10n_br_fiscal_ncm_14941_fd165000,2933.99.52,,
__export__.l10n_br_fiscal_ncm_14942_3d21edaa,2933.99.53,,
__export__.l10n_br_fiscal_ncm_14943_59d8879e,2933.99.54,,
__export__.l10n_br_fiscal_ncm_14944_05aca969,2933.99.55,,
__export__.l10n_br_fiscal_ncm_14945_7fd8e176,2933.99.56,,
__export__.l10n_br_fiscal_ncm_14946_76c00a26,2933.99.59,,
__export__.l10n_br_fiscal_ncm_14947_08de2fef,2933.99.61,,
__export__.l10n_br_fiscal_ncm_14948_560e1049,2933.99.62,,
__export__.l10n_br_fiscal_ncm_14949_a35364d5,2933.99.63,,
__export__.l10n_br_fiscal_ncm_14950_b8e8fa30,2933.99.69,,
__export__.l10n_br_fiscal_ncm_14951_cef03184,2933.99.91,,
__export__.l10n_br_fiscal_ncm_14952_e38a4a2f,2933.99.92,,
__export__.l10n_br_fiscal_ncm_14953_07185310,2933.99.93,,
__export__.l10n_br_fiscal_ncm_14954_7cf76ab0,2933.99.95,,
__export__.l10n_br_fiscal_ncm_14955_c9147c77,2933.99.96,,
__export__.l10n_br_fiscal_ncm_14956_b39c1182,2933.99.99,,
__export__.l10n_br_fiscal_ncm_14957_0a950e7f,2934.10.10,,
__export__.l10n_br_fiscal_ncm_14958_6fe47b12,2934.10.20,,
__export__.l10n_br_fiscal_ncm_14959_db1cca18,2934.10.30,,
__export__.l10n_br_fiscal_ncm_14960_d6e66152,2934.10.90,,
__export__.l10n_br_fiscal_ncm_14961_bfc292d1,2934.20.10,,
__export__.l10n_br_fiscal_ncm_14962_ee74fa21,2934.20.20,,
__export__.l10n_br_fiscal_ncm_14963_38ec8665,2934.20.31,,
__export__.l10n_br_fiscal_ncm_14964_06a704c0,2934.20.32,,
__export__.l10n_br_fiscal_ncm_14965_bc4e35bf,2934.20.33,,
__export__.l10n_br_fiscal_ncm_14966_823f01b7,2934.20.34,,
__export__.l10n_br_fiscal_ncm_14967_9005d21b,2934.20.39,,
__export__.l10n_br_fiscal_ncm_14968_6b53cd91,2934.20.40,,
__export__.l10n_br_fiscal_ncm_14969_11e346b1,2934.20.90,,
__export__.l10n_br_fiscal_ncm_14970_de20d77a,2934.30.10,,
__export__.l10n_br_fiscal_ncm_14971_56e63f94,2934.30.20,,
__export__.l10n_br_fiscal_ncm_14972_8ae0399a,2934.30.30,,
__export__.l10n_br_fiscal_ncm_14973_ba69d3dd,2934.30.90,,
__export__.l10n_br_fiscal_ncm_14974_73991768,2934.91.11,,
__export__.l10n_br_fiscal_ncm_14975_5dc076dc,2934.91.12,,
__export__.l10n_br_fiscal_ncm_14976_fd69b5fb,2934.91.21,,
__export__.l10n_br_fiscal_ncm_14977_0b772abb,2934.91.22,,
__export__.l10n_br_fiscal_ncm_14978_9679c77e,2934.91.23,,
__export__.l10n_br_fiscal_ncm_14979_bfe1cfe5,2934.91.29,,
__export__.l10n_br_fiscal_ncm_14980_3f69e244,2934.91.31,,
__export__.l10n_br_fiscal_ncm_14981_84f061e2,2934.91.32,,
__export__.l10n_br_fiscal_ncm_14982_f6ba0d7a,2934.91.33,,
__export__.l10n_br_fiscal_ncm_14983_10c1fdb2,2934.91.41,,
__export__.l10n_br_fiscal_ncm_14984_7fa69a5a,2934.91.42,,
__export__.l10n_br_fiscal_ncm_14985_a14ff771,2934.91.49,,
__export__.l10n_br_fiscal_ncm_14986_996c40c3,2934.91.50,,
__export__.l10n_br_fiscal_ncm_14987_33c89740,2934.91.60,,
__export__.l10n_br_fiscal_ncm_14988_1a8e84bd,2934.91.70,,
__export__.l10n_br_fiscal_ncm_14989_75e39386,2934.92.00,,
__export__.l10n_br_fiscal_ncm_14990_2b3544b2,2934.99.11,,
__export__.l10n_br_fiscal_ncm_14991_72f0f8f1,2934.99.12,,
__export__.l10n_br_fiscal_ncm_14992_56bdf531,2934.99.13,,
__export__.l10n_br_fiscal_ncm_14993_b3ea66c6,2934.99.14,,
__export__.l10n_br_fiscal_ncm_14994_f62d94c6,2934.99.15,,
__export__.l10n_br_fiscal_ncm_14995_1da2df7f,2934.99.19,,
__export__.l10n_br_fiscal_ncm_14996_1d7658e4,2934.99.22,,
__export__.l10n_br_fiscal_ncm_14997_19e78101,2934.99.23,,
__export__.l10n_br_fiscal_ncm_14998_3fcff52e,2934.99.24,,
__export__.l10n_br_fiscal_ncm_14999_1ea380da,2934.99.25,,
__export__.l10n_br_fiscal_ncm_15000_8ad80097,2934.99.26,,
__export__.l10n_br_fiscal_ncm_15001_7c4bba08,2934.99.27,,
__export__.l10n_br_fiscal_ncm_15002_04365e1f,2934.99.29,,
__export__.l10n_br_fiscal_ncm_15003_fe59a7c9,2934.99.31,,
__export__.l10n_br_fiscal_ncm_15004_e6aa84ed,2934.99.32,,
__export__.l10n_br_fiscal_ncm_15005_84b6f954,2934.99.33,,
__export__.l10n_br_fiscal_ncm_15006_b2fa2987,2934.99.34,,
__export__.l10n_br_fiscal_ncm_15007_00dbcfde,2934.99.35,,
__export__.l10n_br_fiscal_ncm_15008_39ea318a,2934.99.39,,
__export__.l10n_br_fiscal_ncm_15009_114bcf8b,2934.99.41,,
__export__.l10n_br_fiscal_ncm_15010_f98e09dd,2934.99.42,,
__export__.l10n_br_fiscal_ncm_15011_03391978,2934.99.43,,
__export__.l10n_br_fiscal_ncm_15012_f5563fdd,2934.99.44,,
__export__.l10n_br_fiscal_ncm_15013_1311f3d7,2934.99.45,,
__export__.l10n_br_fiscal_ncm_15014_016dd7ce,2934.99.46,,
__export__.l10n_br_fiscal_ncm_15015_0fa288ad,2934.99.49,,
__export__.l10n_br_fiscal_ncm_15016_a10df4d9,2934.99.51,,
__export__.l10n_br_fiscal_ncm_15017_69bad2fd,2934.99.52,,
__export__.l10n_br_fiscal_ncm_15018_70ffb076,2934.99.53,,
__export__.l10n_br_fiscal_ncm_15019_6dd456b9,2934.99.54,,
__export__.l10n_br_fiscal_ncm_15020_f2b6d902,2934.99.59,,
__export__.l10n_br_fiscal_ncm_15021_0c62d237,2934.99.61,,
__export__.l10n_br_fiscal_ncm_15022_d181e53d,2934.99.69,,
__export__.l10n_br_fiscal_ncm_15023_b268e872,2934.99.91,,
__export__.l10n_br_fiscal_ncm_15024_cbecbca5,2934.99.92,,
__export__.l10n_br_fiscal_ncm_15025_4ed266fa,2934.99.93,,
__export__.l10n_br_fiscal_ncm_15026_0cf21e3f,2934.99.99,,
__export__.l10n_br_fiscal_ncm_15027_5eaae9d4,2935.10.00,,
__export__.l10n_br_fiscal_ncm_15028_3b0a2020,2935.20.00,,
__export__.l10n_br_fiscal_ncm_15029_ee40d0a9,2935.30.00,,
__export__.l10n_br_fiscal_ncm_15030_80e126ff,2935.40.00,,
__export__.l10n_br_fiscal_ncm_15031_b44cde9d,2935.50.00,,
__export__.l10n_br_fiscal_ncm_15032_e3cebd53,2935.90.11,,
__export__.l10n_br_fiscal_ncm_15033_8761ee3d,2935.90.12,,
__export__.l10n_br_fiscal_ncm_15034_ef7741fa,2935.90.13,,
__export__.l10n_br_fiscal_ncm_15035_eb40be7b,2935.90.14,,
__export__.l10n_br_fiscal_ncm_15036_2a142aed,2935.90.15,,
__export__.l10n_br_fiscal_ncm_15037_5adc7927,2935.90.19,,
__export__.l10n_br_fiscal_ncm_15038_26a611ef,2935.90.21,,
__export__.l10n_br_fiscal_ncm_15039_b22a32b4,2935.90.22,,
__export__.l10n_br_fiscal_ncm_15040_c9b22029,2935.90.23,,
__export__.l10n_br_fiscal_ncm_15041_3f6ec4ae,2935.90.24,,
__export__.l10n_br_fiscal_ncm_15042_afdfbaaa,2935.90.25,,
__export__.l10n_br_fiscal_ncm_15043_5dd8d146,2935.90.29,,
__export__.l10n_br_fiscal_ncm_15044_6b286ac6,2935.90.91,,
__export__.l10n_br_fiscal_ncm_15045_31095c02,2935.90.92,,
__export__.l10n_br_fiscal_ncm_15046_6b73a474,2935.90.93,,
__export__.l10n_br_fiscal_ncm_15047_1191253b,2935.90.94,,
__export__.l10n_br_fiscal_ncm_15048_c27d86e5,2935.90.95,,
__export__.l10n_br_fiscal_ncm_15049_234c51c3,2935.90.96,,
__export__.l10n_br_fiscal_ncm_15050_5f495edb,2935.90.99,,
__export__.l10n_br_fiscal_ncm_15051_81082812,2936.21.11,,
__export__.l10n_br_fiscal_ncm_15052_bbba693d,2936.21.12,,
__export__.l10n_br_fiscal_ncm_15053_d31494f7,2936.21.13,,l10n_br_fiscal.tax_classification_200033
__export__.l10n_br_fiscal_ncm_15054_065c33b6,2936.21.19,,
__export__.l10n_br_fiscal_ncm_15055_8e03b686,2936.21.90,,
__export__.l10n_br_fiscal_ncm_15056_45167950,2936.22.10,,l10n_br_fiscal.tax_classification_200033
__export__.l10n_br_fiscal_ncm_15057_74175b54,2936.22.20,,
__export__.l10n_br_fiscal_ncm_15058_6bbdf968,2936.22.90,,l10n_br_fiscal.tax_classification_200033
__export__.l10n_br_fiscal_ncm_15059_136a0217,2936.23.10,,l10n_br_fiscal.tax_classification_200033
__export__.l10n_br_fiscal_ncm_15060_1f64c0c0,2936.23.20,,l10n_br_fiscal.tax_classification_200033
__export__.l10n_br_fiscal_ncm_15061_4d0f60f3,2936.23.90,,
__export__.l10n_br_fiscal_ncm_15062_f462a134,2936.24.10,,
__export__.l10n_br_fiscal_ncm_15063_1bd4fb9b,2936.24.90,,
__export__.l10n_br_fiscal_ncm_15064_b51bdf8e,2936.25.10,,
__export__.l10n_br_fiscal_ncm_15065_597f051b,2936.25.20,,l10n_br_fiscal.tax_classification_200033
__export__.l10n_br_fiscal_ncm_15066_ae6fe426,2936.25.90,,
__export__.l10n_br_fiscal_ncm_15067_deffc649,2936.26.10,,l10n_br_fiscal.tax_classification_200033
__export__.l10n_br_fiscal_ncm_15068_4719bd8a,2936.26.20,,
__export__.l10n_br_fiscal_ncm_15069_6b998e7b,2936.26.30,,
__export__.l10n_br_fiscal_ncm_15070_e490556d,2936.26.90,,
__export__.l10n_br_fiscal_ncm_15071_4a3fb6d1,2936.27.10,,l10n_br_fiscal.tax_classification_200033
__export__.l10n_br_fiscal_ncm_15072_d3e81210,2936.27.20,,
__export__.l10n_br_fiscal_ncm_15073_23b08fc9,2936.27.90,,
__export__.l10n_br_fiscal_ncm_15074_839aa2ff,2936.28.11,,l10n_br_fiscal.tax_classification_200033
__export__.l10n_br_fiscal_ncm_15075_44f6908c,2936.28.12,,l10n_br_fiscal.tax_classification_200033
__export__.l10n_br_fiscal_ncm_15076_6b034c17,2936.28.19,,
__export__.l10n_br_fiscal_ncm_15077_0e33b771,2936.28.90,,
__export__.l10n_br_fiscal_ncm_15078_f359f76c,2936.29.11,,l10n_br_fiscal.tax_classification_200033
__export__.l10n_br_fiscal_ncm_15079_cdc8732f,2936.29.19,,
__export__.l10n_br_fiscal_ncm_15080_f8fb2b95,2936.29.21,,l10n_br_fiscal.tax_classification_200033
__export__.l10n_br_fiscal_ncm_15081_26a8f2a7,2936.29.29,,l10n_br_fiscal.tax_classification_200033
__export__.l10n_br_fiscal_ncm_15082_52bd1b03,2936.29.31,,l10n_br_fiscal.tax_classification_200033
__export__.l10n_br_fiscal_ncm_15083_b72e16ea,2936.29.39,,
__export__.l10n_br_fiscal_ncm_15084_0ffbff2d,2936.29.40,,l10n_br_fiscal.tax_classification_200033
__export__.l10n_br_fiscal_ncm_15085_729691df,2936.29.51,,
__export__.l10n_br_fiscal_ncm_15086_7ee68f96,2936.29.52,,l10n_br_fiscal.tax_classification_200033
__export__.l10n_br_fiscal_ncm_15087_59f51e47,2936.29.53,,
__export__.l10n_br_fiscal_ncm_15088_4ed8ca54,2936.29.59,,
__export__.l10n_br_fiscal_ncm_15089_9fa87510,2936.29.90,,
__export__.l10n_br_fiscal_ncm_15090_8f627869,2936.90.00,,
__export__.l10n_br_fiscal_ncm_15091_30e6effe,2937.11.00,,
__export__.l10n_br_fiscal_ncm_15092_abcb4795,2937.12.00,,
__export__.l10n_br_fiscal_ncm_15093_5cf9721f,2937.19.10,,
__export__.l10n_br_fiscal_ncm_15094_390cf1ff,2937.19.20,,
__export__.l10n_br_fiscal_ncm_15095_413ac259,2937.19.30,,
__export__.l10n_br_fiscal_ncm_15096_08dd5c3b,2937.19.40,,
__export__.l10n_br_fiscal_ncm_15097_2e59b152,2937.19.50,,
__export__.l10n_br_fiscal_ncm_15098_1bd39e00,2937.19.90,,
__export__.l10n_br_fiscal_ncm_15099_09eb32b6,2937.21.10,,
__export__.l10n_br_fiscal_ncm_15100_9caef8ca,2937.21.20,,
__export__.l10n_br_fiscal_ncm_15101_3e6a79c6,2937.21.30,,
__export__.l10n_br_fiscal_ncm_15102_1a2532d3,2937.21.40,,
__export__.l10n_br_fiscal_ncm_15103_1ee77e92,2937.22.10,,
__export__.l10n_br_fiscal_ncm_15104_82ee7eb3,2937.22.21,,
__export__.l10n_br_fiscal_ncm_15105_b70d28c3,2937.22.29,,
__export__.l10n_br_fiscal_ncm_15106_07b7b102,2937.22.31,,
__export__.l10n_br_fiscal_ncm_15107_d75b036e,2937.22.39,,
__export__.l10n_br_fiscal_ncm_15108_f8db9b69,2937.22.90,,
__export__.l10n_br_fiscal_ncm_15109_4e0937f3,2937.23.10,,
__export__.l10n_br_fiscal_ncm_15110_c6e715a5,2937.23.21,,
__export__.l10n_br_fiscal_ncm_15111_396ac47f,2937.23.22,,
__export__.l10n_br_fiscal_ncm_15112_7fd2611e,2937.23.29,,
__export__.l10n_br_fiscal_ncm_15113_43a743a5,2937.23.31,,
__export__.l10n_br_fiscal_ncm_15114_2e55df15,2937.23.39,,
__export__.l10n_br_fiscal_ncm_15115_7d20cdf4,2937.23.41,,
__export__.l10n_br_fiscal_ncm_15116_5e4edfe0,2937.23.42,,
__export__.l10n_br_fiscal_ncm_15117_82ffeecb,2937.23.49,,
__export__.l10n_br_fiscal_ncm_15118_3be1dfd3,2937.23.51,,
__export__.l10n_br_fiscal_ncm_15119_8174edaa,2937.23.59,,
__export__.l10n_br_fiscal_ncm_15120_26c900e8,2937.23.60,,
__export__.l10n_br_fiscal_ncm_15121_c74b432e,2937.23.70,,
__export__.l10n_br_fiscal_ncm_15122_dacbb9d9,2937.23.91,,
__export__.l10n_br_fiscal_ncm_15123_a95eed35,2937.23.92,,
__export__.l10n_br_fiscal_ncm_15124_67c88c55,2937.23.99,,
__export__.l10n_br_fiscal_ncm_15125_2d47e14e,2937.29.10,,
__export__.l10n_br_fiscal_ncm_15126_276703c0,2937.29.20,,
__export__.l10n_br_fiscal_ncm_15127_a5b975e0,2937.29.31,,
__export__.l10n_br_fiscal_ncm_15128_49dc0727,2937.29.39,,
__export__.l10n_br_fiscal_ncm_15129_86af6453,2937.29.40,,
__export__.l10n_br_fiscal_ncm_15130_ffe1af61,2937.29.50,,
__export__.l10n_br_fiscal_ncm_15131_89b9744f,2937.29.60,,
__export__.l10n_br_fiscal_ncm_15132_c8573c16,2937.29.90,,
__export__.l10n_br_fiscal_ncm_15133_04cfa856,2937.50.00,,
__export__.l10n_br_fiscal_ncm_15134_72a103ff,2937.90.10,,
__export__.l10n_br_fiscal_ncm_15135_2684e0cf,2937.90.30,,
__export__.l10n_br_fiscal_ncm_15136_b1434326,2937.90.40,,
__export__.l10n_br_fiscal_ncm_15137_ae5e64ea,2937.90.90,,
__export__.l10n_br_fiscal_ncm_15138_6416b8c6,2938.10.00,,
__export__.l10n_br_fiscal_ncm_15139_303d1a3c,2938.90.10,,
__export__.l10n_br_fiscal_ncm_15140_a970dd86,2938.90.20,,
__export__.l10n_br_fiscal_ncm_15141_ec2ef678,2938.90.90,,
__export__.l10n_br_fiscal_ncm_15142_52fec561,2939.11.10,,
__export__.l10n_br_fiscal_ncm_15143_89f3ec68,2939.11.21,,
__export__.l10n_br_fiscal_ncm_15144_814d9e7a,2939.11.22,,
__export__.l10n_br_fiscal_ncm_15145_3064dc71,2939.11.23,,
__export__.l10n_br_fiscal_ncm_15146_b405ddb7,2939.11.31,,
__export__.l10n_br_fiscal_ncm_15147_939fdbb6,2939.11.32,,
__export__.l10n_br_fiscal_ncm_15148_39bbc2e9,2939.11.40,,
__export__.l10n_br_fiscal_ncm_15149_5d16be0a,2939.11.51,,
__export__.l10n_br_fiscal_ncm_15150_40fb3e2f,2939.11.52,,
__export__.l10n_br_fiscal_ncm_15151_471c90e6,2939.11.53,,
__export__.l10n_br_fiscal_ncm_15152_2fca24ba,2939.11.61,,
__export__.l10n_br_fiscal_ncm_15153_ea0de0f1,2939.11.62,,
__export__.l10n_br_fiscal_ncm_15154_0dcb7de3,2939.11.69,,
__export__.l10n_br_fiscal_ncm_15155_5bf6fca0,2939.11.70,,
__export__.l10n_br_fiscal_ncm_15156_b8a2d976,2939.11.81,,
__export__.l10n_br_fiscal_ncm_15157_9bcd11e1,2939.11.82,,
__export__.l10n_br_fiscal_ncm_15158_6899da35,2939.11.91,,
__export__.l10n_br_fiscal_ncm_15159_fe602936,2939.11.92,,
__export__.l10n_br_fiscal_ncm_15160_39c7f4f3,2939.19.00,,
__export__.l10n_br_fiscal_ncm_15161_10cc0bd9,2939.20.00,,
__export__.l10n_br_fiscal_ncm_15162_28c0db90,2939.30.10,,
__export__.l10n_br_fiscal_ncm_15163_d7500cc7,2939.30.20,,
__export__.l10n_br_fiscal_ncm_15164_7d465546,2939.41.00,,
__export__.l10n_br_fiscal_ncm_15165_34c46cbf,2939.42.00,,
__export__.l10n_br_fiscal_ncm_15166_7ae14402,2939.43.00,,
__export__.l10n_br_fiscal_ncm_15167_8a15d702,2939.44.00,,
__export__.l10n_br_fiscal_ncm_15168_b673edaa,2939.45.10,,
__export__.l10n_br_fiscal_ncm_15169_f42336c3,2939.45.20,,
__export__.l10n_br_fiscal_ncm_15170_54904ed9,2939.45.30,,
__export__.l10n_br_fiscal_ncm_15171_aadab99c,2939.49.00,,
__export__.l10n_br_fiscal_ncm_15172_900f72f7,2939.51.00,,
__export__.l10n_br_fiscal_ncm_15173_56b9797b,2939.59.10,,
__export__.l10n_br_fiscal_ncm_15174_f613e153,2939.59.20,,
__export__.l10n_br_fiscal_ncm_15175_c7623f44,2939.59.90,,
__export__.l10n_br_fiscal_ncm_15176_ba50a11d,2939.61.00,,
__export__.l10n_br_fiscal_ncm_15177_ce034829,2939.62.00,,
__export__.l10n_br_fiscal_ncm_15178_736fd4a4,2939.63.00,,
__export__.l10n_br_fiscal_ncm_15179_401b56a7,2939.69.11,,
__export__.l10n_br_fiscal_ncm_15180_62aeb83d,2939.69.19,,
__export__.l10n_br_fiscal_ncm_15181_4f177c36,2939.69.21,,
__export__.l10n_br_fiscal_ncm_15182_14288ae7,2939.69.29,,
__export__.l10n_br_fiscal_ncm_15183_edb16424,2939.69.31,,
__export__.l10n_br_fiscal_ncm_15184_51d222c9,2939.69.39,,
__export__.l10n_br_fiscal_ncm_15185_11cc1a16,2939.69.41,,
__export__.l10n_br_fiscal_ncm_15186_63cd6916,2939.69.42,,
__export__.l10n_br_fiscal_ncm_15187_9172b677,2939.69.49,,
__export__.l10n_br_fiscal_ncm_15188_e6ab96c3,2939.69.51,,
__export__.l10n_br_fiscal_ncm_15189_d90078a8,2939.69.52,,
__export__.l10n_br_fiscal_ncm_15190_e7f39ea8,2939.69.59,,
__export__.l10n_br_fiscal_ncm_15191_970f86bd,2939.69.90,,
__export__.l10n_br_fiscal_ncm_15192_2eed34e3,2939.72.10,,
__export__.l10n_br_fiscal_ncm_15193_3c4ff24c,2939.72.20,,
__export__.l10n_br_fiscal_ncm_15194_38d9da8b,2939.72.90,,
__export__.l10n_br_fiscal_ncm_15195_6b0e0f0e,2939.79.11,,
__export__.l10n_br_fiscal_ncm_15196_a613be09,2939.79.19,,
__export__.l10n_br_fiscal_ncm_15197_a076ebaf,2939.79.20,,
__export__.l10n_br_fiscal_ncm_15198_bf9b4b58,2939.79.31,,
__export__.l10n_br_fiscal_ncm_15199_39791fca,2939.79.39,,
__export__.l10n_br_fiscal_ncm_15200_b749d0e7,2939.79.40,,
__export__.l10n_br_fiscal_ncm_15201_98588b24,2939.79.90,,
__export__.l10n_br_fiscal_ncm_15202_1a20cbd8,2939.80.00,,
__export__.l10n_br_fiscal_ncm_15203_3506dac2,2940.00.11,,
__export__.l10n_br_fiscal_ncm_15204_f71aec92,2940.00.12,,
__export__.l10n_br_fiscal_ncm_15205_e4203449,2940.00.13,,
__export__.l10n_br_fiscal_ncm_15206_7882ab6a,2940.00.19,,
__export__.l10n_br_fiscal_ncm_15207_5e927c9f,2940.00.21,,
__export__.l10n_br_fiscal_ncm_15208_f3ee2032,2940.00.22,,
__export__.l10n_br_fiscal_ncm_15209_8829179d,2940.00.23,,
__export__.l10n_br_fiscal_ncm_15210_b0dea1bb,2940.00.29,,
__export__.l10n_br_fiscal_ncm_15211_28f77db2,2940.00.92,,
__export__.l10n_br_fiscal_ncm_15212_fa83639c,2940.00.93,,
__export__.l10n_br_fiscal_ncm_15213_feafb8e4,2940.00.94,,
__export__.l10n_br_fiscal_ncm_15214_20bce983,2940.00.99,,
__export__.l10n_br_fiscal_ncm_15215_5a50f090,2941.10.10,,
__export__.l10n_br_fiscal_ncm_15216_c8bebc9d,2941.10.20,,
__export__.l10n_br_fiscal_ncm_15217_f1622569,2941.10.31,,
__export__.l10n_br_fiscal_ncm_15218_db74b57a,2941.10.39,,
__export__.l10n_br_fiscal_ncm_15219_4dbd1503,2941.10.41,,
__export__.l10n_br_fiscal_ncm_15220_33551f42,2941.10.42,,
__export__.l10n_br_fiscal_ncm_15221_ecd7e673,2941.10.43,,
__export__.l10n_br_fiscal_ncm_15222_ca2a1930,2941.10.49,,
__export__.l10n_br_fiscal_ncm_15223_9a85f38e,2941.10.90,,
__export__.l10n_br_fiscal_ncm_15224_ba34b910,2941.20.10,,
__export__.l10n_br_fiscal_ncm_15225_1a967e02,2941.20.90,,
__export__.l10n_br_fiscal_ncm_15226_9f1209de,2941.30.10,,
__export__.l10n_br_fiscal_ncm_15227_902ae09e,2941.30.20,,
__export__.l10n_br_fiscal_ncm_15228_f7e6e019,2941.30.31,,
__export__.l10n_br_fiscal_ncm_15229_717afc61,2941.30.32,,
__export__.l10n_br_fiscal_ncm_15230_4133567a,2941.30.90,,
__export__.l10n_br_fiscal_ncm_15231_8f179df1,2941.40.11,,
__export__.l10n_br_fiscal_ncm_15232_7062c6b4,2941.40.19,,
__export__.l10n_br_fiscal_ncm_15233_531e41bf,2941.40.20,,
__export__.l10n_br_fiscal_ncm_15234_3b5b9a46,2941.40.90,,
__export__.l10n_br_fiscal_ncm_15235_4568fa37,2941.50.10,,
__export__.l10n_br_fiscal_ncm_15236_9c1a62de,2941.50.20,,
__export__.l10n_br_fiscal_ncm_15237_4a1a265f,2941.50.90,,
__export__.l10n_br_fiscal_ncm_15238_c5a2ee46,2941.90.11,,
__export__.l10n_br_fiscal_ncm_15239_4f1600d4,2941.90.12,,
__export__.l10n_br_fiscal_ncm_15240_53bd21a5,2941.90.13,,
__export__.l10n_br_fiscal_ncm_15241_f4f840a1,2941.90.19,,
__export__.l10n_br_fiscal_ncm_15242_57aa8b68,2941.90.21,,
__export__.l10n_br_fiscal_ncm_15243_ca48f338,2941.90.22,,
__export__.l10n_br_fiscal_ncm_15244_d4d0e72d,2941.90.29,,
__export__.l10n_br_fiscal_ncm_15245_f3a61bc2,2941.90.31,,
__export__.l10n_br_fiscal_ncm_15246_4b64d314,2941.90.32,,
__export__.l10n_br_fiscal_ncm_15247_8e7422a0,2941.90.33,,
__export__.l10n_br_fiscal_ncm_15248_28218348,2941.90.34,,
__export__.l10n_br_fiscal_ncm_15249_d53f7fea,2941.90.35,,
__export__.l10n_br_fiscal_ncm_15250_a7b83bda,2941.90.36,,
__export__.l10n_br_fiscal_ncm_15251_04d79e0b,2941.90.37,,
__export__.l10n_br_fiscal_ncm_15252_a2b7c6b6,2941.90.39,,
__export__.l10n_br_fiscal_ncm_15253_f4b67623,2941.90.41,,
__export__.l10n_br_fiscal_ncm_15254_aa4f95d6,2941.90.42,,
__export__.l10n_br_fiscal_ncm_15255_9055a140,2941.90.43,,
__export__.l10n_br_fiscal_ncm_15256_016ca321,2941.90.49,,
__export__.l10n_br_fiscal_ncm_15257_df3939c8,2941.90.51,,
__export__.l10n_br_fiscal_ncm_15258_dee5dccb,2941.90.59,,
__export__.l10n_br_fiscal_ncm_15259_8556b5ae,2941.90.61,,
__export__.l10n_br_fiscal_ncm_15260_ce5c9144,2941.90.62,,
__export__.l10n_br_fiscal_ncm_15261_1ecd11e9,2941.90.69,,
__export__.l10n_br_fiscal_ncm_15262_cb57b056,2941.90.71,,
__export__.l10n_br_fiscal_ncm_15263_8d39558e,2941.90.72,,
__export__.l10n_br_fiscal_ncm_15264_884019f1,2941.90.73,,
__export__.l10n_br_fiscal_ncm_15265_4d349331,2941.90.79,,
__export__.l10n_br_fiscal_ncm_15266_b2c66fdf,2941.90.81,,
__export__.l10n_br_fiscal_ncm_15267_55e4d448,2941.90.82,,
__export__.l10n_br_fiscal_ncm_15268_189cb82e,2941.90.83,,
__export__.l10n_br_fiscal_ncm_15269_d5e1a98c,2941.90.89,,
__export__.l10n_br_fiscal_ncm_15270_416d5886,2941.90.91,,
__export__.l10n_br_fiscal_ncm_15271_c2bbd68c,2941.90.92,,
__export__.l10n_br_fiscal_ncm_15272_b3183ad5,2941.90.99,,
__export__.l10n_br_fiscal_ncm_15273_47940a8b,2942.00.00,,
__export__.l10n_br_fiscal_ncm_15274_2ec59376,3001.20.10,,
__export__.l10n_br_fiscal_ncm_15275_4e62738d,3001.20.90,,
__export__.l10n_br_fiscal_ncm_15276_e00e6c5f,3001.90.10,,
__export__.l10n_br_fiscal_ncm_15277_2ef5e037,3001.90.20,,
__export__.l10n_br_fiscal_ncm_15278_c94f979b,3001.90.31,,
__export__.l10n_br_fiscal_ncm_15279_a2516621,3001.90.39,,
__export__.l10n_br_fiscal_ncm_15280_9857bc7c,3001.90.90,,
__export__.l10n_br_fiscal_ncm_15281_5af04024,3002.12.11,,l10n_br_fiscal.tax_classification_200032
__export__.l10n_br_fiscal_ncm_15282_cc049617,3002.12.12,,l10n_br_fiscal.tax_classification_200032
__export__.l10n_br_fiscal_ncm_15283_cd5cecdc,3002.12.13,,l10n_br_fiscal.tax_classification_200032
__export__.l10n_br_fiscal_ncm_15284_c1332b4b,3002.12.14,,l10n_br_fiscal.tax_classification_200032
__export__.l10n_br_fiscal_ncm_15285_1afbebf4,3002.12.15,,l10n_br_fiscal.tax_classification_200032
__export__.l10n_br_fiscal_ncm_15286_0ab6a1a1,3002.12.16,,l10n_br_fiscal.tax_classification_200032
__export__.l10n_br_fiscal_ncm_15287_cc1252f9,3002.12.19,,l10n_br_fiscal.tax_classification_200032
__export__.l10n_br_fiscal_ncm_15288_db2d7af6,3002.12.21,,l10n_br_fiscal.tax_classification_200032
__export__.l10n_br_fiscal_ncm_15289_fafd6b2a,3002.12.22,,l10n_br_fiscal.tax_classification_200032
__export__.l10n_br_fiscal_ncm_15290_34bf559b,3002.12.23,,l10n_br_fiscal.tax_classification_200032
__export__.l10n_br_fiscal_ncm_15291_cda2d04a,3002.12.24,,l10n_br_fiscal.tax_classification_200032
__export__.l10n_br_fiscal_ncm_15292_34ef06dd,3002.12.29,,l10n_br_fiscal.tax_classification_200032
__export__.l10n_br_fiscal_ncm_15293_1c4bd186,3002.12.31,,l10n_br_fiscal.tax_classification_200032
__export__.l10n_br_fiscal_ncm_15294_cd70b45b,3002.12.32,,l10n_br_fiscal.tax_classification_200032
__export__.l10n_br_fiscal_ncm_15295_d85ff7f2,3002.12.33,,l10n_br_fiscal.tax_classification_200032
__export__.l10n_br_fiscal_ncm_15296_e77613dc,3002.12.34,,l10n_br_fiscal.tax_classification_200032
__export__.l10n_br_fiscal_ncm_15297_e067f47b,3002.12.35,,l10n_br_fiscal.tax_classification_200032
__export__.l10n_br_fiscal_ncm_15298_8471e26c,3002.12.36,,l10n_br_fiscal.tax_classification_200032
__export__.l10n_br_fiscal_ncm_15299_133b959b,3002.12.39,,l10n_br_fiscal.tax_classification_200032
__export__.l10n_br_fiscal_ncm_15300_62fc7430,3002.13.00,,l10n_br_fiscal.tax_classification_200032
__export__.l10n_br_fiscal_ncm_15301_109aed43,3002.14.00,,l10n_br_fiscal.tax_classification_200032
__export__.l10n_br_fiscal_ncm_15302_6c2170b0,3002.15.10,,l10n_br_fiscal.tax_classification_200032
__export__.l10n_br_fiscal_ncm_15303_c943f429,3002.15.20,,l10n_br_fiscal.tax_classification_200032
__export__.l10n_br_fiscal_ncm_15304_8d535702,3002.15.90,,l10n_br_fiscal.tax_classification_200032
__export__.l10n_br_fiscal_ncm_15305_88c3ab32,3002.41.11,,l10n_br_fiscal.tax_classification_200032
__export__.l10n_br_fiscal_ncm_15306_90165e02,3002.41.12,,l10n_br_fiscal.tax_classification_200032
__export__.l10n_br_fiscal_ncm_15307_a5ce68f7,3002.41.13,,l10n_br_fiscal.tax_classification_200032
__export__.l10n_br_fiscal_ncm_15308_d878a22c,3002.41.14,,l10n_br_fiscal.tax_classification_200032
__export__.l10n_br_fiscal_ncm_15309_111a149c,3002.41.15,,l10n_br_fiscal.tax_classification_200032
__export__.l10n_br_fiscal_ncm_15310_83588d9a,3002.41.16,,l10n_br_fiscal.tax_classification_200032
__export__.l10n_br_fiscal_ncm_15311_050d5b05,3002.41.17,,l10n_br_fiscal.tax_classification_200032
__export__.l10n_br_fiscal_ncm_15312_6a794652,3002.41.18,,l10n_br_fiscal.tax_classification_200032
__export__.l10n_br_fiscal_ncm_15313_60cae6ba,3002.41.19,,l10n_br_fiscal.tax_classification_200032
__export__.l10n_br_fiscal_ncm_15314_0e1cef8c,3002.41.21,,l10n_br_fiscal.tax_classification_200032
__export__.l10n_br_fiscal_ncm_15315_c3a06120,3002.41.22,,l10n_br_fiscal.tax_classification_200032
__export__.l10n_br_fiscal_ncm_15316_17fc03a0,3002.41.23,,l10n_br_fiscal.tax_classification_200032
__export__.l10n_br_fiscal_ncm_15317_739e4a00,3002.41.24,,l10n_br_fiscal.tax_classification_200032
__export__.l10n_br_fiscal_ncm_15318_8ec15e4c,3002.41.25,,l10n_br_fiscal.tax_classification_200032
__export__.l10n_br_fiscal_ncm_15319_84e447a1,3002.41.26,,l10n_br_fiscal.tax_classification_200032
__export__.l10n_br_fiscal_ncm_15320_aab8e112,3002.41.27,,l10n_br_fiscal.tax_classification_200032
__export__.l10n_br_fiscal_ncm_15321_8a0812a3,3002.41.28,,l10n_br_fiscal.tax_classification_200032
__export__.l10n_br_fiscal_ncm_15322_ed856e10,3002.41.29,,l10n_br_fiscal.tax_classification_200032
__export__.l10n_br_fiscal_ncm_15323_1bab1539,3002.42.10,,l10n_br_fiscal.tax_classification_200032
__export__.l10n_br_fiscal_ncm_15324_5e63f26d,3002.42.20,,l10n_br_fiscal.tax_classification_200032
__export__.l10n_br_fiscal_ncm_15325_f91a7509,3002.42.30,,l10n_br_fiscal.tax_classification_200032
__export__.l10n_br_fiscal_ncm_15326_d5073720,3002.42.40,,l10n_br_fiscal.tax_classification_200032
__export__.l10n_br_fiscal_ncm_15327_b5bb7408,3002.42.50,,l10n_br_fiscal.tax_classification_200032
__export__.l10n_br_fiscal_ncm_15328_4dcf4be9,3002.42.60,,l10n_br_fiscal.tax_classification_200032
__export__.l10n_br_fiscal_ncm_15329_731ba443,3002.42.70,,l10n_br_fiscal.tax_classification_200032
__export__.l10n_br_fiscal_ncm_15330_1bb36800,3002.42.80,,l10n_br_fiscal.tax_classification_200032
__export__.l10n_br_fiscal_ncm_15331_aada777b,3002.42.90,,l10n_br_fiscal.tax_classification_200032
__export__.l10n_br_fiscal_ncm_15332_df65443b,3002.49.10,,l10n_br_fiscal.tax_classification_200032
__export__.l10n_br_fiscal_ncm_15333_8cad0955,3002.49.20,,l10n_br_fiscal.tax_classification_200032
__export__.l10n_br_fiscal_ncm_15334_edd4fac4,3002.49.91,,l10n_br_fiscal.tax_classification_200032
__export__.l10n_br_fiscal_ncm_15335_0ccad1fc,3002.49.92,,l10n_br_fiscal.tax_classification_200032
__export__.l10n_br_fiscal_ncm_15336_dbd99741,3002.49.93,,l10n_br_fiscal.tax_classification_200032
__export__.l10n_br_fiscal_ncm_15337_4b4af8f7,3002.49.94,,l10n_br_fiscal.tax_classification_200032
__export__.l10n_br_fiscal_ncm_15338_979f3004,3002.49.99,,l10n_br_fiscal.tax_classification_200032
__export__.l10n_br_fiscal_ncm_15339_75d85581,3002.51.00,,l10n_br_fiscal.tax_classification_200032
__export__.l10n_br_fiscal_ncm_15340_cc970467,3002.59.00,,l10n_br_fiscal.tax_classification_200032
__export__.l10n_br_fiscal_ncm_15341_81bac664,3002.90.00,,l10n_br_fiscal.tax_classification_200032
__export__.l10n_br_fiscal_ncm_15342_1c8314d7,3003.10.11,,l10n_br_fiscal.tax_classification_200032
__export__.l10n_br_fiscal_ncm_15343_bb28aad4,3003.10.12,,l10n_br_fiscal.tax_classification_200032
__export__.l10n_br_fiscal_ncm_15344_6506437e,3003.10.13,,l10n_br_fiscal.tax_classification_200032
__export__.l10n_br_fiscal_ncm_15345_df07e2f8,3003.10.14,,l10n_br_fiscal.tax_classification_200032
__export__.l10n_br_fiscal_ncm_15346_b10dde5f,3003.10.15,,l10n_br_fiscal.tax_classification_200032
__export__.l10n_br_fiscal_ncm_15347_6c8ba968,3003.10.19,,l10n_br_fiscal.tax_classification_200032
__export__.l10n_br_fiscal_ncm_15348_374b08ad,3003.10.20,,l10n_br_fiscal.tax_classification_200032
__export__.l10n_br_fiscal_ncm_15349_f31f0653,3003.20.11,,l10n_br_fiscal.tax_classification_200032
__export__.l10n_br_fiscal_ncm_15350_ac65e845,3003.20.19,,l10n_br_fiscal.tax_classification_200032
__export__.l10n_br_fiscal_ncm_15351_a662cc3f,3003.20.21,,l10n_br_fiscal.tax_classification_200032
__export__.l10n_br_fiscal_ncm_15352_e76533fa,3003.20.29,,l10n_br_fiscal.tax_classification_200032
__export__.l10n_br_fiscal_ncm_15353_26578ade,3003.20.31,,l10n_br_fiscal.tax_classification_200032
__export__.l10n_br_fiscal_ncm_15354_f5f55386,3003.20.32,,l10n_br_fiscal.tax_classification_200032
__export__.l10n_br_fiscal_ncm_15355_5f7e654c,3003.20.39,,l10n_br_fiscal.tax_classification_200032
__export__.l10n_br_fiscal_ncm_15356_a54c2525,3003.20.41,,l10n_br_fiscal.tax_classification_200032
__export__.l10n_br_fiscal_ncm_15357_ecb16456,3003.20.49,,l10n_br_fiscal.tax_classification_200032
__export__.l10n_br_fiscal_ncm_15358_586f0f6c,3003.20.51,,l10n_br_fiscal.tax_classification_200032
__export__.l10n_br_fiscal_ncm_15359_62ac8375,3003.20.52,,l10n_br_fiscal.tax_classification_200032
__export__.l10n_br_fiscal_ncm_15360_d70260bb,3003.20.59,,l10n_br_fiscal.tax_classification_200032
__export__.l10n_br_fiscal_ncm_15361_b7be527f,3003.20.61,,l10n_br_fiscal.tax_classification_200032
__export__.l10n_br_fiscal_ncm_15362_f6a7a266,3003.20.62,,l10n_br_fiscal.tax_classification_200032
__export__.l10n_br_fiscal_ncm_15363_d2756965,3003.20.63,,l10n_br_fiscal.tax_classification_200032
__export__.l10n_br_fiscal_ncm_15364_007afe98,3003.20.69,,l10n_br_fiscal.tax_classification_200032
__export__.l10n_br_fiscal_ncm_15365_1664dfb5,3003.20.71,,l10n_br_fiscal.tax_classification_200032
__export__.l10n_br_fiscal_ncm_15366_d838b885,3003.20.72,,l10n_br_fiscal.tax_classification_200032
__export__.l10n_br_fiscal_ncm_15367_e7094234,3003.20.73,,l10n_br_fiscal.tax_classification_200032
__export__.l10n_br_fiscal_ncm_15368_bda4ecb1,3003.20.79,,l10n_br_fiscal.tax_classification_200032
__export__.l10n_br_fiscal_ncm_15369_de022fbb,3003.20.91,,l10n_br_fiscal.tax_classification_200032
__export__.l10n_br_fiscal_ncm_15370_0fae0213,3003.20.92,,l10n_br_fiscal.tax_classification_200032
__export__.l10n_br_fiscal_ncm_15371_26dae37c,3003.20.93,,l10n_br_fiscal.tax_classification_200032
__export__.l10n_br_fiscal_ncm_15372_a43aa873,3003.20.94,,l10n_br_fiscal.tax_classification_200032
__export__.l10n_br_fiscal_ncm_15373_3f624e94,3003.20.95,,l10n_br_fiscal.tax_classification_200032
__export__.l10n_br_fiscal_ncm_15374_6f831121,3003.20.99,,l10n_br_fiscal.tax_classification_200032
__export__.l10n_br_fiscal_ncm_15375_e07c9c44,3003.31.00,,l10n_br_fiscal.tax_classification_200032
__export__.l10n_br_fiscal_ncm_15376_700671e4,3003.39.11,,l10n_br_fiscal.tax_classification_200032
__export__.l10n_br_fiscal_ncm_15377_8d3d5583,3003.39.12,,l10n_br_fiscal.tax_classification_200032
__export__.l10n_br_fiscal_ncm_15378_ba29b55c,3003.39.13,,l10n_br_fiscal.tax_classification_200032
__export__.l10n_br_fiscal_ncm_15379_4157b120,3003.39.14,,l10n_br_fiscal.tax_classification_200032
__export__.l10n_br_fiscal_ncm_15380_086d0d18,3003.39.15,,l10n_br_fiscal.tax_classification_200032
__export__.l10n_br_fiscal_ncm_15381_4004a769,3003.39.16,,l10n_br_fiscal.tax_classification_200032
__export__.l10n_br_fiscal_ncm_15382_2ca4161b,3003.39.17,,l10n_br_fiscal.tax_classification_200032
__export__.l10n_br_fiscal_ncm_15383_1c3d1f7f,3003.39.18,,l10n_br_fiscal.tax_classification_200032
__export__.l10n_br_fiscal_ncm_15384_56b293c1,3003.39.19,,l10n_br_fiscal.tax_classification_200032
__export__.l10n_br_fiscal_ncm_15385_625f2976,3003.39.21,,l10n_br_fiscal.tax_classification_200032
__export__.l10n_br_fiscal_ncm_15386_7e69852b,3003.39.22,,l10n_br_fiscal.tax_classification_200032
__export__.l10n_br_fiscal_ncm_15387_3054b3b7,3003.39.23,,l10n_br_fiscal.tax_classification_200032
__export__.l10n_br_fiscal_ncm_15388_e51294d9,3003.39.24,,l10n_br_fiscal.tax_classification_200032
__export__.l10n_br_fiscal_ncm_15389_5aa3a913,3003.39.25,,l10n_br_fiscal.tax_classification_200032
__export__.l10n_br_fiscal_ncm_15390_0ae8e9b3,3003.39.26,,l10n_br_fiscal.tax_classification_200032
__export__.l10n_br_fiscal_ncm_15391_e8b8dcf8,3003.39.27,,l10n_br_fiscal.tax_classification_200032
__export__.l10n_br_fiscal_ncm_15392_d6752678,3003.39.29,,l10n_br_fiscal.tax_classification_200032
__export__.l10n_br_fiscal_ncm_15393_077ea338,3003.39.31,,l10n_br_fiscal.tax_classification_200032
__export__.l10n_br_fiscal_ncm_15394_2d949925,3003.39.32,,l10n_br_fiscal.tax_classification_200032
__export__.l10n_br_fiscal_ncm_15395_1903ea4a,3003.39.33,,l10n_br_fiscal.tax_classification_200032
__export__.l10n_br_fiscal_ncm_15396_8bd9f773,3003.39.34,,l10n_br_fiscal.tax_classification_200032
__export__.l10n_br_fiscal_ncm_15397_79ac2c4f,3003.39.35,,l10n_br_fiscal.tax_classification_200032
__export__.l10n_br_fiscal_ncm_15398_28db220c,3003.39.36,,l10n_br_fiscal.tax_classification_200032
__export__.l10n_br_fiscal_ncm_15399_2346be75,3003.39.37,,l10n_br_fiscal.tax_classification_200032
__export__.l10n_br_fiscal_ncm_15400_5faa7f17,3003.39.39,,l10n_br_fiscal.tax_classification_200032
__export__.l10n_br_fiscal_ncm_15401_9aa5bcb1,3003.39.81,,l10n_br_fiscal.tax_classification_200032
__export__.l10n_br_fiscal_ncm_15402_e2e66c51,3003.39.82,,l10n_br_fiscal.tax_classification_200032
__export__.l10n_br_fiscal_ncm_15403_da07c556,3003.39.91,,l10n_br_fiscal.tax_classification_200032
__export__.l10n_br_fiscal_ncm_15404_1701c4f9,3003.39.92,,l10n_br_fiscal.tax_classification_200032
__export__.l10n_br_fiscal_ncm_15405_42788e78,3003.39.94,,l10n_br_fiscal.tax_classification_200032
__export__.l10n_br_fiscal_ncm_15406_9cda3dd5,3003.39.95,,l10n_br_fiscal.tax_classification_200032
__export__.l10n_br_fiscal_ncm_15407_ed7de16b,3003.39.99,,l10n_br_fiscal.tax_classification_200032
__export__.l10n_br_fiscal_ncm_15408_3979ae43,3003.41.00,,l10n_br_fiscal.tax_classification_200032
__export__.l10n_br_fiscal_ncm_15409_27c5ac13,3003.42.00,,l10n_br_fiscal.tax_classification_200032
__export__.l10n_br_fiscal_ncm_15410_efc9499f,3003.43.00,,l10n_br_fiscal.tax_classification_200032
__export__.l10n_br_fiscal_ncm_15411_6834d824,3003.49.10,,l10n_br_fiscal.tax_classification_200032
__export__.l10n_br_fiscal_ncm_15412_f962a9b7,3003.49.20,,l10n_br_fiscal.tax_classification_200032
__export__.l10n_br_fiscal_ncm_15413_5957fb45,3003.49.30,,l10n_br_fiscal.tax_classification_200032
__export__.l10n_br_fiscal_ncm_15414_824c82b3,3003.49.40,,l10n_br_fiscal.tax_classification_200032
__export__.l10n_br_fiscal_ncm_15415_e72a01c8,3003.49.50,,l10n_br_fiscal.tax_classification_200032
__export__.l10n_br_fiscal_ncm_15416_379571da,3003.49.90,,l10n_br_fiscal.tax_classification_200032
__export__.l10n_br_fiscal_ncm_15417_11ee5803,3003.60.00,,l10n_br_fiscal.tax_classification_200032
__export__.l10n_br_fiscal_ncm_15418_3c63d604,3003.90.11,,l10n_br_fiscal.tax_classification_200032
__export__.l10n_br_fiscal_ncm_15419_42442182,3003.90.12,,l10n_br_fiscal.tax_classification_200032
__export__.l10n_br_fiscal_ncm_15420_c90e969e,3003.90.13,,l10n_br_fiscal.tax_classification_200032
__export__.l10n_br_fiscal_ncm_15421_b3dc77a8,3003.90.14,,l10n_br_fiscal.tax_classification_200032
__export__.l10n_br_fiscal_ncm_15422_0083f005,3003.90.15,,l10n_br_fiscal.tax_classification_200032
__export__.l10n_br_fiscal_ncm_15423_819010d3,3003.90.16,,l10n_br_fiscal.tax_classification_200032
__export__.l10n_br_fiscal_ncm_15424_3ab0c7d4,3003.90.17,,l10n_br_fiscal.tax_classification_200032
__export__.l10n_br_fiscal_ncm_15425_ff1da2d9,3003.90.19,,l10n_br_fiscal.tax_classification_200032
__export__.l10n_br_fiscal_ncm_15426_d89a76b3,3003.90.21,,l10n_br_fiscal.tax_classification_200032
__export__.l10n_br_fiscal_ncm_15427_3c7c690e,3003.90.22,,l10n_br_fiscal.tax_classification_200032
__export__.l10n_br_fiscal_ncm_15428_9738f914,3003.90.23,,l10n_br_fiscal.tax_classification_200032
__export__.l10n_br_fiscal_ncm_15429_00aa9f15,3003.90.24,,l10n_br_fiscal.tax_classification_200032
__export__.l10n_br_fiscal_ncm_15430_71514abf,3003.90.25,,l10n_br_fiscal.tax_classification_200032
__export__.l10n_br_fiscal_ncm_15431_21a391d0,3003.90.29,,l10n_br_fiscal.tax_classification_200032
__export__.l10n_br_fiscal_ncm_15432_4b21a3be,3003.90.31,,l10n_br_fiscal.tax_classification_200032
__export__.l10n_br_fiscal_ncm_15433_d1b4969d,3003.90.32,,l10n_br_fiscal.tax_classification_200032
__export__.l10n_br_fiscal_ncm_15434_0bc8fbe4,3003.90.33,,l10n_br_fiscal.tax_classification_200032
__export__.l10n_br_fiscal_ncm_15435_18b0423a,3003.90.34,,l10n_br_fiscal.tax_classification_200032
__export__.l10n_br_fiscal_ncm_15436_b494dfdc,3003.90.35,,l10n_br_fiscal.tax_classification_200032
__export__.l10n_br_fiscal_ncm_15437_30f97d01,3003.90.36,,l10n_br_fiscal.tax_classification_200032
__export__.l10n_br_fiscal_ncm_15438_13aa6ab2,3003.90.37,,l10n_br_fiscal.tax_classification_200032
__export__.l10n_br_fiscal_ncm_15439_3d87b01e,3003.90.38,,l10n_br_fiscal.tax_classification_200032
__export__.l10n_br_fiscal_ncm_15440_84b479d0,3003.90.39,,l10n_br_fiscal.tax_classification_200032
__export__.l10n_br_fiscal_ncm_15441_e0bea9ed,3003.90.41,,l10n_br_fiscal.tax_classification_200032
__export__.l10n_br_fiscal_ncm_15442_fc92260f,3003.90.42,,l10n_br_fiscal.tax_classification_200032
__export__.l10n_br_fiscal_ncm_15443_48b4e90c,3003.90.43,,l10n_br_fiscal.tax_classification_200032
__export__.l10n_br_fiscal_ncm_15444_72cfe533,3003.90.44,,l10n_br_fiscal.tax_classification_200032
__export__.l10n_br_fiscal_ncm_15445_edfb478d,3003.90.45,,l10n_br_fiscal.tax_classification_200032
__export__.l10n_br_fiscal_ncm_15446_f538652d,3003.90.46,,l10n_br_fiscal.tax_classification_200032
__export__.l10n_br_fiscal_ncm_15447_2d641d32,3003.90.47,,l10n_br_fiscal.tax_classification_200032
__export__.l10n_br_fiscal_ncm_15448_e2d30e26,3003.90.48,,l10n_br_fiscal.tax_classification_200032
__export__.l10n_br_fiscal_ncm_15449_082674a2,3003.90.49,,l10n_br_fiscal.tax_classification_200032
__export__.l10n_br_fiscal_ncm_15450_243e220c,3003.90.51,,l10n_br_fiscal.tax_classification_200032
__export__.l10n_br_fiscal_ncm_15451_abfc19fe,3003.90.52,,l10n_br_fiscal.tax_classification_200032
__export__.l10n_br_fiscal_ncm_15452_718e9710,3003.90.53,,l10n_br_fiscal.tax_classification_200032
__export__.l10n_br_fiscal_ncm_15453_f5f312fb,3003.90.54,,l10n_br_fiscal.tax_classification_200032
__export__.l10n_br_fiscal_ncm_15454_00fa9493,3003.90.55,,l10n_br_fiscal.tax_classification_200032
__export__.l10n_br_fiscal_ncm_15455_561e3137,3003.90.56,,l10n_br_fiscal.tax_classification_200032
__export__.l10n_br_fiscal_ncm_15456_9c01398b,3003.90.57,,l10n_br_fiscal.tax_classification_200032
__export__.l10n_br_fiscal_ncm_15457_eb36b5ba,3003.90.58,,l10n_br_fiscal.tax_classification_200032
__export__.l10n_br_fiscal_ncm_15458_bd36a0f0,3003.90.59,,l10n_br_fiscal.tax_classification_200032
__export__.l10n_br_fiscal_ncm_15459_d9d95871,3003.90.61,,l10n_br_fiscal.tax_classification_200032
__export__.l10n_br_fiscal_ncm_15460_e7e4bd7d,3003.90.62,,l10n_br_fiscal.tax_classification_200032
__export__.l10n_br_fiscal_ncm_15461_da87109b,3003.90.63,,l10n_br_fiscal.tax_classification_200032
__export__.l10n_br_fiscal_ncm_15462_575b32d2,3003.90.64,,l10n_br_fiscal.tax_classification_200032
__export__.l10n_br_fiscal_ncm_15463_bcd3317d,3003.90.65,,l10n_br_fiscal.tax_classification_200032
__export__.l10n_br_fiscal_ncm_15464_1c4f0421,3003.90.66,,l10n_br_fiscal.tax_classification_200032
__export__.l10n_br_fiscal_ncm_15465_becc74f2,3003.90.67,,l10n_br_fiscal.tax_classification_200032
__export__.l10n_br_fiscal_ncm_15466_248ff298,3003.90.69,,l10n_br_fiscal.tax_classification_200032
__export__.l10n_br_fiscal_ncm_15467_b57a6bad,3003.90.71,,l10n_br_fiscal.tax_classification_200032
__export__.l10n_br_fiscal_ncm_15468_76d987af,3003.90.72,,l10n_br_fiscal.tax_classification_200032
__export__.l10n_br_fiscal_ncm_15469_ac118cc9,3003.90.73,,l10n_br_fiscal.tax_classification_200032
__export__.l10n_br_fiscal_ncm_15470_9bf14895,3003.90.74,,l10n_br_fiscal.tax_classification_200032
__export__.l10n_br_fiscal_ncm_15471_60126aca,3003.90.75,,l10n_br_fiscal.tax_classification_200032
__export__.l10n_br_fiscal_ncm_15472_390e8899,3003.90.76,,l10n_br_fiscal.tax_classification_200032
__export__.l10n_br_fiscal_ncm_15473_eb480dd9,3003.90.77,,l10n_br_fiscal.tax_classification_200032
__export__.l10n_br_fiscal_ncm_15474_ec31afa8,3003.90.78,,l10n_br_fiscal.tax_classification_200032
__export__.l10n_br_fiscal_ncm_15475_21bf790b,3003.90.79,,l10n_br_fiscal.tax_classification_200032
__export__.l10n_br_fiscal_ncm_15476_f6c108ca,3003.90.81,,l10n_br_fiscal.tax_classification_200032
__export__.l10n_br_fiscal_ncm_15477_42d58c80,3003.90.82,,l10n_br_fiscal.tax_classification_200032
__export__.l10n_br_fiscal_ncm_15478_51f9f5b5,3003.90.83,,l10n_br_fiscal.tax_classification_200032
__export__.l10n_br_fiscal_ncm_15479_c3957e80,3003.90.84,,l10n_br_fiscal.tax_classification_200032
__export__.l10n_br_fiscal_ncm_15480_94e47426,3003.90.85,,l10n_br_fiscal.tax_classification_200032
__export__.l10n_br_fiscal_ncm_15481_b83219a4,3003.90.86,,l10n_br_fiscal.tax_classification_200032
__export__.l10n_br_fiscal_ncm_15482_04e14b1b,3003.90.87,,l10n_br_fiscal.tax_classification_200032
__export__.l10n_br_fiscal_ncm_15483_dc0f7b93,3003.90.88,,l10n_br_fiscal.tax_classification_200032
__export__.l10n_br_fiscal_ncm_15484_3266d3d9,3003.90.89,,l10n_br_fiscal.tax_classification_200032
__export__.l10n_br_fiscal_ncm_15485_24b3bb86,3003.90.91,,l10n_br_fiscal.tax_classification_200032
__export__.l10n_br_fiscal_ncm_15486_5e4ffa6e,3003.90.92,,l10n_br_fiscal.tax_classification_200032
__export__.l10n_br_fiscal_ncm_15487_604e97cd,3003.90.93,,l10n_br_fiscal.tax_classification_200032
__export__.l10n_br_fiscal_ncm_15488_aa80a433,3003.90.94,,l10n_br_fiscal.tax_classification_200032
__export__.l10n_br_fiscal_ncm_15489_4c01d8be,3003.90.95,,l10n_br_fiscal.tax_classification_200032
__export__.l10n_br_fiscal_ncm_15490_d01ee4fd,3003.90.96,,l10n_br_fiscal.tax_classification_200032
__export__.l10n_br_fiscal_ncm_15491_98b0e0fe,3003.90.97,,l10n_br_fiscal.tax_classification_200032
__export__.l10n_br_fiscal_ncm_15492_215d1980,3003.90.99,,l10n_br_fiscal.tax_classification_200032
__export__.l10n_br_fiscal_ncm_15493_6f0a5d83,3004.10.11,,l10n_br_fiscal.tax_classification_200032
__export__.l10n_br_fiscal_ncm_15494_9ca0f187,3004.10.12,,l10n_br_fiscal.tax_classification_200032
__export__.l10n_br_fiscal_ncm_15495_f0df4106,3004.10.13,,l10n_br_fiscal.tax_classification_200032
__export__.l10n_br_fiscal_ncm_15496_1567a99c,3004.10.14,,l10n_br_fiscal.tax_classification_200032
__export__.l10n_br_fiscal_ncm_15497_1a167231,3004.10.15,,l10n_br_fiscal.tax_classification_200032
__export__.l10n_br_fiscal_ncm_15498_058984d2,3004.10.19,,l10n_br_fiscal.tax_classification_200032
__export__.l10n_br_fiscal_ncm_15499_80ec3afe,3004.10.20,,l10n_br_fiscal.tax_classification_200032
__export__.l10n_br_fiscal_ncm_15500_39a206e7,3004.20.11,,l10n_br_fiscal.tax_classification_200032
__export__.l10n_br_fiscal_ncm_15501_272a5d58,3004.20.19,,l10n_br_fiscal.tax_classification_200032
__export__.l10n_br_fiscal_ncm_15502_dfb390b1,3004.20.21,,l10n_br_fiscal.tax_classification_200032
__export__.l10n_br_fiscal_ncm_15503_5a4fae85,3004.20.29,,l10n_br_fiscal.tax_classification_200032
__export__.l10n_br_fiscal_ncm_15504_ad218b8b,3004.20.31,,l10n_br_fiscal.tax_classification_200032
__export__.l10n_br_fiscal_ncm_15505_da15846b,3004.20.32,,l10n_br_fiscal.tax_classification_200032
__export__.l10n_br_fiscal_ncm_15506_9f057f1b,3004.20.39,,l10n_br_fiscal.tax_classification_200032
__export__.l10n_br_fiscal_ncm_15507_9abc18e0,3004.20.41,,l10n_br_fiscal.tax_classification_200032
__export__.l10n_br_fiscal_ncm_15508_3a610681,3004.20.49,,l10n_br_fiscal.tax_classification_200032
__export__.l10n_br_fiscal_ncm_15509_c006ba32,3004.20.51,,l10n_br_fiscal.tax_classification_200032
__export__.l10n_br_fiscal_ncm_15510_49a07297,3004.20.52,,l10n_br_fiscal.tax_classification_200032
__export__.l10n_br_fiscal_ncm_15511_b295f9f9,3004.20.59,,l10n_br_fiscal.tax_classification_200032
__export__.l10n_br_fiscal_ncm_15512_f33d42ab,3004.20.61,,l10n_br_fiscal.tax_classification_200032
__export__.l10n_br_fiscal_ncm_15513_fcf5730a,3004.20.62,,l10n_br_fiscal.tax_classification_200032
__export__.l10n_br_fiscal_ncm_15514_ac7ae332,3004.20.63,,l10n_br_fiscal.tax_classification_200032
__export__.l10n_br_fiscal_ncm_15515_8dc49ade,3004.20.69,,l10n_br_fiscal.tax_classification_200032
__export__.l10n_br_fiscal_ncm_15516_91b95af3,3004.20.71,,l10n_br_fiscal.tax_classification_200032
__export__.l10n_br_fiscal_ncm_15517_c7e1c05a,3004.20.72,,l10n_br_fiscal.tax_classification_200032
__export__.l10n_br_fiscal_ncm_15518_9671544a,3004.20.73,,l10n_br_fiscal.tax_classification_200032
__export__.l10n_br_fiscal_ncm_15519_8c0fe405,3004.20.79,,l10n_br_fiscal.tax_classification_200032
__export__.l10n_br_fiscal_ncm_15520_d91a8158,3004.20.91,,l10n_br_fiscal.tax_classification_200032
__export__.l10n_br_fiscal_ncm_15521_3ad4cfcd,3004.20.92,,l10n_br_fiscal.tax_classification_200032
__export__.l10n_br_fiscal_ncm_15522_2596b84d,3004.20.93,,l10n_br_fiscal.tax_classification_200032
__export__.l10n_br_fiscal_ncm_15523_0d38a95b,3004.20.94,,l10n_br_fiscal.tax_classification_200032
__export__.l10n_br_fiscal_ncm_15524_67c8d8b6,3004.20.95,,l10n_br_fiscal.tax_classification_200032
__export__.l10n_br_fiscal_ncm_15525_bc539ba1,3004.20.99,,l10n_br_fiscal.tax_classification_200032
__export__.l10n_br_fiscal_ncm_15526_e86be004,3004.31.00,,l10n_br_fiscal.tax_classification_200032
__export__.l10n_br_fiscal_ncm_15527_fee04eaf,3004.32.10,,l10n_br_fiscal.tax_classification_200032
__export__.l10n_br_fiscal_ncm_15528_1129843f,3004.32.20,,l10n_br_fiscal.tax_classification_200032
__export__.l10n_br_fiscal_ncm_15529_1c292aaa,3004.32.90,,l10n_br_fiscal.tax_classification_200032
__export__.l10n_br_fiscal_ncm_15530_73a5ad1d,3004.39.11,,l10n_br_fiscal.tax_classification_200032
__export__.l10n_br_fiscal_ncm_15531_919406d7,3004.39.12,,l10n_br_fiscal.tax_classification_200032
__export__.l10n_br_fiscal_ncm_15532_1aaadb64,3004.39.13,,l10n_br_fiscal.tax_classification_200032
__export__.l10n_br_fiscal_ncm_15533_197b778b,3004.39.14,,l10n_br_fiscal.tax_classification_200032
__export__.l10n_br_fiscal_ncm_15534_1f62686a,3004.39.15,,l10n_br_fiscal.tax_classification_200032
__export__.l10n_br_fiscal_ncm_15535_8e53c3b2,3004.39.16,,l10n_br_fiscal.tax_classification_200032
__export__.l10n_br_fiscal_ncm_15536_5cc53ee2,3004.39.17,,l10n_br_fiscal.tax_classification_200032
__export__.l10n_br_fiscal_ncm_15537_0346fee3,3004.39.18,,l10n_br_fiscal.tax_classification_200032
__export__.l10n_br_fiscal_ncm_15538_decbef12,3004.39.19,,l10n_br_fiscal.tax_classification_200032
__export__.l10n_br_fiscal_ncm_15539_2d9eb0ad,3004.39.21,,l10n_br_fiscal.tax_classification_200032
__export__.l10n_br_fiscal_ncm_15540_7c4b90ff,3004.39.22,,l10n_br_fiscal.tax_classification_200032
__export__.l10n_br_fiscal_ncm_15541_2da62ab0,3004.39.23,,l10n_br_fiscal.tax_classification_200032
__export__.l10n_br_fiscal_ncm_15542_186908a2,3004.39.24,,l10n_br_fiscal.tax_classification_200032
__export__.l10n_br_fiscal_ncm_15543_12f93db2,3004.39.25,,l10n_br_fiscal.tax_classification_200032
__export__.l10n_br_fiscal_ncm_15544_9d9b1023,3004.39.26,,l10n_br_fiscal.tax_classification_200032
__export__.l10n_br_fiscal_ncm_15545_e9bc17ce,3004.39.27,,l10n_br_fiscal.tax_classification_200032
__export__.l10n_br_fiscal_ncm_15546_e9f14a5f,3004.39.28,,l10n_br_fiscal.tax_classification_200032
__export__.l10n_br_fiscal_ncm_15547_57a9a0b5,3004.39.29,,l10n_br_fiscal.tax_classification_200032
__export__.l10n_br_fiscal_ncm_15548_c52ae9a7,3004.39.31,,l10n_br_fiscal.tax_classification_200032
__export__.l10n_br_fiscal_ncm_15549_9ada4122,3004.39.32,,l10n_br_fiscal.tax_classification_200032
__export__.l10n_br_fiscal_ncm_15550_6213c182,3004.39.33,,l10n_br_fiscal.tax_classification_200032
__export__.l10n_br_fiscal_ncm_15551_e0aa582c,3004.39.34,,l10n_br_fiscal.tax_classification_200032
__export__.l10n_br_fiscal_ncm_15552_b536a2a2,3004.39.35,,l10n_br_fiscal.tax_classification_200032
__export__.l10n_br_fiscal_ncm_15553_88b54923,3004.39.36,,l10n_br_fiscal.tax_classification_200032
__export__.l10n_br_fiscal_ncm_15554_2c672a25,3004.39.37,,l10n_br_fiscal.tax_classification_200032
__export__.l10n_br_fiscal_ncm_15555_362a5e04,3004.39.39,,l10n_br_fiscal.tax_classification_200032
__export__.l10n_br_fiscal_ncm_15556_5d6644b5,3004.39.81,,l10n_br_fiscal.tax_classification_200032
__export__.l10n_br_fiscal_ncm_15557_584bf514,3004.39.82,,l10n_br_fiscal.tax_classification_200032
__export__.l10n_br_fiscal_ncm_15558_9efa194e,3004.39.91,,l10n_br_fiscal.tax_classification_200032
__export__.l10n_br_fiscal_ncm_15559_7574d85f,3004.39.92,,l10n_br_fiscal.tax_classification_200032
__export__.l10n_br_fiscal_ncm_15560_bb830108,3004.39.94,,l10n_br_fiscal.tax_classification_200032
__export__.l10n_br_fiscal_ncm_15561_aad6ed72,3004.39.99,,l10n_br_fiscal.tax_classification_200032
__export__.l10n_br_fiscal_ncm_15562_c50c5a29,3004.41.00,,l10n_br_fiscal.tax_classification_200032
__export__.l10n_br_fiscal_ncm_15563_cac029a3,3004.42.00,,l10n_br_fiscal.tax_classification_200032
__export__.l10n_br_fiscal_ncm_15564_f5d17560,3004.43.00,,l10n_br_fiscal.tax_classification_200032
__export__.l10n_br_fiscal_ncm_15565_318c920f,3004.49.10,,l10n_br_fiscal.tax_classification_200032
__export__.l10n_br_fiscal_ncm_15566_5a2ea0cb,3004.49.20,,l10n_br_fiscal.tax_classification_200032
__export__.l10n_br_fiscal_ncm_15567_e763475c,3004.49.30,,l10n_br_fiscal.tax_classification_200032
__export__.l10n_br_fiscal_ncm_15568_06f4d289,3004.49.40,,l10n_br_fiscal.tax_classification_200032
__export__.l10n_br_fiscal_ncm_15569_a1a13d9b,3004.49.50,,l10n_br_fiscal.tax_classification_200032
__export__.l10n_br_fiscal_ncm_15570_854e4ab3,3004.49.90,,l10n_br_fiscal.tax_classification_200032
__export__.l10n_br_fiscal_ncm_15571_4622668b,3004.50.10,,l10n_br_fiscal.tax_classification_200032
__export__.l10n_br_fiscal_ncm_15572_cda933d5,3004.50.20,,l10n_br_fiscal.tax_classification_200032
__export__.l10n_br_fiscal_ncm_15573_3534f11b,3004.50.30,,l10n_br_fiscal.tax_classification_200032
__export__.l10n_br_fiscal_ncm_15574_662e0024,3004.50.40,,l10n_br_fiscal.tax_classification_200032
__export__.l10n_br_fiscal_ncm_15575_0533b670,3004.50.50,,l10n_br_fiscal.tax_classification_200032
__export__.l10n_br_fiscal_ncm_15576_b57c5be3,3004.50.60,,l10n_br_fiscal.tax_classification_200032
__export__.l10n_br_fiscal_ncm_15577_138b3c57,3004.50.90,,l10n_br_fiscal.tax_classification_200032
__export__.l10n_br_fiscal_ncm_15578_bdc8b526,3004.60.00,,l10n_br_fiscal.tax_classification_200032
__export__.l10n_br_fiscal_ncm_15579_c12051da,3004.90.11,,l10n_br_fiscal.tax_classification_200032
__export__.l10n_br_fiscal_ncm_15580_47653979,3004.90.12,,l10n_br_fiscal.tax_classification_200032
__export__.l10n_br_fiscal_ncm_15581_818b3814,3004.90.13,,l10n_br_fiscal.tax_classification_200032
__export__.l10n_br_fiscal_ncm_15582_afd3da4c,3004.90.14,,l10n_br_fiscal.tax_classification_200032
__export__.l10n_br_fiscal_ncm_15583_4bd8cf20,3004.90.15,,l10n_br_fiscal.tax_classification_200032
__export__.l10n_br_fiscal_ncm_15584_93744fb8,3004.90.19,,l10n_br_fiscal.tax_classification_200032
__export__.l10n_br_fiscal_ncm_15585_a9bb0fa0,3004.90.21,,l10n_br_fiscal.tax_classification_200032
__export__.l10n_br_fiscal_ncm_15586_910ac165,3004.90.22,,l10n_br_fiscal.tax_classification_200032
__export__.l10n_br_fiscal_ncm_15587_ed52d31f,3004.90.23,,l10n_br_fiscal.tax_classification_200032
__export__.l10n_br_fiscal_ncm_15588_83590503,3004.90.24,,l10n_br_fiscal.tax_classification_200032
__export__.l10n_br_fiscal_ncm_15589_4efacece,3004.90.25,,l10n_br_fiscal.tax_classification_200032
__export__.l10n_br_fiscal_ncm_15590_b7c56290,3004.90.26,,l10n_br_fiscal.tax_classification_200032
__export__.l10n_br_fiscal_ncm_15591_1b257aa2,3004.90.27,,l10n_br_fiscal.tax_classification_200032
__export__.l10n_br_fiscal_ncm_15592_e6e2d949,3004.90.28,,l10n_br_fiscal.tax_classification_200032
__export__.l10n_br_fiscal_ncm_15593_ed6b9c76,3004.90.29,,l10n_br_fiscal.tax_classification_200032
__export__.l10n_br_fiscal_ncm_15594_af7b6c25,3004.90.31,,l10n_br_fiscal.tax_classification_200032
__export__.l10n_br_fiscal_ncm_15595_88cac40e,3004.90.32,,l10n_br_fiscal.tax_classification_200032
__export__.l10n_br_fiscal_ncm_15596_f5699d59,3004.90.33,,l10n_br_fiscal.tax_classification_200032
__export__.l10n_br_fiscal_ncm_15597_f37a1977,3004.90.34,,l10n_br_fiscal.tax_classification_200032
__export__.l10n_br_fiscal_ncm_15598_996fba2a,3004.90.35,,l10n_br_fiscal.tax_classification_200032
__export__.l10n_br_fiscal_ncm_15599_dea916cf,3004.90.36,,l10n_br_fiscal.tax_classification_200032
__export__.l10n_br_fiscal_ncm_15600_52039c02,3004.90.37,,l10n_br_fiscal.tax_classification_200032
__export__.l10n_br_fiscal_ncm_15601_857d047c,3004.90.38,,l10n_br_fiscal.tax_classification_200032
__export__.l10n_br_fiscal_ncm_15602_0bec59d4,3004.90.39,,l10n_br_fiscal.tax_classification_200032
__export__.l10n_br_fiscal_ncm_15603_341ad501,3004.90.41,,l10n_br_fiscal.tax_classification_200032
__export__.l10n_br_fiscal_ncm_15604_a9d08a19,3004.90.42,,l10n_br_fiscal.tax_classification_200032
__export__.l10n_br_fiscal_ncm_15605_5bfe8aff,3004.90.43,,l10n_br_fiscal.tax_classification_200032
__export__.l10n_br_fiscal_ncm_15606_716796f5,3004.90.44,,l10n_br_fiscal.tax_classification_200032
__export__.l10n_br_fiscal_ncm_15607_4b6848cd,3004.90.45,,l10n_br_fiscal.tax_classification_200032
__export__.l10n_br_fiscal_ncm_15608_8c6d8237,3004.90.46,,l10n_br_fiscal.tax_classification_200032
__export__.l10n_br_fiscal_ncm_15609_11f2211f,3004.90.47,,l10n_br_fiscal.tax_classification_200032
__export__.l10n_br_fiscal_ncm_15610_8c7f45a9,3004.90.48,,l10n_br_fiscal.tax_classification_200032
__export__.l10n_br_fiscal_ncm_15611_87ca9cd2,3004.90.49,,l10n_br_fiscal.tax_classification_200032
__export__.l10n_br_fiscal_ncm_15612_f2e1631a,3004.90.51,,l10n_br_fiscal.tax_classification_200032
__export__.l10n_br_fiscal_ncm_15613_58dddfad,3004.90.52,,l10n_br_fiscal.tax_classification_200032
__export__.l10n_br_fiscal_ncm_15614_d6a3f87c,3004.90.53,,l10n_br_fiscal.tax_classification_200032
__export__.l10n_br_fiscal_ncm_15615_7207fa6d,3004.90.54,,l10n_br_fiscal.tax_classification_200032
__export__.l10n_br_fiscal_ncm_15616_fa4a8bc1,3004.90.55,,l10n_br_fiscal.tax_classification_200032
__export__.l10n_br_fiscal_ncm_15617_c89523c1,3004.90.57,,l10n_br_fiscal.tax_classification_200032
__export__.l10n_br_fiscal_ncm_15618_7a216654,3004.90.58,,l10n_br_fiscal.tax_classification_200032
__export__.l10n_br_fiscal_ncm_15619_11eb90f3,3004.90.59,,l10n_br_fiscal.tax_classification_200032
__export__.l10n_br_fiscal_ncm_15620_655c8f72,3004.90.61,,l10n_br_fiscal.tax_classification_200032
__export__.l10n_br_fiscal_ncm_15621_13e37c37,3004.90.62,,l10n_br_fiscal.tax_classification_200032
__export__.l10n_br_fiscal_ncm_15622_6ddc1a6d,3004.90.63,,l10n_br_fiscal.tax_classification_200032
__export__.l10n_br_fiscal_ncm_15623_253df892,3004.90.64,,l10n_br_fiscal.tax_classification_200032
__export__.l10n_br_fiscal_ncm_15624_1a2bb0e5,3004.90.65,,l10n_br_fiscal.tax_classification_200032
__export__.l10n_br_fiscal_ncm_15625_2a06bac9,3004.90.66,,l10n_br_fiscal.tax_classification_200032
__export__.l10n_br_fiscal_ncm_15626_b7260817,3004.90.67,,l10n_br_fiscal.tax_classification_200032
__export__.l10n_br_fiscal_ncm_15627_4549d906,3004.90.68,,l10n_br_fiscal.tax_classification_200032
__export__.l10n_br_fiscal_ncm_15628_3876d50e,3004.90.69,,l10n_br_fiscal.tax_classification_200032
__export__.l10n_br_fiscal_ncm_15629_cb2225be,3004.90.71,,l10n_br_fiscal.tax_classification_200032
__export__.l10n_br_fiscal_ncm_15630_406a54ad,3004.90.72,,l10n_br_fiscal.tax_classification_200032
__export__.l10n_br_fiscal_ncm_15631_aa7ec979,3004.90.73,,l10n_br_fiscal.tax_classification_200032
__export__.l10n_br_fiscal_ncm_15632_1e9ed4b3,3004.90.74,,l10n_br_fiscal.tax_classification_200032
__export__.l10n_br_fiscal_ncm_15633_549ad845,3004.90.75,,l10n_br_fiscal.tax_classification_200032
__export__.l10n_br_fiscal_ncm_15634_2321b30d,3004.90.76,,l10n_br_fiscal.tax_classification_200032
__export__.l10n_br_fiscal_ncm_15635_8ec9ecc1,3004.90.77,,l10n_br_fiscal.tax_classification_200032
__export__.l10n_br_fiscal_ncm_15636_99d63a5c,3004.90.78,,l10n_br_fiscal.tax_classification_200032
__export__.l10n_br_fiscal_ncm_15637_2cb97d6d,3004.90.79,,l10n_br_fiscal.tax_classification_200032
__export__.l10n_br_fiscal_ncm_15638_cb425752,3004.90.91,,l10n_br_fiscal.tax_classification_200032
__export__.l10n_br_fiscal_ncm_15639_e7f103c2,3004.90.92,,l10n_br_fiscal.tax_classification_200032
__export__.l10n_br_fiscal_ncm_15640_b72a751e,3004.90.93,,l10n_br_fiscal.tax_classification_200032
__export__.l10n_br_fiscal_ncm_15641_00b222af,3004.90.94,,l10n_br_fiscal.tax_classification_200032
__export__.l10n_br_fiscal_ncm_15642_d138819f,3004.90.95,,l10n_br_fiscal.tax_classification_200032
__export__.l10n_br_fiscal_ncm_15643_e9e15785,3004.90.96,,l10n_br_fiscal.tax_classification_200032
__export__.l10n_br_fiscal_ncm_15644_44112331,3004.90.97,,l10n_br_fiscal.tax_classification_200032
__export__.l10n_br_fiscal_ncm_15645_a06a5d73,3004.90.99,,l10n_br_fiscal.tax_classification_200032
__export__.l10n_br_fiscal_ncm_15646_e84e9397,3005.10.10,,
__export__.l10n_br_fiscal_ncm_15647_22adce31,3005.10.20,,
__export__.l10n_br_fiscal_ncm_15648_aed3da0e,3005.10.30,,
__export__.l10n_br_fiscal_ncm_15649_09656053,3005.10.40,,
__export__.l10n_br_fiscal_ncm_15650_86c3c6d2,3005.10.50,,
__export__.l10n_br_fiscal_ncm_15651_ea631848,3005.10.90,,
__export__.l10n_br_fiscal_ncm_15652_51ff937d,3005.90.11,,
__export__.l10n_br_fiscal_ncm_15653_0d7447a3,3005.90.12,,
__export__.l10n_br_fiscal_ncm_15654_fce0bf2e,3005.90.19,,
__export__.l10n_br_fiscal_ncm_15655_d988af51,3005.90.20,,
__export__.l10n_br_fiscal_ncm_15656_49654446,3005.90.90,,l10n_br_fiscal.tax_classification_200030
__export__.l10n_br_fiscal_ncm_15657_adabf810,3006.10.10,,l10n_br_fiscal.tax_classification_200030
__export__.l10n_br_fiscal_ncm_15658_59562932,3006.10.20,,l10n_br_fiscal.tax_classification_200030
__export__.l10n_br_fiscal_ncm_15659_3831a268,3006.10.90,,l10n_br_fiscal.tax_classification_200030
__export__.l10n_br_fiscal_ncm_15660_aa0707e2,3006.30.11,,
__export__.l10n_br_fiscal_ncm_15661_213f92d8,3006.30.12,,
__export__.l10n_br_fiscal_ncm_15662_409a1390,3006.30.13,,l10n_br_fiscal.tax_classification_200009
__export__.l10n_br_fiscal_ncm_15663_39aad1b4,3006.30.15,,
__export__.l10n_br_fiscal_ncm_15664_0eca087a,3006.30.16,,
__export__.l10n_br_fiscal_ncm_15665_35ff1be6,3006.30.17,,
__export__.l10n_br_fiscal_ncm_15666_c6571503,3006.30.18,,
__export__.l10n_br_fiscal_ncm_15667_02e9c163,3006.30.19,,
__export__.l10n_br_fiscal_ncm_15668_fe83c25f,3006.30.21,,l10n_br_fiscal.tax_classification_200030
__export__.l10n_br_fiscal_ncm_15669_ea3ff321,3006.30.29,,
__export__.l10n_br_fiscal_ncm_15670_b9cee1ad,3006.40.11,,
__export__.l10n_br_fiscal_ncm_15671_03b0e095,3006.40.12,,l10n_br_fiscal.tax_classification_200030
__export__.l10n_br_fiscal_ncm_15672_b97eaffd,3006.40.20,,l10n_br_fiscal.tax_classification_200030
__export__.l10n_br_fiscal_ncm_15673_2b46d774,3006.50.00,,
__export__.l10n_br_fiscal_ncm_15674_ea965389,3006.60.00,,
__export__.l10n_br_fiscal_ncm_15675_ea2ce185,3006.70.00,,l10n_br_fiscal.tax_classification_200030
__export__.l10n_br_fiscal_ncm_15676_82643213,3006.91.10,,l10n_br_fiscal.tax_classification_200030
__export__.l10n_br_fiscal_ncm_15677_9f279f14,3006.91.90,,l10n_br_fiscal.tax_classification_200030
__export__.l10n_br_fiscal_ncm_15678_6b7486a5,3006.92.00,,
__export__.l10n_br_fiscal_ncm_15679_6348fd7b,3006.93.00,,
__export__.l10n_br_fiscal_ncm_15680_34299db1,3101.00.00,,l10n_br_fiscal.tax_classification_200038
__export__.l10n_br_fiscal_ncm_15681_aeec9786,3102.10.10,,l10n_br_fiscal.tax_classification_200038
__export__.l10n_br_fiscal_ncm_15682_2f82c656,3102.10.90,,l10n_br_fiscal.tax_classification_200038
__export__.l10n_br_fiscal_ncm_15683_76b5b530,3102.21.00,,l10n_br_fiscal.tax_classification_200038
__export__.l10n_br_fiscal_ncm_15684_405c888c,3102.29.10,,l10n_br_fiscal.tax_classification_200038
__export__.l10n_br_fiscal_ncm_15685_14dc3417,3102.29.90,,l10n_br_fiscal.tax_classification_200038
__export__.l10n_br_fiscal_ncm_15686_764ac0e2,3102.30.00,,l10n_br_fiscal.tax_classification_200038
__export__.l10n_br_fiscal_ncm_15687_d40b667d,3102.40.00,,l10n_br_fiscal.tax_classification_200038
__export__.l10n_br_fiscal_ncm_15688_70dfa3b4,3102.50.11,,l10n_br_fiscal.tax_classification_200038
__export__.l10n_br_fiscal_ncm_15689_e0036df5,3102.50.19,,l10n_br_fiscal.tax_classification_200038
__export__.l10n_br_fiscal_ncm_15690_d9b9ea6e,3102.50.90,,l10n_br_fiscal.tax_classification_200038
__export__.l10n_br_fiscal_ncm_15691_b6d418ad,3102.50.90,1,l10n_br_fiscal.tax_classification_200038
__export__.l10n_br_fiscal_ncm_15692_86191eab,3102.60.00,,l10n_br_fiscal.tax_classification_200038
__export__.l10n_br_fiscal_ncm_15693_84ba75d4,3102.80.00,,l10n_br_fiscal.tax_classification_200038
__export__.l10n_br_fiscal_ncm_15694_1a607105,3102.90.00,,l10n_br_fiscal.tax_classification_200038
__export__.l10n_br_fiscal_ncm_15695_1f716d2a,3102.90.00,1,l10n_br_fiscal.tax_classification_200038
__export__.l10n_br_fiscal_ncm_15696_78f06515,3103.11.00,,l10n_br_fiscal.tax_classification_200038
__export__.l10n_br_fiscal_ncm_15697_83128c20,3103.19.00,,l10n_br_fiscal.tax_classification_200038
__export__.l10n_br_fiscal_ncm_15698_6ada3a66,3103.90.11,,l10n_br_fiscal.tax_classification_200038
__export__.l10n_br_fiscal_ncm_15699_76674ff2,3103.90.19,,l10n_br_fiscal.tax_classification_200038
__export__.l10n_br_fiscal_ncm_15700_e9831c35,3103.90.90,,l10n_br_fiscal.tax_classification_200038
__export__.l10n_br_fiscal_ncm_15701_dcbfff69,3104.20.10,,l10n_br_fiscal.tax_classification_200033
__export__.l10n_br_fiscal_ncm_15702_01f6f173,3104.20.90,,l10n_br_fiscal.tax_classification_200033
__export__.l10n_br_fiscal_ncm_15703_d7d40b31,3104.30.10,,l10n_br_fiscal.tax_classification_200038
__export__.l10n_br_fiscal_ncm_15704_0c56cfc1,3104.30.90,,l10n_br_fiscal.tax_classification_200038
__export__.l10n_br_fiscal_ncm_15705_eaedec85,3104.90.10,,l10n_br_fiscal.tax_classification_200038
__export__.l10n_br_fiscal_ncm_15706_ece2547e,3104.90.90,,l10n_br_fiscal.tax_classification_200038
__export__.l10n_br_fiscal_ncm_15707_f588e40f,3105.10.00,,l10n_br_fiscal.tax_classification_200038
__export__.l10n_br_fiscal_ncm_15708_2984e58b,3105.10.00,1,l10n_br_fiscal.tax_classification_200038
__export__.l10n_br_fiscal_ncm_15709_d0cae9bb,3105.10.00,2,l10n_br_fiscal.tax_classification_200038
__export__.l10n_br_fiscal_ncm_15710_9e54bf99,3105.10.00,3,l10n_br_fiscal.tax_classification_200038
__export__.l10n_br_fiscal_ncm_15711_a38ac83b,3105.10.00,4,l10n_br_fiscal.tax_classification_200038
__export__.l10n_br_fiscal_ncm_15712_0fb88b91,3105.20.00,,l10n_br_fiscal.tax_classification_200038
__export__.l10n_br_fiscal_ncm_15713_3aa003e9,3105.30.00,,l10n_br_fiscal.tax_classification_200038
__export__.l10n_br_fiscal_ncm_15714_4b3dd16b,3105.40.00,,l10n_br_fiscal.tax_classification_200038
__export__.l10n_br_fiscal_ncm_15715_529248ac,3105.51.00,,l10n_br_fiscal.tax_classification_200038
__export__.l10n_br_fiscal_ncm_15716_4920eb84,3105.59.00,,l10n_br_fiscal.tax_classification_200038
__export__.l10n_br_fiscal_ncm_15717_1f21a141,3105.60.00,,l10n_br_fiscal.tax_classification_200038
__export__.l10n_br_fiscal_ncm_15718_e51216ff,3105.90.11,,l10n_br_fiscal.tax_classification_200038
__export__.l10n_br_fiscal_ncm_15719_e57a5691,3105.90.19,,l10n_br_fiscal.tax_classification_200038
__export__.l10n_br_fiscal_ncm_15720_43e7125b,3105.90.90,,l10n_br_fiscal.tax_classification_200038
__export__.l10n_br_fiscal_ncm_15721_fdd26995,3201.10.00,,
__export__.l10n_br_fiscal_ncm_15722_5932e7f7,3201.20.00,,
__export__.l10n_br_fiscal_ncm_15723_a8e051a5,3201.90.11,,
__export__.l10n_br_fiscal_ncm_15724_8dea6694,3201.90.12,,
__export__.l10n_br_fiscal_ncm_15725_b6594da7,3201.90.19,,
__export__.l10n_br_fiscal_ncm_15726_32faec15,3201.90.20,,
__export__.l10n_br_fiscal_ncm_15727_f4015856,3201.90.90,,
__export__.l10n_br_fiscal_ncm_15728_dd3108b2,3202.10.00,,
__export__.l10n_br_fiscal_ncm_15729_e4022296,3202.90.11,,
__export__.l10n_br_fiscal_ncm_15730_f8d5ea42,3202.90.12,,
__export__.l10n_br_fiscal_ncm_15731_bc0b6eca,3202.90.13,,
__export__.l10n_br_fiscal_ncm_15732_0b8c8634,3202.90.19,,
__export__.l10n_br_fiscal_ncm_15733_d9e46065,3202.90.21,,
__export__.l10n_br_fiscal_ncm_15734_e81aea9e,3202.90.29,,
__export__.l10n_br_fiscal_ncm_15735_8d9cb128,3202.90.30,,
__export__.l10n_br_fiscal_ncm_15736_8686312f,3203.00.11,,
__export__.l10n_br_fiscal_ncm_15737_818e8742,3203.00.12,,
__export__.l10n_br_fiscal_ncm_15738_a2caf8d7,3203.00.13,,
__export__.l10n_br_fiscal_ncm_15739_185cfe04,3203.00.19,,
__export__.l10n_br_fiscal_ncm_15740_b49cec59,3203.00.21,,
__export__.l10n_br_fiscal_ncm_15741_c4d377a9,3203.00.29,,
__export__.l10n_br_fiscal_ncm_15742_2a719f44,3203.00.30,,
__export__.l10n_br_fiscal_ncm_15743_3fdba1e6,3204.11.00,,
__export__.l10n_br_fiscal_ncm_15744_ee694aa4,3204.12.10,,
__export__.l10n_br_fiscal_ncm_15745_2cdb735f,3204.12.20,,
__export__.l10n_br_fiscal_ncm_15746_b01c750a,3204.13.00,,
__export__.l10n_br_fiscal_ncm_15747_47828b10,3204.14.00,,
__export__.l10n_br_fiscal_ncm_15748_3bdeb7f9,3204.15.10,,
__export__.l10n_br_fiscal_ncm_15749_41ae73b0,3204.15.20,,
__export__.l10n_br_fiscal_ncm_15750_95d37edb,3204.15.30,,
__export__.l10n_br_fiscal_ncm_15751_f53ed44d,3204.15.90,,
__export__.l10n_br_fiscal_ncm_15752_6def6dcf,3204.16.00,,
__export__.l10n_br_fiscal_ncm_15753_778c6853,3204.17.00,,
__export__.l10n_br_fiscal_ncm_15754_553c92e9,3204.18.10,,
__export__.l10n_br_fiscal_ncm_15755_8f135309,3204.18.20,,
__export__.l10n_br_fiscal_ncm_15756_7bc94052,3204.18.30,,
__export__.l10n_br_fiscal_ncm_15757_a19f4fd1,3204.18.90,,
__export__.l10n_br_fiscal_ncm_15758_491cd837,3204.19.20,,
__export__.l10n_br_fiscal_ncm_15759_bf9138ff,3204.19.30,,
__export__.l10n_br_fiscal_ncm_15760_f369aa5a,3204.19.90,,
__export__.l10n_br_fiscal_ncm_15761_0ac6b63a,3204.20.11,,
__export__.l10n_br_fiscal_ncm_15762_c2eff1de,3204.20.19,,
__export__.l10n_br_fiscal_ncm_15763_961857fd,3204.20.90,,
__export__.l10n_br_fiscal_ncm_15764_63424a7f,3204.90.00,,
__export__.l10n_br_fiscal_ncm_15765_8fffd7c9,3205.00.00,,
__export__.l10n_br_fiscal_ncm_15766_d53f85d6,3206.11.10,,
__export__.l10n_br_fiscal_ncm_15767_72b567ae,3206.11.20,,
__export__.l10n_br_fiscal_ncm_15768_e0e3de6a,3206.11.30,,
__export__.l10n_br_fiscal_ncm_15769_c61581df,3206.19.10,,
__export__.l10n_br_fiscal_ncm_15770_84fe6bef,3206.19.90,,
__export__.l10n_br_fiscal_ncm_15771_faf1dbce,3206.20.00,,
__export__.l10n_br_fiscal_ncm_15772_1d8dff8b,3206.41.00,,
__export__.l10n_br_fiscal_ncm_15773_d3ea0fe3,3206.42.10,,
__export__.l10n_br_fiscal_ncm_15774_042c1ca6,3206.42.90,,
__export__.l10n_br_fiscal_ncm_15775_67c3d37f,3206.49.10,,
__export__.l10n_br_fiscal_ncm_15776_3b2f17db,3206.49.20,,
__export__.l10n_br_fiscal_ncm_15777_c69c94c9,3206.49.90,,
__export__.l10n_br_fiscal_ncm_15778_a4ac55cf,3206.50.11,,
__export__.l10n_br_fiscal_ncm_15779_fe6ff9c9,3206.50.19,,
__export__.l10n_br_fiscal_ncm_15780_056f83e1,3206.50.21,,
__export__.l10n_br_fiscal_ncm_15781_eab3162a,3206.50.29,,
__export__.l10n_br_fiscal_ncm_15782_1c905447,3207.10.10,,
__export__.l10n_br_fiscal_ncm_15783_779fb70d,3207.10.90,,
__export__.l10n_br_fiscal_ncm_15784_fc792fde,3207.20.10,,
__export__.l10n_br_fiscal_ncm_15785_66298486,3207.20.91,,
__export__.l10n_br_fiscal_ncm_15786_9aede9e3,3207.20.99,,
__export__.l10n_br_fiscal_ncm_15787_480253b7,3207.30.00,,
__export__.l10n_br_fiscal_ncm_15788_829aa653,3207.40.10,,
__export__.l10n_br_fiscal_ncm_15789_d8a2066f,3207.40.90,,
__export__.l10n_br_fiscal_ncm_15790_9a38a479,3208.10.10,,
__export__.l10n_br_fiscal_ncm_15791_9c7536e1,3208.10.20,,
__export__.l10n_br_fiscal_ncm_15792_da2a6ce0,3208.10.30,,
__export__.l10n_br_fiscal_ncm_15793_f459daf8,3208.20.11,,
__export__.l10n_br_fiscal_ncm_15794_cfbdb727,3208.20.19,,
__export__.l10n_br_fiscal_ncm_15795_eb3b359d,3208.20.20,,
__export__.l10n_br_fiscal_ncm_15796_5f98b90e,3208.20.30,,
__export__.l10n_br_fiscal_ncm_15797_698b8807,3208.90.10,,
__export__.l10n_br_fiscal_ncm_15798_18a30351,3208.90.21,,
__export__.l10n_br_fiscal_ncm_15799_e476723e,3208.90.29,,
__export__.l10n_br_fiscal_ncm_15800_5cc8d3df,3208.90.31,,
__export__.l10n_br_fiscal_ncm_15801_1f1198dc,3208.90.39,,
__export__.l10n_br_fiscal_ncm_15802_b4fdc784,3209.10.10,,
__export__.l10n_br_fiscal_ncm_15803_94cdfb61,3209.10.20,,
__export__.l10n_br_fiscal_ncm_15804_547da1c4,3209.90.11,,
__export__.l10n_br_fiscal_ncm_15805_50272871,3209.90.19,,
__export__.l10n_br_fiscal_ncm_15806_de8a6d2e,3209.90.20,,
__export__.l10n_br_fiscal_ncm_15807_8858ab8a,3210.00.10,,
__export__.l10n_br_fiscal_ncm_15808_e791b247,3210.00.20,,
__export__.l10n_br_fiscal_ncm_15809_32892385,3210.00.30,,
__export__.l10n_br_fiscal_ncm_15810_c4b6d166,3211.00.00,,
__export__.l10n_br_fiscal_ncm_15811_0b4dedc9,3212.10.00,,
__export__.l10n_br_fiscal_ncm_15812_d33eea97,3212.90.10,,
__export__.l10n_br_fiscal_ncm_15813_8002f8fe,3212.90.90,,
__export__.l10n_br_fiscal_ncm_15814_ca60099e,3213.10.00,,
__export__.l10n_br_fiscal_ncm_15815_ab61628a,3213.90.00,,
__export__.l10n_br_fiscal_ncm_15816_4f7654fc,3214.10.10,,
__export__.l10n_br_fiscal_ncm_15817_0fcbc419,3214.10.20,,
__export__.l10n_br_fiscal_ncm_15818_89dcdff5,3214.90.00,,
__export__.l10n_br_fiscal_ncm_15819_9a0e3cbf,3215.11.00,,
__export__.l10n_br_fiscal_ncm_15820_0f90d402,3215.19.00,,
__export__.l10n_br_fiscal_ncm_15821_cfb0c938,3215.90.00,,
__export__.l10n_br_fiscal_ncm_15822_279d0624,3301.12.10,,l10n_br_fiscal.tax_classification_200038
__export__.l10n_br_fiscal_ncm_15823_e25632ca,3301.12.90,,l10n_br_fiscal.tax_classification_200038
__export__.l10n_br_fiscal_ncm_15824_e4d33fb9,3301.13.00,,l10n_br_fiscal.tax_classification_200038
__export__.l10n_br_fiscal_ncm_15825_7ce219eb,3301.19.10,,l10n_br_fiscal.tax_classification_200038
__export__.l10n_br_fiscal_ncm_15826_1440a7c9,3301.19.90,,l10n_br_fiscal.tax_classification_200038
__export__.l10n_br_fiscal_ncm_15827_ee6b7326,3301.24.00,,l10n_br_fiscal.tax_classification_200038
__export__.l10n_br_fiscal_ncm_15828_1b071fb0,3301.25.10,,l10n_br_fiscal.tax_classification_200038
__export__.l10n_br_fiscal_ncm_15829_0d4bf005,3301.25.20,,l10n_br_fiscal.tax_classification_200038
__export__.l10n_br_fiscal_ncm_15830_49d28105,3301.25.90,,l10n_br_fiscal.tax_classification_200038
__export__.l10n_br_fiscal_ncm_15831_0c30b40e,3301.29.11,,l10n_br_fiscal.tax_classification_200038
__export__.l10n_br_fiscal_ncm_15832_3b559c6a,3301.29.12,,l10n_br_fiscal.tax_classification_200038
__export__.l10n_br_fiscal_ncm_15833_49527ce2,3301.29.13,,l10n_br_fiscal.tax_classification_200038
__export__.l10n_br_fiscal_ncm_15834_f3033700,3301.29.14,,l10n_br_fiscal.tax_classification_200038
__export__.l10n_br_fiscal_ncm_15835_5e9f44de,3301.29.15,,l10n_br_fiscal.tax_classification_200038
__export__.l10n_br_fiscal_ncm_15836_bbe3fae9,3301.29.16,,l10n_br_fiscal.tax_classification_200038
__export__.l10n_br_fiscal_ncm_15837_069cd215,3301.29.17,,l10n_br_fiscal.tax_classification_200038
__export__.l10n_br_fiscal_ncm_15838_aa18d196,3301.29.18,,l10n_br_fiscal.tax_classification_200038
__export__.l10n_br_fiscal_ncm_15839_ea2b5489,3301.29.19,,l10n_br_fiscal.tax_classification_200038
__export__.l10n_br_fiscal_ncm_15840_7a95713c,3301.29.21,,l10n_br_fiscal.tax_classification_200038
__export__.l10n_br_fiscal_ncm_15841_974b696a,3301.29.22,,l10n_br_fiscal.tax_classification_200038
__export__.l10n_br_fiscal_ncm_15842_68e40de5,3301.29.90,,l10n_br_fiscal.tax_classification_200038
__export__.l10n_br_fiscal_ncm_15843_b361fbc4,3301.30.00,,l10n_br_fiscal.tax_classification_200038
__export__.l10n_br_fiscal_ncm_15844_28469364,3301.90.10,,l10n_br_fiscal.tax_classification_200038
__export__.l10n_br_fiscal_ncm_15845_831eb6c3,3301.90.20,,l10n_br_fiscal.tax_classification_200038
__export__.l10n_br_fiscal_ncm_15846_2203be40,3301.90.30,,l10n_br_fiscal.tax_classification_200038
__export__.l10n_br_fiscal_ncm_15847_e319ccdc,3301.90.40,,l10n_br_fiscal.tax_classification_200038
__export__.l10n_br_fiscal_ncm_15848_ec0cb1cd,3302.10.00,,
__export__.l10n_br_fiscal_ncm_15849_dfb32e00,3302.90.11,,
__export__.l10n_br_fiscal_ncm_15850_4db66b95,3302.90.19,,
__export__.l10n_br_fiscal_ncm_15851_17043e92,3302.90.91,,
__export__.l10n_br_fiscal_ncm_15852_043d8c43,3302.90.99,,
__export__.l10n_br_fiscal_ncm_15853_351e1441,3303.00.10,,
__export__.l10n_br_fiscal_ncm_15854_0869148d,3303.00.20,,
__export__.l10n_br_fiscal_ncm_15855_304abe28,3304.10.00,,
__export__.l10n_br_fiscal_ncm_15856_c21422c8,3304.20.10,,
__export__.l10n_br_fiscal_ncm_15857_f6d4275b,3304.20.90,,
__export__.l10n_br_fiscal_ncm_15858_d334301f,3304.30.00,,
__export__.l10n_br_fiscal_ncm_15859_f26e0f32,3304.91.00,,
__export__.l10n_br_fiscal_ncm_15860_6fd30028,3304.91.00,1,
__export__.l10n_br_fiscal_ncm_15861_61d43909,3304.99.10,,
__export__.l10n_br_fiscal_ncm_15862_c60d4d0a,3304.99.90,,
__export__.l10n_br_fiscal_ncm_15863_e3494b36,3304.99.90,1,
__export__.l10n_br_fiscal_ncm_15864_cc47fd17,3304.99.90,2,
__export__.l10n_br_fiscal_ncm_15865_bbd32c6b,3305.10.00,,
__export__.l10n_br_fiscal_ncm_15866_b86d55df,3305.20.00,,
__export__.l10n_br_fiscal_ncm_15867_84be04bb,3305.30.00,,
__export__.l10n_br_fiscal_ncm_15868_4c2c3cdd,3305.90.00,,
__export__.l10n_br_fiscal_ncm_15869_9ef1e3dd,3305.90.00,1,
__export__.l10n_br_fiscal_ncm_15870_0124847e,3306.10.00,,l10n_br_fiscal.tax_classification_200035
__export__.l10n_br_fiscal_ncm_15871_03b07935,3306.20.00,,
__export__.l10n_br_fiscal_ncm_15872_3314256f,3306.90.00,,
__export__.l10n_br_fiscal_ncm_15873_0ab68587,3307.10.00,,
__export__.l10n_br_fiscal_ncm_15874_a9b34e62,3307.20.10,,
__export__.l10n_br_fiscal_ncm_15875_a648ba3f,3307.20.90,,
__export__.l10n_br_fiscal_ncm_15876_9e093f9e,3307.30.00,,
__export__.l10n_br_fiscal_ncm_15877_1c8a5738,3307.41.00,,
__export__.l10n_br_fiscal_ncm_15878_010d045b,3307.49.00,,
__export__.l10n_br_fiscal_ncm_15879_fb38c4e6,3307.90.00,,
__export__.l10n_br_fiscal_ncm_15880_d59b6b9f,3307.90.00,1,
__export__.l10n_br_fiscal_ncm_15881_3400fcd3,3401.11.10,,
__export__.l10n_br_fiscal_ncm_15882_71b0a607,3401.11.90,,l10n_br_fiscal.tax_classification_200035
__export__.l10n_br_fiscal_ncm_15883_9b49caf8,3401.11.90,1,l10n_br_fiscal.tax_classification_200035
__export__.l10n_br_fiscal_ncm_15884_58ac6b0f,3401.19.00,,l10n_br_fiscal.tax_classification_200035
__export__.l10n_br_fiscal_ncm_15885_51c7ab2d,3401.19.00,1,l10n_br_fiscal.tax_classification_200035
__export__.l10n_br_fiscal_ncm_15886_0c5dee60,3401.19.00,2,l10n_br_fiscal.tax_classification_200035
__export__.l10n_br_fiscal_ncm_15887_ea92eb74,3401.19.00,3,l10n_br_fiscal.tax_classification_200035
__export__.l10n_br_fiscal_ncm_15888_475a0051,3401.20.10,,
__export__.l10n_br_fiscal_ncm_15889_b3fa9164,3401.20.90,,
__export__.l10n_br_fiscal_ncm_15890_0ddab5a8,3401.30.00,,
__export__.l10n_br_fiscal_ncm_15891_da873fc5,3402.31.00,,
__export__.l10n_br_fiscal_ncm_15892_330ae650,3402.39.10,,
__export__.l10n_br_fiscal_ncm_15893_1a1b2ecd,3402.39.20,,
__export__.l10n_br_fiscal_ncm_15894_5134f3fa,3402.39.30,,
__export__.l10n_br_fiscal_ncm_15895_a8069bab,3402.39.90,,
__export__.l10n_br_fiscal_ncm_15896_c0c3e7bc,3402.41.10,,
__export__.l10n_br_fiscal_ncm_15897_e723ae85,3402.41.90,,
__export__.l10n_br_fiscal_ncm_15898_8b43e28e,3402.42.00,,
__export__.l10n_br_fiscal_ncm_15899_e691fea6,3402.49.00,,
__export__.l10n_br_fiscal_ncm_15900_dec54275,3402.50.00,,
__export__.l10n_br_fiscal_ncm_15901_3e61b08d,3402.90.11,,
__export__.l10n_br_fiscal_ncm_15902_4fa98e7b,3402.90.19,,
__export__.l10n_br_fiscal_ncm_15903_487489d5,3402.90.21,,
__export__.l10n_br_fiscal_ncm_15904_a7347ab4,3402.90.22,,
__export__.l10n_br_fiscal_ncm_15905_09371298,3402.90.23,,
__export__.l10n_br_fiscal_ncm_15906_26bb41d5,3402.90.29,,
__export__.l10n_br_fiscal_ncm_15907_71fb01a5,3402.90.31,,
__export__.l10n_br_fiscal_ncm_15908_98f28e79,3402.90.39,,
__export__.l10n_br_fiscal_ncm_15909_84c8137d,3402.90.90,,
__export__.l10n_br_fiscal_ncm_15910_ff248745,3403.11.10,,
__export__.l10n_br_fiscal_ncm_15911_33976f0a,3403.11.20,,
__export__.l10n_br_fiscal_ncm_15912_eca058b9,3403.11.90,,
__export__.l10n_br_fiscal_ncm_15913_9fbc7a01,3403.19.00,,
__export__.l10n_br_fiscal_ncm_15914_857a819b,3403.91.10,,
__export__.l10n_br_fiscal_ncm_15915_e2b3be34,3403.91.20,,
__export__.l10n_br_fiscal_ncm_15916_29bcefd7,3403.91.90,,
__export__.l10n_br_fiscal_ncm_15917_8e529399,3403.99.00,,
__export__.l10n_br_fiscal_ncm_15918_c5feb445,3404.20.10,,
__export__.l10n_br_fiscal_ncm_15919_c7dcf5f4,3404.20.20,,
__export__.l10n_br_fiscal_ncm_15920_14c7e5a7,3404.90.11,,
__export__.l10n_br_fiscal_ncm_15921_4c1ba0eb,3404.90.12,,
__export__.l10n_br_fiscal_ncm_15922_c63b5eaa,3404.90.13,,
__export__.l10n_br_fiscal_ncm_15923_fa1fb529,3404.90.14,,
__export__.l10n_br_fiscal_ncm_15924_aabb6ad5,3404.90.19,,
__export__.l10n_br_fiscal_ncm_15925_6ef7d959,3404.90.21,,
__export__.l10n_br_fiscal_ncm_15926_cbb611f9,3404.90.22,,
__export__.l10n_br_fiscal_ncm_15927_8e33addb,3404.90.29,,
__export__.l10n_br_fiscal_ncm_15928_0d0e843b,3405.10.00,,
__export__.l10n_br_fiscal_ncm_15929_897b1ce0,3405.20.00,,
__export__.l10n_br_fiscal_ncm_15930_610f75b7,3405.30.00,,
__export__.l10n_br_fiscal_ncm_15931_3407db72,3405.40.00,,
__export__.l10n_br_fiscal_ncm_15932_76a89719,3405.90.00,,
__export__.l10n_br_fiscal_ncm_15933_074dc3bf,3406.00.00,,
__export__.l10n_br_fiscal_ncm_15934_617dd32a,3407.00.10,,
__export__.l10n_br_fiscal_ncm_15935_e991fdbb,3407.00.20,,
__export__.l10n_br_fiscal_ncm_15936_6a18a8f7,3407.00.90,,
__export__.l10n_br_fiscal_ncm_15937_eb6513c6,3501.10.00,,
__export__.l10n_br_fiscal_ncm_15938_ff017352,3501.90.11,,
__export__.l10n_br_fiscal_ncm_15939_fd443ea6,3501.90.19,,
__export__.l10n_br_fiscal_ncm_15940_cdd5eb24,3501.90.20,,
__export__.l10n_br_fiscal_ncm_15941_360eb392,3502.11.00,,
__export__.l10n_br_fiscal_ncm_15942_9a248e18,3502.19.00,,
__export__.l10n_br_fiscal_ncm_15943_40b4f6ac,3502.20.00,,
__export__.l10n_br_fiscal_ncm_15944_093a1cc2,3502.90.10,,
__export__.l10n_br_fiscal_ncm_15945_451e02c4,3502.90.90,,
__export__.l10n_br_fiscal_ncm_15946_ffe7a32f,3503.00.11,,
__export__.l10n_br_fiscal_ncm_15947_e3c0c633,3503.00.12,,
__export__.l10n_br_fiscal_ncm_15948_3b4f003c,3503.00.19,,
__export__.l10n_br_fiscal_ncm_15949_08fd4b51,3503.00.90,,
__export__.l10n_br_fiscal_ncm_15950_ddcbd826,3504.00.11,,
__export__.l10n_br_fiscal_ncm_15951_83153bf9,3504.00.19,,
__export__.l10n_br_fiscal_ncm_15952_e8d8dbc3,3504.00.20,,
__export__.l10n_br_fiscal_ncm_15953_cedd0b45,3504.00.30,,
__export__.l10n_br_fiscal_ncm_15954_401a425a,3504.00.90,,
__export__.l10n_br_fiscal_ncm_15955_419f3e87,3505.10.00,,l10n_br_fiscal.tax_classification_200033
__export__.l10n_br_fiscal_ncm_15956_f6079d0e,3505.20.00,,
__export__.l10n_br_fiscal_ncm_15957_bf73193f,3506.10.10,,
__export__.l10n_br_fiscal_ncm_15958_16e26266,3506.10.90,,
__export__.l10n_br_fiscal_ncm_15959_ab72de54,3506.91.10,,
__export__.l10n_br_fiscal_ncm_15960_f780b0c2,3506.91.20,,
__export__.l10n_br_fiscal_ncm_15961_0db4064e,3506.91.90,,
__export__.l10n_br_fiscal_ncm_15962_c3a23d3c,3506.99.00,,
__export__.l10n_br_fiscal_ncm_15963_ab22797e,3507.10.00,,
__export__.l10n_br_fiscal_ncm_15964_68d4b6f2,3507.90.11,,
__export__.l10n_br_fiscal_ncm_15965_68e30dfb,3507.90.19,,
__export__.l10n_br_fiscal_ncm_15966_06f428d3,3507.90.21,,
__export__.l10n_br_fiscal_ncm_15967_a41e9f13,3507.90.22,,
__export__.l10n_br_fiscal_ncm_15968_06dc9336,3507.90.23,,
__export__.l10n_br_fiscal_ncm_15969_42b634d0,3507.90.24,,
__export__.l10n_br_fiscal_ncm_15970_07904ec5,3507.90.25,,
__export__.l10n_br_fiscal_ncm_15971_e1554f62,3507.90.26,,
__export__.l10n_br_fiscal_ncm_15972_fad3dd40,3507.90.29,,
__export__.l10n_br_fiscal_ncm_15973_54ea9bfb,3507.90.31,,
__export__.l10n_br_fiscal_ncm_15974_3e6abd36,3507.90.32,,
__export__.l10n_br_fiscal_ncm_15975_576502b5,3507.90.39,,
__export__.l10n_br_fiscal_ncm_15976_6d3b7ea2,3507.90.41,,l10n_br_fiscal.tax_classification_200038
__export__.l10n_br_fiscal_ncm_15977_17146089,3507.90.42,,l10n_br_fiscal.tax_classification_200038
__export__.l10n_br_fiscal_ncm_15978_b5139c25,3507.90.49,,l10n_br_fiscal.tax_classification_200038
__export__.l10n_br_fiscal_ncm_15979_beed6135,3601.00.00,,
__export__.l10n_br_fiscal_ncm_15980_d18bf381,3602.00.00,,
__export__.l10n_br_fiscal_ncm_15981_65fd8ea9,3602.00.00,1,
__export__.l10n_br_fiscal_ncm_15982_cba47829,3603.10.00,,
__export__.l10n_br_fiscal_ncm_15983_d9cc3589,3603.20.00,,
__export__.l10n_br_fiscal_ncm_15984_27f248ec,3603.30.00,,
__export__.l10n_br_fiscal_ncm_15985_a1bfda05,3603.40.00,,
__export__.l10n_br_fiscal_ncm_15986_b50e658a,3603.50.00,,
__export__.l10n_br_fiscal_ncm_15987_5f3a3f5e,3603.60.00,,
__export__.l10n_br_fiscal_ncm_15988_c0823966,3604.10.00,,
__export__.l10n_br_fiscal_ncm_15989_a2d916c8,3604.90.10,,
__export__.l10n_br_fiscal_ncm_15990_b5a5da38,3604.90.90,,
__export__.l10n_br_fiscal_ncm_15991_488b8fe4,3604.90.90,1,
__export__.l10n_br_fiscal_ncm_15992_6889b65b,3605.00.00,,
__export__.l10n_br_fiscal_ncm_15993_6edf9dcb,3606.10.00,,
__export__.l10n_br_fiscal_ncm_15994_c5424e17,3606.90.00,,
__export__.l10n_br_fiscal_ncm_15995_abfb597f,3701.10.10,,l10n_br_fiscal.tax_classification_200030
__export__.l10n_br_fiscal_ncm_15996_7718ef5b,3701.10.21,,
__export__.l10n_br_fiscal_ncm_15997_f5bf0262,3701.10.29,,l10n_br_fiscal.tax_classification_200030
__export__.l10n_br_fiscal_ncm_15998_0787c669,3701.20.10,,
__export__.l10n_br_fiscal_ncm_15999_435a4345,3701.20.20,,
__export__.l10n_br_fiscal_ncm_16000_92d951e2,3701.30.10,,
__export__.l10n_br_fiscal_ncm_16001_488134e9,3701.30.21,,
__export__.l10n_br_fiscal_ncm_16002_03318516,3701.30.22,,
__export__.l10n_br_fiscal_ncm_16003_3c6bd8c7,3701.30.29,,
__export__.l10n_br_fiscal_ncm_16004_465d9f6f,3701.30.31,,
__export__.l10n_br_fiscal_ncm_16005_b57e1014,3701.30.39,,
__export__.l10n_br_fiscal_ncm_16006_c87caec2,3701.30.40,,
__export__.l10n_br_fiscal_ncm_16007_c5e72a93,3701.30.50,,
__export__.l10n_br_fiscal_ncm_16008_3aa8c9bf,3701.30.90,,
__export__.l10n_br_fiscal_ncm_16009_4332bc37,3701.91.00,,
__export__.l10n_br_fiscal_ncm_16010_516d912a,3701.99.00,,
__export__.l10n_br_fiscal_ncm_16011_c3d1b1c9,3702.10.10,,l10n_br_fiscal.tax_classification_200030
__export__.l10n_br_fiscal_ncm_16012_d9cb6b3d,3702.10.20,,l10n_br_fiscal.tax_classification_200030
__export__.l10n_br_fiscal_ncm_16013_506796c3,3702.31.00,,
__export__.l10n_br_fiscal_ncm_16014_24e12545,3702.32.00,,
__export__.l10n_br_fiscal_ncm_16015_04213f1b,3702.39.00,,
__export__.l10n_br_fiscal_ncm_16016_e42d44f6,3702.41.00,,
__export__.l10n_br_fiscal_ncm_16017_e1f19089,3702.42.10,,
__export__.l10n_br_fiscal_ncm_16018_90c800a4,3702.42.90,,
__export__.l10n_br_fiscal_ncm_16019_6d534ce3,3702.43.10,,
__export__.l10n_br_fiscal_ncm_16020_a2b4ae3d,3702.43.20,,
__export__.l10n_br_fiscal_ncm_16021_8f08a0ab,3702.43.90,,
__export__.l10n_br_fiscal_ncm_16022_5cae3ea7,3702.44.10,,
__export__.l10n_br_fiscal_ncm_16023_ff29e192,3702.44.21,,
__export__.l10n_br_fiscal_ncm_16024_0dbda9db,3702.44.22,,
__export__.l10n_br_fiscal_ncm_16025_8c8aafed,3702.44.29,,
__export__.l10n_br_fiscal_ncm_16026_d39d9694,3702.52.00,,
__export__.l10n_br_fiscal_ncm_16027_d5dc5d10,3702.52.00,1,
__export__.l10n_br_fiscal_ncm_16028_e1fb2d05,3702.53.00,,
__export__.l10n_br_fiscal_ncm_16029_5000d9e8,3702.54.11,,
__export__.l10n_br_fiscal_ncm_16030_48765667,3702.54.12,,
__export__.l10n_br_fiscal_ncm_16031_ae88fb9e,3702.54.19,,
__export__.l10n_br_fiscal_ncm_16032_ff3db739,3702.54.91,,
__export__.l10n_br_fiscal_ncm_16033_42d31686,3702.54.99,,
__export__.l10n_br_fiscal_ncm_16034_d6895481,3702.55.10,,
__export__.l10n_br_fiscal_ncm_16035_3e2f43f7,3702.55.90,,
__export__.l10n_br_fiscal_ncm_16036_6a3ea591,3702.56.00,,
__export__.l10n_br_fiscal_ncm_16037_a3fc5278,3702.96.00,,
__export__.l10n_br_fiscal_ncm_16038_64cf1572,3702.96.00,1,
__export__.l10n_br_fiscal_ncm_16039_74fdf7ab,3702.97.00,,
__export__.l10n_br_fiscal_ncm_16040_e4c83710,3702.97.00,1,
__export__.l10n_br_fiscal_ncm_16041_ce30f5ad,3702.98.00,,
__export__.l10n_br_fiscal_ncm_16042_881fcdc0,3703.10.10,,
__export__.l10n_br_fiscal_ncm_16043_c3ec1e3e,3703.10.21,,
__export__.l10n_br_fiscal_ncm_16044_feb04097,3703.10.29,,
__export__.l10n_br_fiscal_ncm_16045_3c0393cf,3703.20.00,,
__export__.l10n_br_fiscal_ncm_16046_7fefb396,3703.90.10,,
__export__.l10n_br_fiscal_ncm_16047_d68444b3,3703.90.90,,
__export__.l10n_br_fiscal_ncm_16048_edf56626,3704.00.00,,
__export__.l10n_br_fiscal_ncm_16049_4a4d9c83,3704.00.00,1,
__export__.l10n_br_fiscal_ncm_16050_359263b2,3705.00.10,,
__export__.l10n_br_fiscal_ncm_16051_3e36c68c,3705.00.90,,
__export__.l10n_br_fiscal_ncm_16052_34ddd28e,3706.10.00,,
__export__.l10n_br_fiscal_ncm_16053_7285be4b,3706.90.00,,
__export__.l10n_br_fiscal_ncm_16054_d8532b84,3707.10.00,,
__export__.l10n_br_fiscal_ncm_16055_b5142ad8,3707.90.10,,
__export__.l10n_br_fiscal_ncm_16056_5f84ecc0,3707.90.21,,
__export__.l10n_br_fiscal_ncm_16057_3b7d8ad2,3707.90.29,,
__export__.l10n_br_fiscal_ncm_16058_5b61253e,3707.90.30,,
__export__.l10n_br_fiscal_ncm_16059_94f3dc16,3707.90.90,,
__export__.l10n_br_fiscal_ncm_16060_de138f58,3801.10.00,,
__export__.l10n_br_fiscal_ncm_16061_00f5e51e,3801.20.10,,
__export__.l10n_br_fiscal_ncm_16062_f50cb41b,3801.20.90,,
__export__.l10n_br_fiscal_ncm_16063_9ac2968a,3801.30.10,,
__export__.l10n_br_fiscal_ncm_16064_9ba74d05,3801.30.90,,
__export__.l10n_br_fiscal_ncm_16065_6e44daaa,3801.90.00,,
__export__.l10n_br_fiscal_ncm_16066_0a82ba83,3802.10.00,,
__export__.l10n_br_fiscal_ncm_16067_7e6534ff,3802.90.10,,
__export__.l10n_br_fiscal_ncm_16068_b2064505,3802.90.20,,
__export__.l10n_br_fiscal_ncm_16069_73da96ac,3802.90.30,,
__export__.l10n_br_fiscal_ncm_16070_b4006463,3802.90.40,,l10n_br_fiscal.tax_classification_200038
__export__.l10n_br_fiscal_ncm_16071_566f8fbb,3802.90.50,,
__export__.l10n_br_fiscal_ncm_16072_7deb6f4b,3802.90.90,,
__export__.l10n_br_fiscal_ncm_16073_d4aa08a0,3803.00.10,,
__export__.l10n_br_fiscal_ncm_16074_151b5fe2,3803.00.90,,
__export__.l10n_br_fiscal_ncm_16075_8aa6e28a,3804.00.11,,l10n_br_fiscal.tax_classification_200038
__export__.l10n_br_fiscal_ncm_16076_bba98f8a,3804.00.12,,l10n_br_fiscal.tax_classification_200038
__export__.l10n_br_fiscal_ncm_16077_faa4f4ca,3804.00.20,,l10n_br_fiscal.tax_classification_200038
__export__.l10n_br_fiscal_ncm_16078_9be3ba28,3805.10.00,,
__export__.l10n_br_fiscal_ncm_16079_dcc8d714,3805.90.10,,
__export__.l10n_br_fiscal_ncm_16080_9996d03d,3805.90.90,,
__export__.l10n_br_fiscal_ncm_16081_66a4db08,3806.10.00,,
__export__.l10n_br_fiscal_ncm_16082_b1268e82,3806.20.00,,
__export__.l10n_br_fiscal_ncm_16083_482b24c4,3806.30.00,,
__export__.l10n_br_fiscal_ncm_16084_d1735eea,3806.90.11,,
__export__.l10n_br_fiscal_ncm_16085_95dc4063,3806.90.12,,
__export__.l10n_br_fiscal_ncm_16086_1e118488,3806.90.19,,
__export__.l10n_br_fiscal_ncm_16087_1f482b57,3806.90.90,,
__export__.l10n_br_fiscal_ncm_16088_50d89b6f,3806.90.90,1,
__export__.l10n_br_fiscal_ncm_16089_243baec2,3807.00.00,,l10n_br_fiscal.tax_classification_200038
__export__.l10n_br_fiscal_ncm_16090_3607bc23,3807.00.00,1,l10n_br_fiscal.tax_classification_200038
__export__.l10n_br_fiscal_ncm_16091_8ebcc44e,3808.52.00,,l10n_br_fiscal.tax_classification_200038
__export__.l10n_br_fiscal_ncm_16092_b841f829,3808.59.10,,l10n_br_fiscal.tax_classification_200038
__export__.l10n_br_fiscal_ncm_16093_a98674b6,3808.59.21,,l10n_br_fiscal.tax_classification_200038
__export__.l10n_br_fiscal_ncm_16094_4e8531cb,3808.59.22,,l10n_br_fiscal.tax_classification_200038
__export__.l10n_br_fiscal_ncm_16095_e4cfaa56,3808.59.23,,l10n_br_fiscal.tax_classification_200038
__export__.l10n_br_fiscal_ncm_16096_ec7028f4,3808.59.24,,l10n_br_fiscal.tax_classification_200038
__export__.l10n_br_fiscal_ncm_16097_be5c3b17,3808.59.25,,l10n_br_fiscal.tax_classification_200038
__export__.l10n_br_fiscal_ncm_16098_fbc3b6f3,3808.59.26,,l10n_br_fiscal.tax_classification_200038
__export__.l10n_br_fiscal_ncm_16099_8bf43a3d,3808.59.29,,l10n_br_fiscal.tax_classification_200038
__export__.l10n_br_fiscal_ncm_16100_9b0695ea,3808.61.00,,l10n_br_fiscal.tax_classification_200038
__export__.l10n_br_fiscal_ncm_16101_0738eda0,3808.62.10,,l10n_br_fiscal.tax_classification_200038
__export__.l10n_br_fiscal_ncm_16102_616f6e68,3808.62.90,,l10n_br_fiscal.tax_classification_200038
__export__.l10n_br_fiscal_ncm_16103_e2c64eb8,3808.69.10,,l10n_br_fiscal.tax_classification_200038
__export__.l10n_br_fiscal_ncm_16104_a7082c2e,3808.69.90,,l10n_br_fiscal.tax_classification_200038
__export__.l10n_br_fiscal_ncm_16105_664230b3,3808.91.11,,l10n_br_fiscal.tax_classification_200038
__export__.l10n_br_fiscal_ncm_16106_c95781d8,3808.91.19,,l10n_br_fiscal.tax_classification_200038
__export__.l10n_br_fiscal_ncm_16107_11bec54e,3808.91.20,,l10n_br_fiscal.tax_classification_200038
__export__.l10n_br_fiscal_ncm_16108_b8173455,3808.91.91,,l10n_br_fiscal.tax_classification_200038
__export__.l10n_br_fiscal_ncm_16109_982bf2ce,3808.91.92,,l10n_br_fiscal.tax_classification_200038
__export__.l10n_br_fiscal_ncm_16110_6b07591f,3808.91.93,,l10n_br_fiscal.tax_classification_200038
__export__.l10n_br_fiscal_ncm_16111_203ce4de,3808.91.94,,l10n_br_fiscal.tax_classification_200038
__export__.l10n_br_fiscal_ncm_16112_4c337790,3808.91.95,,l10n_br_fiscal.tax_classification_200038
__export__.l10n_br_fiscal_ncm_16113_9d7a1df4,3808.91.96,,l10n_br_fiscal.tax_classification_200038
__export__.l10n_br_fiscal_ncm_16114_7ca8f3cf,3808.91.97,,l10n_br_fiscal.tax_classification_200038
__export__.l10n_br_fiscal_ncm_16115_cbd7832a,3808.91.99,,l10n_br_fiscal.tax_classification_200038
__export__.l10n_br_fiscal_ncm_16116_46d15d62,3808.92.11,,l10n_br_fiscal.tax_classification_200038
__export__.l10n_br_fiscal_ncm_16117_badc676f,3808.92.19,,l10n_br_fiscal.tax_classification_200038
__export__.l10n_br_fiscal_ncm_16118_99586f91,3808.92.20,,l10n_br_fiscal.tax_classification_200038
__export__.l10n_br_fiscal_ncm_16119_2f399aab,3808.92.91,,l10n_br_fiscal.tax_classification_200038
__export__.l10n_br_fiscal_ncm_16120_186325de,3808.92.92,,l10n_br_fiscal.tax_classification_200038
__export__.l10n_br_fiscal_ncm_16121_17b0545b,3808.92.93,,l10n_br_fiscal.tax_classification_200038
__export__.l10n_br_fiscal_ncm_16122_966f7be1,3808.92.94,,l10n_br_fiscal.tax_classification_200038
__export__.l10n_br_fiscal_ncm_16123_30029beb,3808.92.95,,l10n_br_fiscal.tax_classification_200038
__export__.l10n_br_fiscal_ncm_16124_503d2cd8,3808.92.96,,l10n_br_fiscal.tax_classification_200038
__export__.l10n_br_fiscal_ncm_16125_e17fad15,3808.92.97,,l10n_br_fiscal.tax_classification_200038
__export__.l10n_br_fiscal_ncm_16126_1948805b,3808.92.99,,l10n_br_fiscal.tax_classification_200038
__export__.l10n_br_fiscal_ncm_16127_b8e88583,3808.93.11,,l10n_br_fiscal.tax_classification_200038
__export__.l10n_br_fiscal_ncm_16128_fc4838c7,3808.93.19,,l10n_br_fiscal.tax_classification_200038
__export__.l10n_br_fiscal_ncm_16129_468e48d7,3808.93.21,,l10n_br_fiscal.tax_classification_200038
__export__.l10n_br_fiscal_ncm_16130_a0f5ca26,3808.93.22,,l10n_br_fiscal.tax_classification_200038
__export__.l10n_br_fiscal_ncm_16131_1855d65e,3808.93.23,,l10n_br_fiscal.tax_classification_200038
__export__.l10n_br_fiscal_ncm_16132_ab00cea0,3808.93.24,,l10n_br_fiscal.tax_classification_200038
__export__.l10n_br_fiscal_ncm_16133_c8bc799b,3808.93.25,,l10n_br_fiscal.tax_classification_200038
__export__.l10n_br_fiscal_ncm_16134_b78f4878,3808.93.26,,l10n_br_fiscal.tax_classification_200038
__export__.l10n_br_fiscal_ncm_16135_acf7b4c5,3808.93.27,,l10n_br_fiscal.tax_classification_200038
__export__.l10n_br_fiscal_ncm_16136_0c16d3f5,3808.93.28,,l10n_br_fiscal.tax_classification_200038
__export__.l10n_br_fiscal_ncm_16137_d076d21d,3808.93.29,,l10n_br_fiscal.tax_classification_200038
__export__.l10n_br_fiscal_ncm_16138_a98e6139,3808.93.31,,l10n_br_fiscal.tax_classification_200038
__export__.l10n_br_fiscal_ncm_16139_61b64e06,3808.93.32,,l10n_br_fiscal.tax_classification_200038
__export__.l10n_br_fiscal_ncm_16140_618b3f64,3808.93.33,,l10n_br_fiscal.tax_classification_200038
__export__.l10n_br_fiscal_ncm_16141_33f100e4,3808.93.41,,l10n_br_fiscal.tax_classification_200038
__export__.l10n_br_fiscal_ncm_16142_3741cdbc,3808.93.49,,l10n_br_fiscal.tax_classification_200038
__export__.l10n_br_fiscal_ncm_16143_5af14dc4,3808.93.51,,l10n_br_fiscal.tax_classification_200038
__export__.l10n_br_fiscal_ncm_16144_20369933,3808.93.52,,l10n_br_fiscal.tax_classification_200038
__export__.l10n_br_fiscal_ncm_16145_8e0b716c,3808.93.59,,l10n_br_fiscal.tax_classification_200038
__export__.l10n_br_fiscal_ncm_16146_cba5b2c3,3808.94.11,,l10n_br_fiscal.tax_classification_200038
__export__.l10n_br_fiscal_ncm_16147_22dda331,3808.94.11,1,l10n_br_fiscal.tax_classification_200038
__export__.l10n_br_fiscal_ncm_16148_12c34c2a,3808.94.19,,l10n_br_fiscal.tax_classification_200035
__export__.l10n_br_fiscal_ncm_16149_d721e24a,3808.94.19,1,l10n_br_fiscal.tax_classification_200035
__export__.l10n_br_fiscal_ncm_16150_ea724bbc,3808.94.21,,l10n_br_fiscal.tax_classification_200038
__export__.l10n_br_fiscal_ncm_16151_51f37075,3808.94.21,1,l10n_br_fiscal.tax_classification_200038
__export__.l10n_br_fiscal_ncm_16152_0d25d091,3808.94.22,,l10n_br_fiscal.tax_classification_200038
__export__.l10n_br_fiscal_ncm_16153_cc4b3807,3808.94.22,1,l10n_br_fiscal.tax_classification_200038
__export__.l10n_br_fiscal_ncm_16154_f8079414,3808.94.29,,l10n_br_fiscal.tax_classification_200038
__export__.l10n_br_fiscal_ncm_16155_134866e5,3808.94.29,1,l10n_br_fiscal.tax_classification_200038
__export__.l10n_br_fiscal_ncm_16156_e7b309a3,3808.94.29,2,l10n_br_fiscal.tax_classification_200038
__export__.l10n_br_fiscal_ncm_16157_187bc021,3808.99.11,,l10n_br_fiscal.tax_classification_200038
__export__.l10n_br_fiscal_ncm_16158_ce58841b,3808.99.19,,l10n_br_fiscal.tax_classification_200038
__export__.l10n_br_fiscal_ncm_16159_e7d8506e,3808.99.20,,l10n_br_fiscal.tax_classification_200038
__export__.l10n_br_fiscal_ncm_16160_a0158b73,3808.99.91,,l10n_br_fiscal.tax_classification_200038
__export__.l10n_br_fiscal_ncm_16161_b3ce2f4f,3808.99.92,,l10n_br_fiscal.tax_classification_200038
__export__.l10n_br_fiscal_ncm_16162_3e817e6a,3808.99.93,,l10n_br_fiscal.tax_classification_200038
__export__.l10n_br_fiscal_ncm_16163_1bcc7a74,3808.99.94,,l10n_br_fiscal.tax_classification_200038
__export__.l10n_br_fiscal_ncm_16164_f1fe0a1c,3808.99.95,,l10n_br_fiscal.tax_classification_200038
__export__.l10n_br_fiscal_ncm_16165_c257b833,3808.99.96,,l10n_br_fiscal.tax_classification_200038
__export__.l10n_br_fiscal_ncm_16166_56b65e0e,3808.99.99,,l10n_br_fiscal.tax_classification_200038
__export__.l10n_br_fiscal_ncm_16167_9bdd15ee,3809.10.10,,
__export__.l10n_br_fiscal_ncm_16168_dee3c18b,3809.10.90,,
__export__.l10n_br_fiscal_ncm_16169_c3412448,3809.91.10,,
__export__.l10n_br_fiscal_ncm_16170_d5ceff18,3809.91.20,,
__export__.l10n_br_fiscal_ncm_16171_13bbfb2b,3809.91.30,,
__export__.l10n_br_fiscal_ncm_16172_cf18b1c5,3809.91.41,,
__export__.l10n_br_fiscal_ncm_16173_3c6b190c,3809.91.49,,
__export__.l10n_br_fiscal_ncm_16174_a4966e6e,3809.91.90,,
__export__.l10n_br_fiscal_ncm_16175_7b2d0136,3809.92.11,,
__export__.l10n_br_fiscal_ncm_16176_0cce45cd,3809.92.19,,
__export__.l10n_br_fiscal_ncm_16177_597c7d84,3809.92.90,,
__export__.l10n_br_fiscal_ncm_16178_5c00c0b9,3809.92.90,1,
__export__.l10n_br_fiscal_ncm_16179_8f890652,3809.93.11,,
__export__.l10n_br_fiscal_ncm_16180_3b6d86fe,3809.93.19,,
__export__.l10n_br_fiscal_ncm_16181_edc9711c,3809.93.90,,
__export__.l10n_br_fiscal_ncm_16182_c6629c01,3809.93.90,1,
__export__.l10n_br_fiscal_ncm_16183_1100f858,3810.10.10,,
__export__.l10n_br_fiscal_ncm_16184_ccfa75be,3810.10.20,,
__export__.l10n_br_fiscal_ncm_16185_7d8fcc3e,3810.90.00,,
__export__.l10n_br_fiscal_ncm_16186_8bfb5741,3811.11.00,,
__export__.l10n_br_fiscal_ncm_16187_2819b4fa,3811.19.00,,
__export__.l10n_br_fiscal_ncm_16188_e25b577c,3811.21.10,,
__export__.l10n_br_fiscal_ncm_16189_608efd4a,3811.21.20,,
__export__.l10n_br_fiscal_ncm_16190_5d803828,3811.21.30,,
__export__.l10n_br_fiscal_ncm_16191_b06bb67f,3811.21.40,,
__export__.l10n_br_fiscal_ncm_16192_fe3a2459,3811.21.50,,
__export__.l10n_br_fiscal_ncm_16193_60c7636b,3811.21.90,,
__export__.l10n_br_fiscal_ncm_16194_a2f665ee,3811.29.10,,
__export__.l10n_br_fiscal_ncm_16195_b85e77a9,3811.29.20,,
__export__.l10n_br_fiscal_ncm_16196_bfb3446e,3811.29.90,,
__export__.l10n_br_fiscal_ncm_16197_bb2daa0d,3811.90.10,,
__export__.l10n_br_fiscal_ncm_16198_6935c5e9,3811.90.90,,
__export__.l10n_br_fiscal_ncm_16199_44bcb839,3812.10.00,,
__export__.l10n_br_fiscal_ncm_16200_11c31677,3812.20.00,,
__export__.l10n_br_fiscal_ncm_16201_e7bb13ad,3812.31.00,,
__export__.l10n_br_fiscal_ncm_16202_1278e8a9,3812.39.11,,
__export__.l10n_br_fiscal_ncm_16203_2d171aa5,3812.39.12,,
__export__.l10n_br_fiscal_ncm_16204_21c26b0e,3812.39.19,,
__export__.l10n_br_fiscal_ncm_16205_799b96cf,3812.39.21,,
__export__.l10n_br_fiscal_ncm_16206_21a873dd,3812.39.29,,
__export__.l10n_br_fiscal_ncm_16207_d1bef5b3,3813.00.10,,
__export__.l10n_br_fiscal_ncm_16208_91e0439c,3813.00.20,,
__export__.l10n_br_fiscal_ncm_16209_a165e057,3813.00.30,,
__export__.l10n_br_fiscal_ncm_16210_101fffcc,3813.00.40,,
__export__.l10n_br_fiscal_ncm_16211_2201270b,3813.00.90,,
__export__.l10n_br_fiscal_ncm_16212_8827512f,3814.00.10,,
__export__.l10n_br_fiscal_ncm_16213_9cfc8177,3814.00.20,,
__export__.l10n_br_fiscal_ncm_16214_80acad72,3814.00.30,,
__export__.l10n_br_fiscal_ncm_16215_97e8f75d,3814.00.90,,
__export__.l10n_br_fiscal_ncm_16216_f78bb274,3815.11.00,,
__export__.l10n_br_fiscal_ncm_16217_11742b09,3815.12.10,,
__export__.l10n_br_fiscal_ncm_16218_529baac1,3815.12.20,,
__export__.l10n_br_fiscal_ncm_16219_0c864740,3815.12.90,,
__export__.l10n_br_fiscal_ncm_16220_8a2f7e46,3815.19.00,,
__export__.l10n_br_fiscal_ncm_16221_f198faf2,3815.90.10,,
__export__.l10n_br_fiscal_ncm_16222_605f7c91,3815.90.91,,
__export__.l10n_br_fiscal_ncm_16223_f0cddbba,3815.90.92,,
__export__.l10n_br_fiscal_ncm_16224_f015b7b8,3815.90.93,,
__export__.l10n_br_fiscal_ncm_16225_8b645f9e,3815.90.99,,
__export__.l10n_br_fiscal_ncm_16226_85366bfd,3816.00.11,,
__export__.l10n_br_fiscal_ncm_16227_3d51f298,3816.00.12,,
__export__.l10n_br_fiscal_ncm_16228_fdde4c78,3816.00.19,,
__export__.l10n_br_fiscal_ncm_16229_07567b2b,3816.00.21,,
__export__.l10n_br_fiscal_ncm_16230_97acd78b,3816.00.29,,
__export__.l10n_br_fiscal_ncm_16231_83f4625d,3816.00.90,,
__export__.l10n_br_fiscal_ncm_16232_ba50f94f,3816.00.90,1,
__export__.l10n_br_fiscal_ncm_16233_8c6e1fa1,3817.00.10,,
__export__.l10n_br_fiscal_ncm_16234_1fae5fc9,3817.00.20,,
__export__.l10n_br_fiscal_ncm_16235_73ff62cd,3818.00.10,,
__export__.l10n_br_fiscal_ncm_16236_ee031d59,3818.00.90,,
__export__.l10n_br_fiscal_ncm_16237_327a8128,3819.00.00,,
__export__.l10n_br_fiscal_ncm_16238_9e978363,3820.00.00,,
__export__.l10n_br_fiscal_ncm_16239_8604b0d2,3821.00.00,,l10n_br_fiscal.tax_classification_200030
__export__.l10n_br_fiscal_ncm_16240_1d2b9e16,3822.11.00,,l10n_br_fiscal.tax_classification_200030
__export__.l10n_br_fiscal_ncm_16241_c23c098d,3822.12.00,,l10n_br_fiscal.tax_classification_200030
__export__.l10n_br_fiscal_ncm_16242_da650f01,3822.13.00,,l10n_br_fiscal.tax_classification_200030
__export__.l10n_br_fiscal_ncm_16243_caa0560c,3822.19.10,,l10n_br_fiscal.tax_classification_200030
__export__.l10n_br_fiscal_ncm_16244_74e164f3,3822.19.20,,l10n_br_fiscal.tax_classification_200030
__export__.l10n_br_fiscal_ncm_16245_9f94ef5f,3822.19.30,,l10n_br_fiscal.tax_classification_200030
__export__.l10n_br_fiscal_ncm_16246_a37c9c09,3822.19.40,,l10n_br_fiscal.tax_classification_200030
__export__.l10n_br_fiscal_ncm_16247_1d9c27a9,3822.19.90,,l10n_br_fiscal.tax_classification_200030
__export__.l10n_br_fiscal_ncm_16248_82f5140f,3822.90.00,,
__export__.l10n_br_fiscal_ncm_16249_c226a72d,3823.11.00,,
__export__.l10n_br_fiscal_ncm_16250_1f3883a1,3823.12.00,,
__export__.l10n_br_fiscal_ncm_16251_cbc2b7a0,3823.13.00,,
__export__.l10n_br_fiscal_ncm_16252_42b23236,3823.19.10,,
__export__.l10n_br_fiscal_ncm_16253_09156c2e,3823.19.90,,
__export__.l10n_br_fiscal_ncm_16254_31e238e4,3823.70.10,,
__export__.l10n_br_fiscal_ncm_16255_923f031c,3823.70.20,,
__export__.l10n_br_fiscal_ncm_16256_fac77421,3823.70.40,,
__export__.l10n_br_fiscal_ncm_16257_31f7ce98,3823.70.40,1,
__export__.l10n_br_fiscal_ncm_16258_29d53bca,3823.70.90,,
__export__.l10n_br_fiscal_ncm_16259_09158ef8,3823.70.90,1,
__export__.l10n_br_fiscal_ncm_16260_0437f751,3824.10.00,,l10n_br_fiscal.tax_classification_200038
__export__.l10n_br_fiscal_ncm_16261_23e0d3f8,3824.30.00,,l10n_br_fiscal.tax_classification_200038
__export__.l10n_br_fiscal_ncm_16262_623b064c,3824.40.00,,l10n_br_fiscal.tax_classification_200038
__export__.l10n_br_fiscal_ncm_16263_cea6f7a1,3824.50.00,,l10n_br_fiscal.tax_classification_200038
__export__.l10n_br_fiscal_ncm_16264_0719728b,3824.60.00,,l10n_br_fiscal.tax_classification_200038
__export__.l10n_br_fiscal_ncm_16265_4f9aa0dd,3824.81.10,,l10n_br_fiscal.tax_classification_200038
__export__.l10n_br_fiscal_ncm_16266_7133eb24,3824.81.90,,l10n_br_fiscal.tax_classification_200038
__export__.l10n_br_fiscal_ncm_16267_7110b30a,3824.82.10,,l10n_br_fiscal.tax_classification_200038
__export__.l10n_br_fiscal_ncm_16268_e332428b,3824.82.90,,l10n_br_fiscal.tax_classification_200038
__export__.l10n_br_fiscal_ncm_16269_05d12bf5,3824.83.00,,l10n_br_fiscal.tax_classification_200038
__export__.l10n_br_fiscal_ncm_16270_f82b8bba,3824.84.00,,l10n_br_fiscal.tax_classification_200038
__export__.l10n_br_fiscal_ncm_16271_1244bbeb,3824.85.00,,l10n_br_fiscal.tax_classification_200038
__export__.l10n_br_fiscal_ncm_16272_7415f143,3824.86.00,,l10n_br_fiscal.tax_classification_200038
__export__.l10n_br_fiscal_ncm_16273_cf7991e8,3824.87.00,,l10n_br_fiscal.tax_classification_200038
__export__.l10n_br_fiscal_ncm_16274_3d57aea7,3824.88.10,,l10n_br_fiscal.tax_classification_200038
__export__.l10n_br_fiscal_ncm_16275_98b51523,3824.88.20,,l10n_br_fiscal.tax_classification_200038
__export__.l10n_br_fiscal_ncm_16276_649efe27,3824.89.00,,l10n_br_fiscal.tax_classification_200038
__export__.l10n_br_fiscal_ncm_16277_45393eec,3824.91.00,,l10n_br_fiscal.tax_classification_200038
__export__.l10n_br_fiscal_ncm_16278_0632f26b,3824.92.00,,l10n_br_fiscal.tax_classification_200038
__export__.l10n_br_fiscal_ncm_16279_c884fd5d,3824.99.11,,l10n_br_fiscal.tax_classification_200038
__export__.l10n_br_fiscal_ncm_16280_0b383500,3824.99.12,,l10n_br_fiscal.tax_classification_200038
__export__.l10n_br_fiscal_ncm_16281_f594de10,3824.99.13,,l10n_br_fiscal.tax_classification_200038
__export__.l10n_br_fiscal_ncm_16282_f144fa19,3824.99.14,,l10n_br_fiscal.tax_classification_200038
__export__.l10n_br_fiscal_ncm_16283_12bbe656,3824.99.15,,l10n_br_fiscal.tax_classification_200038
__export__.l10n_br_fiscal_ncm_16284_f58cec4b,3824.99.19,,l10n_br_fiscal.tax_classification_200038
__export__.l10n_br_fiscal_ncm_16285_dee4acdc,3824.99.21,,l10n_br_fiscal.tax_classification_200038
__export__.l10n_br_fiscal_ncm_16286_15da8388,3824.99.22,,l10n_br_fiscal.tax_classification_200038
__export__.l10n_br_fiscal_ncm_16287_ab5ac9e6,3824.99.23,,l10n_br_fiscal.tax_classification_200038
__export__.l10n_br_fiscal_ncm_16288_211b51d8,3824.99.24,,l10n_br_fiscal.tax_classification_200038
__export__.l10n_br_fiscal_ncm_16289_6fe28c11,3824.99.25,,l10n_br_fiscal.tax_classification_200038
__export__.l10n_br_fiscal_ncm_16290_fb5e3c69,3824.99.29,,l10n_br_fiscal.tax_classification_200038
__export__.l10n_br_fiscal_ncm_16291_1d0d3c25,3824.99.31,,l10n_br_fiscal.tax_classification_200038
__export__.l10n_br_fiscal_ncm_16292_cb616c98,3824.99.32,,l10n_br_fiscal.tax_classification_200038
__export__.l10n_br_fiscal_ncm_16293_cb8cb010,3824.99.33,,l10n_br_fiscal.tax_classification_200038
__export__.l10n_br_fiscal_ncm_16294_095ac74b,3824.99.34,,l10n_br_fiscal.tax_classification_200038
__export__.l10n_br_fiscal_ncm_16295_d1044b0d,3824.99.35,,l10n_br_fiscal.tax_classification_200038
__export__.l10n_br_fiscal_ncm_16296_19fa387f,3824.99.36,,l10n_br_fiscal.tax_classification_200038
__export__.l10n_br_fiscal_ncm_16297_004ee105,3824.99.39,,l10n_br_fiscal.tax_classification_200038
__export__.l10n_br_fiscal_ncm_16298_5cedddc9,3824.99.41,,l10n_br_fiscal.tax_classification_200038
__export__.l10n_br_fiscal_ncm_16299_2d331ee3,3824.99.42,,l10n_br_fiscal.tax_classification_200038
__export__.l10n_br_fiscal_ncm_16300_3b9da1b5,3824.99.43,,l10n_br_fiscal.tax_classification_200038
__export__.l10n_br_fiscal_ncm_16301_d12bd50e,3824.99.49,,l10n_br_fiscal.tax_classification_200038
__export__.l10n_br_fiscal_ncm_16302_e81f4a83,3824.99.51,,l10n_br_fiscal.tax_classification_200038
__export__.l10n_br_fiscal_ncm_16303_dafe1650,3824.99.52,,l10n_br_fiscal.tax_classification_200038
__export__.l10n_br_fiscal_ncm_16304_c9f9085f,3824.99.53,,l10n_br_fiscal.tax_classification_200038
__export__.l10n_br_fiscal_ncm_16305_ce1b7c37,3824.99.54,,l10n_br_fiscal.tax_classification_200038
__export__.l10n_br_fiscal_ncm_16306_59b2559b,3824.99.59,,l10n_br_fiscal.tax_classification_200038
__export__.l10n_br_fiscal_ncm_16307_e2dafdff,3824.99.71,,l10n_br_fiscal.tax_classification_200038
__export__.l10n_br_fiscal_ncm_16308_af9f7dc2,3824.99.72,,l10n_br_fiscal.tax_classification_200038
__export__.l10n_br_fiscal_ncm_16309_0c297cc0,3824.99.73,,l10n_br_fiscal.tax_classification_200038
__export__.l10n_br_fiscal_ncm_16310_c70c16bb,3824.99.74,,l10n_br_fiscal.tax_classification_200038
__export__.l10n_br_fiscal_ncm_16311_1a6df2d4,3824.99.75,,l10n_br_fiscal.tax_classification_200038
__export__.l10n_br_fiscal_ncm_16312_eaaeb65d,3824.99.76,,l10n_br_fiscal.tax_classification_200038
__export__.l10n_br_fiscal_ncm_16313_1582db80,3824.99.77,,l10n_br_fiscal.tax_classification_200038
__export__.l10n_br_fiscal_ncm_16314_a2bb472c,3824.99.78,,l10n_br_fiscal.tax_classification_200038
__export__.l10n_br_fiscal_ncm_16315_24ef780b,3824.99.79,,l10n_br_fiscal.tax_classification_200038
__export__.l10n_br_fiscal_ncm_16316_860b430b,3824.99.79,1,l10n_br_fiscal.tax_classification_200038
__export__.l10n_br_fiscal_ncm_16317_88eb38ee,3824.99.81,,l10n_br_fiscal.tax_classification_200038
__export__.l10n_br_fiscal_ncm_16318_17076dd7,3824.99.82,,l10n_br_fiscal.tax_classification_200038
__export__.l10n_br_fiscal_ncm_16319_40c31ce3,3824.99.83,,l10n_br_fiscal.tax_classification_200038
__export__.l10n_br_fiscal_ncm_16320_f4c84b8e,3824.99.84,,l10n_br_fiscal.tax_classification_200038
__export__.l10n_br_fiscal_ncm_16321_b4f53047,3824.99.85,,l10n_br_fiscal.tax_classification_200038
__export__.l10n_br_fiscal_ncm_16322_a97fd67a,3824.99.86,,l10n_br_fiscal.tax_classification_200038
__export__.l10n_br_fiscal_ncm_16323_3b463784,3824.99.87,,l10n_br_fiscal.tax_classification_200038
__export__.l10n_br_fiscal_ncm_16324_61606431,3824.99.88,,l10n_br_fiscal.tax_classification_200038
__export__.l10n_br_fiscal_ncm_16325_fda0b6cb,3824.99.89,,l10n_br_fiscal.tax_classification_200030
__export__.l10n_br_fiscal_ncm_16326_f43f12b4,3825.10.00,,
__export__.l10n_br_fiscal_ncm_16327_074737cf,3825.20.00,,
__export__.l10n_br_fiscal_ncm_16328_7f9dd97a,3825.30.00,,
__export__.l10n_br_fiscal_ncm_16329_b3951129,3825.41.00,,
__export__.l10n_br_fiscal_ncm_16330_34efd6aa,3825.49.00,,
__export__.l10n_br_fiscal_ncm_16331_d832b099,3825.50.00,,
__export__.l10n_br_fiscal_ncm_16332_473c190f,3825.61.00,,
__export__.l10n_br_fiscal_ncm_16333_38a2b418,3825.69.00,,
__export__.l10n_br_fiscal_ncm_16334_4810a134,3825.90.00,,
__export__.l10n_br_fiscal_ncm_16335_b55259a1,3826.00.00,,
__export__.l10n_br_fiscal_ncm_16336_ed6b12d3,3826.00.00,1,
__export__.l10n_br_fiscal_ncm_16337_e412c718,3827.11.10,,
__export__.l10n_br_fiscal_ncm_16338_f22c0bcc,3827.11.90,,
__export__.l10n_br_fiscal_ncm_16339_4110aa04,3827.12.00,,
__export__.l10n_br_fiscal_ncm_16340_a856f8a7,3827.13.00,,
__export__.l10n_br_fiscal_ncm_16341_5582b23b,3827.14.00,,
__export__.l10n_br_fiscal_ncm_16342_7802cda4,3827.20.00,,
__export__.l10n_br_fiscal_ncm_16343_259e1380,3827.31.10,,
__export__.l10n_br_fiscal_ncm_16344_b0a605d7,3827.31.90,,
__export__.l10n_br_fiscal_ncm_16345_1df536ad,3827.32.10,,
__export__.l10n_br_fiscal_ncm_16346_8dd15949,3827.32.90,,
__export__.l10n_br_fiscal_ncm_16347_e0b6e3dc,3827.39.00,,
__export__.l10n_br_fiscal_ncm_16348_a9fb4385,3827.40.00,,
__export__.l10n_br_fiscal_ncm_16349_13d2c2d6,3827.51.00,,
__export__.l10n_br_fiscal_ncm_16350_ea2d5c45,3827.59.00,,
__export__.l10n_br_fiscal_ncm_16351_344eabaf,3827.61.00,,
__export__.l10n_br_fiscal_ncm_16352_ef1d11b1,3827.62.00,,
__export__.l10n_br_fiscal_ncm_16353_1bc15010,3827.63.00,,
__export__.l10n_br_fiscal_ncm_16354_2935529a,3827.64.00,,
__export__.l10n_br_fiscal_ncm_16355_464dc6a0,3827.65.00,,
__export__.l10n_br_fiscal_ncm_16356_6cbea84c,3827.68.00,,
__export__.l10n_br_fiscal_ncm_16357_1d1998fc,3827.69.00,,
__export__.l10n_br_fiscal_ncm_16358_74447fe8,3827.90.00,,
__export__.l10n_br_fiscal_ncm_16359_cb07daa3,3901.10.20,,
__export__.l10n_br_fiscal_ncm_16360_eedf9d23,3901.10.30,,
__export__.l10n_br_fiscal_ncm_16361_2cbafd12,3901.20.11,,
__export__.l10n_br_fiscal_ncm_16362_546e6679,3901.20.19,,
__export__.l10n_br_fiscal_ncm_16363_b70e281c,3901.20.21,,
__export__.l10n_br_fiscal_ncm_16364_80997b4c,3901.20.29,,
__export__.l10n_br_fiscal_ncm_16365_5d7c1cab,3901.30.10,,
__export__.l10n_br_fiscal_ncm_16366_b09da55b,3901.30.90,,
__export__.l10n_br_fiscal_ncm_16367_f33876f5,3901.40.00,,
__export__.l10n_br_fiscal_ncm_16368_d4df43aa,3901.90.10,,
__export__.l10n_br_fiscal_ncm_16369_612118ab,3901.90.20,,
__export__.l10n_br_fiscal_ncm_16370_6361d44a,3901.90.30,,
__export__.l10n_br_fiscal_ncm_16371_e73e1a5f,3901.90.40,,
__export__.l10n_br_fiscal_ncm_16372_ee6f6a7b,3901.90.50,,
__export__.l10n_br_fiscal_ncm_16373_d6547415,3901.90.90,,
__export__.l10n_br_fiscal_ncm_16374_5e8d4ddc,3902.10.10,,
__export__.l10n_br_fiscal_ncm_16375_0d4ccc81,3902.10.20,,
__export__.l10n_br_fiscal_ncm_16376_3aba9c08,3902.20.00,,
__export__.l10n_br_fiscal_ncm_16377_5db5abd9,3902.30.00,,
__export__.l10n_br_fiscal_ncm_16378_9523f3ba,3902.90.00,,
__export__.l10n_br_fiscal_ncm_16379_478a290b,3903.11.10,,
__export__.l10n_br_fiscal_ncm_16380_ebe447a1,3903.11.20,,
__export__.l10n_br_fiscal_ncm_16381_6e571391,3903.19.00,,
__export__.l10n_br_fiscal_ncm_16382_3b7b1b12,3903.20.00,,
__export__.l10n_br_fiscal_ncm_16383_2145614e,3903.30.10,,
__export__.l10n_br_fiscal_ncm_16384_03a0702e,3903.30.20,,
__export__.l10n_br_fiscal_ncm_16385_a54b6160,3903.90.10,,
__export__.l10n_br_fiscal_ncm_16386_49c0f29d,3903.90.20,,
__export__.l10n_br_fiscal_ncm_16387_76909876,3903.90.90,,
__export__.l10n_br_fiscal_ncm_16388_b600a0e4,3904.10.10,,
__export__.l10n_br_fiscal_ncm_16389_67aa247f,3904.10.20,,
__export__.l10n_br_fiscal_ncm_16390_a2b75522,3904.10.90,,
__export__.l10n_br_fiscal_ncm_16391_0ddc7bb2,3904.21.00,,
__export__.l10n_br_fiscal_ncm_16392_3e198138,3904.22.00,,
__export__.l10n_br_fiscal_ncm_16393_baf3c0d7,3904.30.00,,
__export__.l10n_br_fiscal_ncm_16394_89d686ea,3904.40.10,,
__export__.l10n_br_fiscal_ncm_16395_5640b1e0,3904.40.90,,
__export__.l10n_br_fiscal_ncm_16396_15e28ee3,3904.50.10,,
__export__.l10n_br_fiscal_ncm_16397_d822d05b,3904.50.90,,
__export__.l10n_br_fiscal_ncm_16398_9cfcdc18,3904.61.10,,
__export__.l10n_br_fiscal_ncm_16399_1ae2b124,3904.61.90,,
__export__.l10n_br_fiscal_ncm_16400_6d363b76,3904.69.10,,
__export__.l10n_br_fiscal_ncm_16401_be50d016,3904.69.90,,
__export__.l10n_br_fiscal_ncm_16402_893cf692,3904.90.10,,
__export__.l10n_br_fiscal_ncm_16403_9fba6fa8,3904.90.90,,
__export__.l10n_br_fiscal_ncm_16404_5704642d,3905.12.00,,
__export__.l10n_br_fiscal_ncm_16405_7a8361bf,3905.19.10,,
__export__.l10n_br_fiscal_ncm_16406_a2c59679,3905.19.90,,
__export__.l10n_br_fiscal_ncm_16407_f4651fd4,3905.21.00,,
__export__.l10n_br_fiscal_ncm_16408_f2a2aa7d,3905.29.00,,
__export__.l10n_br_fiscal_ncm_16409_09468f92,3905.30.00,,
__export__.l10n_br_fiscal_ncm_16410_d74f62ec,3905.91.30,,
__export__.l10n_br_fiscal_ncm_16411_ba088968,3905.91.90,,
__export__.l10n_br_fiscal_ncm_16412_d87c8e79,3905.99.10,,
__export__.l10n_br_fiscal_ncm_16413_c733cde4,3905.99.20,,
__export__.l10n_br_fiscal_ncm_16414_116af9e3,3905.99.30,,
__export__.l10n_br_fiscal_ncm_16415_c518fcc0,3905.99.90,,
__export__.l10n_br_fiscal_ncm_16416_60c96fdd,3906.10.00,,
__export__.l10n_br_fiscal_ncm_16417_c1a2dc65,3906.10.00,1,
__export__.l10n_br_fiscal_ncm_16418_8a12fa72,3906.90.11,,
__export__.l10n_br_fiscal_ncm_16419_88f3adb4,3906.90.12,,
__export__.l10n_br_fiscal_ncm_16420_6c8ec782,3906.90.19,,
__export__.l10n_br_fiscal_ncm_16421_39ab1406,3906.90.21,,
__export__.l10n_br_fiscal_ncm_16422_735fdbd0,3906.90.22,,
__export__.l10n_br_fiscal_ncm_16423_d107bc85,3906.90.29,,
__export__.l10n_br_fiscal_ncm_16424_3f9666f5,3906.90.31,,
__export__.l10n_br_fiscal_ncm_16425_78d00c06,3906.90.32,,
__export__.l10n_br_fiscal_ncm_16426_2744135d,3906.90.39,,
__export__.l10n_br_fiscal_ncm_16427_a591001b,3906.90.41,,
__export__.l10n_br_fiscal_ncm_16428_a54a6f5e,3906.90.41,1,
__export__.l10n_br_fiscal_ncm_16429_e36d3f51,3906.90.42,,
__export__.l10n_br_fiscal_ncm_16430_301ace0f,3906.90.43,,
__export__.l10n_br_fiscal_ncm_16431_814f6099,3906.90.44,,
__export__.l10n_br_fiscal_ncm_16432_96f9587a,3906.90.45,,
__export__.l10n_br_fiscal_ncm_16433_bf49ea0f,3906.90.46,,
__export__.l10n_br_fiscal_ncm_16434_fd7aa845,3906.90.47,,
__export__.l10n_br_fiscal_ncm_16435_31168938,3906.90.48,,
__export__.l10n_br_fiscal_ncm_16436_2167ad69,3906.90.49,,
__export__.l10n_br_fiscal_ncm_16437_3202ab3e,3906.90.49,1,
__export__.l10n_br_fiscal_ncm_16438_8ce11b6d,3907.10.10,,
__export__.l10n_br_fiscal_ncm_16439_ac60dc7b,3907.10.20,,
__export__.l10n_br_fiscal_ncm_16440_f9cb0c7e,3907.10.31,,
__export__.l10n_br_fiscal_ncm_16441_36538216,3907.10.39,,
__export__.l10n_br_fiscal_ncm_16442_6cf416f2,3907.10.41,,
__export__.l10n_br_fiscal_ncm_16443_29c50b4b,3907.10.42,,
__export__.l10n_br_fiscal_ncm_16444_6d82672b,3907.10.49,,
__export__.l10n_br_fiscal_ncm_16445_16bc5517,3907.10.91,,
__export__.l10n_br_fiscal_ncm_16446_a3452ec8,3907.10.99,,
__export__.l10n_br_fiscal_ncm_16447_1732abc9,3907.21.00,,
__export__.l10n_br_fiscal_ncm_16448_7945db07,3907.29.11,,
__export__.l10n_br_fiscal_ncm_16449_2eb625d5,3907.29.12,,
__export__.l10n_br_fiscal_ncm_16450_ece993f0,3907.29.20,,
__export__.l10n_br_fiscal_ncm_16451_217d1763,3907.29.31,,
__export__.l10n_br_fiscal_ncm_16452_0b73d0e9,3907.29.39,,
__export__.l10n_br_fiscal_ncm_16453_0b40c7c1,3907.29.41,,
__export__.l10n_br_fiscal_ncm_16454_e1cda1fd,3907.29.42,,
__export__.l10n_br_fiscal_ncm_16455_edb3636a,3907.29.49,,
__export__.l10n_br_fiscal_ncm_16456_ee3453df,3907.29.90,,
__export__.l10n_br_fiscal_ncm_16457_7a63f418,3907.30.11,,
__export__.l10n_br_fiscal_ncm_16458_fa7373b2,3907.30.19,,
__export__.l10n_br_fiscal_ncm_16459_91a2cb68,3907.30.21,,
__export__.l10n_br_fiscal_ncm_16460_ceb8e98b,3907.30.22,,
__export__.l10n_br_fiscal_ncm_16461_0f88bf21,3907.30.29,,
__export__.l10n_br_fiscal_ncm_16462_001e6c48,3907.40.10,,
__export__.l10n_br_fiscal_ncm_16463_db9697ee,3907.40.20,,
__export__.l10n_br_fiscal_ncm_16464_fa77d38f,3907.40.90,,
__export__.l10n_br_fiscal_ncm_16465_c434fd3c,3907.50.10,,
__export__.l10n_br_fiscal_ncm_16466_7c025155,3907.50.90,,
__export__.l10n_br_fiscal_ncm_16467_627d0716,3907.61.00,,
__export__.l10n_br_fiscal_ncm_16468_f9527cba,3907.69.00,,
__export__.l10n_br_fiscal_ncm_16469_0e314e7d,3907.70.00,,
__export__.l10n_br_fiscal_ncm_16470_173a6f8e,3907.91.00,,
__export__.l10n_br_fiscal_ncm_16471_a3409b5e,3907.99.11,,
__export__.l10n_br_fiscal_ncm_16472_84463555,3907.99.12,,
__export__.l10n_br_fiscal_ncm_16473_35fecefa,3907.99.19,,
__export__.l10n_br_fiscal_ncm_16474_7cb28739,3907.99.91,,
__export__.l10n_br_fiscal_ncm_16475_ead25efd,3907.99.92,,
__export__.l10n_br_fiscal_ncm_16476_fadfcdfc,3907.99.93,,
__export__.l10n_br_fiscal_ncm_16477_79c48607,3907.99.94,,
__export__.l10n_br_fiscal_ncm_16478_57076c17,3907.99.95,,
__export__.l10n_br_fiscal_ncm_16479_bac4ba59,3907.99.99,,
__export__.l10n_br_fiscal_ncm_16480_79cb9d1f,3908.10.11,,
__export__.l10n_br_fiscal_ncm_16481_7e741c0e,3908.10.12,,
__export__.l10n_br_fiscal_ncm_16482_3683d81b,3908.10.13,,
__export__.l10n_br_fiscal_ncm_16483_fea23f9f,3908.10.14,,
__export__.l10n_br_fiscal_ncm_16484_1c06bc3d,3908.10.19,,
__export__.l10n_br_fiscal_ncm_16485_d6c490cc,3908.10.21,,
__export__.l10n_br_fiscal_ncm_16486_2c5c9943,3908.10.22,,
__export__.l10n_br_fiscal_ncm_16487_624787f3,3908.10.23,,
__export__.l10n_br_fiscal_ncm_16488_4177f6cc,3908.10.25,,
__export__.l10n_br_fiscal_ncm_16489_775d8eea,3908.10.26,,
__export__.l10n_br_fiscal_ncm_16490_5ef37071,3908.10.29,,
__export__.l10n_br_fiscal_ncm_16491_933b4c8e,3908.90.10,,
__export__.l10n_br_fiscal_ncm_16492_bf85ee26,3908.90.20,,
__export__.l10n_br_fiscal_ncm_16493_3e4161c5,3908.90.90,,
__export__.l10n_br_fiscal_ncm_16494_d1666815,3909.10.00,,
__export__.l10n_br_fiscal_ncm_16495_8abc5680,3909.20.11,,
__export__.l10n_br_fiscal_ncm_16496_736b57be,3909.20.19,,
__export__.l10n_br_fiscal_ncm_16497_cc9e5059,3909.20.21,,
__export__.l10n_br_fiscal_ncm_16498_8e217d57,3909.20.29,,
__export__.l10n_br_fiscal_ncm_16499_4bdc63fa,3909.31.00,,
__export__.l10n_br_fiscal_ncm_16500_2629bf50,3909.39.00,,
__export__.l10n_br_fiscal_ncm_16501_36b36569,3909.40.11,,
__export__.l10n_br_fiscal_ncm_16502_c5d71d34,3909.40.19,,
__export__.l10n_br_fiscal_ncm_16503_2b3ff15b,3909.40.91,,
__export__.l10n_br_fiscal_ncm_16504_9b63310d,3909.40.99,,
__export__.l10n_br_fiscal_ncm_16505_e041b68d,3909.50.11,,
__export__.l10n_br_fiscal_ncm_16506_b5126842,3909.50.12,,
__export__.l10n_br_fiscal_ncm_16507_f97bbecc,3909.50.19,,
__export__.l10n_br_fiscal_ncm_16508_b1fcebd8,3909.50.21,,
__export__.l10n_br_fiscal_ncm_16509_98346325,3909.50.29,,
__export__.l10n_br_fiscal_ncm_16510_316e02cb,3910.00.11,,
__export__.l10n_br_fiscal_ncm_16511_d697f857,3910.00.12,,
__export__.l10n_br_fiscal_ncm_16512_ae0ff890,3910.00.13,,
__export__.l10n_br_fiscal_ncm_16513_8a2595fc,3910.00.19,,
__export__.l10n_br_fiscal_ncm_16514_5f0885d1,3910.00.21,,
__export__.l10n_br_fiscal_ncm_16515_1feff495,3910.00.29,,
__export__.l10n_br_fiscal_ncm_16516_973fb9b6,3910.00.30,,
__export__.l10n_br_fiscal_ncm_16517_a2195abb,3910.00.90,,
__export__.l10n_br_fiscal_ncm_16518_8dd2b39d,3911.10.10,,
__export__.l10n_br_fiscal_ncm_16519_20d25006,3911.10.21,,
__export__.l10n_br_fiscal_ncm_16520_d3c57e69,3911.10.29,,
__export__.l10n_br_fiscal_ncm_16521_703c2d87,3911.20.00,,
__export__.l10n_br_fiscal_ncm_16522_5e32bda5,3911.90.11,,
__export__.l10n_br_fiscal_ncm_16523_a90faa3a,3911.90.12,,
__export__.l10n_br_fiscal_ncm_16524_181a2f15,3911.90.13,,
__export__.l10n_br_fiscal_ncm_16525_fdace6e1,3911.90.14,,
__export__.l10n_br_fiscal_ncm_16526_b024f0f9,3911.90.19,,
__export__.l10n_br_fiscal_ncm_16527_5ecb5524,3911.90.21,,
__export__.l10n_br_fiscal_ncm_16528_61576790,3911.90.22,,
__export__.l10n_br_fiscal_ncm_16529_d795fe98,3911.90.23,,
__export__.l10n_br_fiscal_ncm_16530_1d41b6d9,3911.90.24,,
__export__.l10n_br_fiscal_ncm_16531_fa7203ea,3911.90.25,,
__export__.l10n_br_fiscal_ncm_16532_014bef59,3911.90.26,,
__export__.l10n_br_fiscal_ncm_16533_2704d625,3911.90.27,,
__export__.l10n_br_fiscal_ncm_16534_f0015327,3911.90.29,,
__export__.l10n_br_fiscal_ncm_16535_66efb7c3,3912.11.10,,
__export__.l10n_br_fiscal_ncm_16536_4da93124,3912.11.20,,
__export__.l10n_br_fiscal_ncm_16537_52d5a473,3912.12.00,,
__export__.l10n_br_fiscal_ncm_16538_e189809e,3912.20.10,,
__export__.l10n_br_fiscal_ncm_16539_1a575b5a,3912.20.21,,
__export__.l10n_br_fiscal_ncm_16540_8ca6ba6e,3912.20.29,,
__export__.l10n_br_fiscal_ncm_16541_2d53787a,3912.31.11,,
__export__.l10n_br_fiscal_ncm_16542_071dea07,3912.31.19,,
__export__.l10n_br_fiscal_ncm_16543_befa40a8,3912.31.21,,
__export__.l10n_br_fiscal_ncm_16544_517ac3b4,3912.31.29,,
__export__.l10n_br_fiscal_ncm_16545_e2aef5a5,3912.39.10,,
__export__.l10n_br_fiscal_ncm_16546_4348a092,3912.39.20,,
__export__.l10n_br_fiscal_ncm_16547_3714b650,3912.39.30,,
__export__.l10n_br_fiscal_ncm_16548_9c257f5a,3912.39.90,,
__export__.l10n_br_fiscal_ncm_16549_328fa0ec,3912.90.10,,
__export__.l10n_br_fiscal_ncm_16550_f054d026,3912.90.20,,
__export__.l10n_br_fiscal_ncm_16551_4d9e0ca2,3912.90.31,,
__export__.l10n_br_fiscal_ncm_16552_413cbe76,3912.90.39,,
__export__.l10n_br_fiscal_ncm_16553_e7da388d,3912.90.40,,
__export__.l10n_br_fiscal_ncm_16554_4ebeff23,3912.90.90,,
__export__.l10n_br_fiscal_ncm_16555_51b363c7,3913.10.00,,
__export__.l10n_br_fiscal_ncm_16556_73e5d53d,3913.90.11,,
__export__.l10n_br_fiscal_ncm_16557_a50fe026,3913.90.12,,
__export__.l10n_br_fiscal_ncm_16558_9d3ed8a6,3913.90.19,,
__export__.l10n_br_fiscal_ncm_16559_95d73da9,3913.90.20,,
__export__.l10n_br_fiscal_ncm_16560_def3d633,3913.90.30,,
__export__.l10n_br_fiscal_ncm_16561_efa7f779,3913.90.40,,
__export__.l10n_br_fiscal_ncm_16562_837f2953,3913.90.50,,
__export__.l10n_br_fiscal_ncm_16563_fecef2bc,3913.90.60,,
__export__.l10n_br_fiscal_ncm_16564_42bd472b,3913.90.90,,
__export__.l10n_br_fiscal_ncm_16565_3c465929,3914.00.11,,
__export__.l10n_br_fiscal_ncm_16566_dee1cf11,3914.00.19,,
__export__.l10n_br_fiscal_ncm_16567_352933f7,3914.00.90,,
__export__.l10n_br_fiscal_ncm_16568_af28b2d7,3915.10.00,,
__export__.l10n_br_fiscal_ncm_16569_5e2bfc15,3915.20.00,,
__export__.l10n_br_fiscal_ncm_16570_e2c1c670,3915.30.00,,
__export__.l10n_br_fiscal_ncm_16571_0e45a933,3915.90.00,,
__export__.l10n_br_fiscal_ncm_16572_f023e667,3916.10.00,,
__export__.l10n_br_fiscal_ncm_16573_081587ea,3916.20.00,,
__export__.l10n_br_fiscal_ncm_16574_3021f014,3916.20.00,1,
__export__.l10n_br_fiscal_ncm_16575_2bd3f330,3916.90.10,,
__export__.l10n_br_fiscal_ncm_16576_d47d6734,3916.90.90,,
__export__.l10n_br_fiscal_ncm_16577_bfccd6d8,3917.10.10,,
__export__.l10n_br_fiscal_ncm_16578_c179b453,3917.10.21,,
__export__.l10n_br_fiscal_ncm_16579_878b3b87,3917.10.29,,
__export__.l10n_br_fiscal_ncm_16580_2ed4a7bc,3917.21.00,,
__export__.l10n_br_fiscal_ncm_16581_7037ebef,3917.22.00,,
__export__.l10n_br_fiscal_ncm_16582_eec44939,3917.23.00,,
__export__.l10n_br_fiscal_ncm_16583_44e8c4ab,3917.29.00,,
__export__.l10n_br_fiscal_ncm_16584_b35acecf,3917.31.00,,
__export__.l10n_br_fiscal_ncm_16585_b292a229,3917.32.10,,
__export__.l10n_br_fiscal_ncm_16586_e744b031,3917.32.21,,
__export__.l10n_br_fiscal_ncm_16587_e5b01afd,3917.32.29,,
__export__.l10n_br_fiscal_ncm_16588_41d3ab7f,3917.32.30,,
__export__.l10n_br_fiscal_ncm_16589_e6ab260f,3917.32.40,,
__export__.l10n_br_fiscal_ncm_16590_5e5f5f2c,3917.32.51,,
__export__.l10n_br_fiscal_ncm_16591_3d065a8a,3917.32.59,,
__export__.l10n_br_fiscal_ncm_16592_5a981c73,3917.32.90,,
__export__.l10n_br_fiscal_ncm_16593_144b295b,3917.33.00,,
__export__.l10n_br_fiscal_ncm_16594_5edcc480,3917.39.00,,
__export__.l10n_br_fiscal_ncm_16595_3b65f3de,3917.40.10,,l10n_br_fiscal.tax_classification_200030
__export__.l10n_br_fiscal_ncm_16596_3103e0ba,3917.40.90,,l10n_br_fiscal.tax_classification_200030
__export__.l10n_br_fiscal_ncm_16597_cd3e8eb7,3918.10.00,,
__export__.l10n_br_fiscal_ncm_16598_5b50b647,3918.90.00,,
__export__.l10n_br_fiscal_ncm_16599_8c424c8b,3919.10.10,,
__export__.l10n_br_fiscal_ncm_16600_d982fcde,3919.10.10,Ex,
__export__.l10n_br_fiscal_ncm_16601_9339f8ba,3919.10.20,,
__export__.l10n_br_fiscal_ncm_16602_bba1c346,3919.10.20,Ex,
__export__.l10n_br_fiscal_ncm_16603_b0bac12d,3919.10.90,,
__export__.l10n_br_fiscal_ncm_16604_cde066e6,3919.90.10,,
__export__.l10n_br_fiscal_ncm_16605_829f98f6,3919.90.20,,
__export__.l10n_br_fiscal_ncm_16606_c018a4d4,3919.90.90,,
__export__.l10n_br_fiscal_ncm_16607_06cf058f,3919.90.90,Ex,
__export__.l10n_br_fiscal_ncm_16608_7679d3b7,3920.10.10,,
__export__.l10n_br_fiscal_ncm_16609_3646aa9e,3920.10.91,,
__export__.l10n_br_fiscal_ncm_16610_c476ec3e,3920.10.99,,
__export__.l10n_br_fiscal_ncm_16611_1dcc152a,3920.20.11,,
__export__.l10n_br_fiscal_ncm_16612_bbf27783,3920.20.12,,
__export__.l10n_br_fiscal_ncm_16613_f89fe962,3920.20.19,,
__export__.l10n_br_fiscal_ncm_16614_7b6c4bf1,3920.20.19,1,
__export__.l10n_br_fiscal_ncm_16615_62b644f9,3920.20.90,,
__export__.l10n_br_fiscal_ncm_16616_d19774f6,3920.30.00,,
__export__.l10n_br_fiscal_ncm_16617_fbafac3b,3920.30.00,1,
__export__.l10n_br_fiscal_ncm_16618_6a54aabd,3920.43.10,,
__export__.l10n_br_fiscal_ncm_16619_67390956,3920.43.90,,
__export__.l10n_br_fiscal_ncm_16620_a406e3a7,3920.49.00,,
__export__.l10n_br_fiscal_ncm_16621_23289940,3920.49.00,1,
__export__.l10n_br_fiscal_ncm_16622_53b75019,3920.51.00,,
__export__.l10n_br_fiscal_ncm_16623_bcfebc0f,3920.59.00,,
__export__.l10n_br_fiscal_ncm_16624_83fd9d71,3920.61.00,,
__export__.l10n_br_fiscal_ncm_16625_cc76d92d,3920.62.11,,
__export__.l10n_br_fiscal_ncm_16626_021e655e,3920.62.19,,
__export__.l10n_br_fiscal_ncm_16627_666cd0fe,3920.62.91,,
__export__.l10n_br_fiscal_ncm_16628_c011d63f,3920.62.99,,
__export__.l10n_br_fiscal_ncm_16629_456734d0,3920.62.99,1,
__export__.l10n_br_fiscal_ncm_16630_b25f5e19,3920.63.00,,
__export__.l10n_br_fiscal_ncm_16631_d09a1566,3920.69.00,,
__export__.l10n_br_fiscal_ncm_16632_41b50793,3920.71.00,,
__export__.l10n_br_fiscal_ncm_16633_4233f4ab,3920.73.10,,
__export__.l10n_br_fiscal_ncm_16634_61b4f57c,3920.73.90,,
__export__.l10n_br_fiscal_ncm_16635_bd011731,3920.79.10,,
__export__.l10n_br_fiscal_ncm_16636_ee7f7004,3920.79.90,,
__export__.l10n_br_fiscal_ncm_16637_bf348f4e,3920.91.00,,
__export__.l10n_br_fiscal_ncm_16638_6846457d,3920.92.00,,
__export__.l10n_br_fiscal_ncm_16639_155d0668,3920.93.00,,
__export__.l10n_br_fiscal_ncm_16640_279de996,3920.94.00,,
__export__.l10n_br_fiscal_ncm_16641_23396280,3920.99.10,,
__export__.l10n_br_fiscal_ncm_16642_c4e4d9fc,3920.99.20,,
__export__.l10n_br_fiscal_ncm_16643_8f9a8cd8,3920.99.30,,
__export__.l10n_br_fiscal_ncm_16644_c41c727f,3920.99.40,,
__export__.l10n_br_fiscal_ncm_16645_c5a53011,3920.99.50,,
__export__.l10n_br_fiscal_ncm_16646_c16b84d4,3920.99.90,,
__export__.l10n_br_fiscal_ncm_16647_f8e4371f,3921.11.00,,
__export__.l10n_br_fiscal_ncm_16648_3c21d195,3921.12.00,,
__export__.l10n_br_fiscal_ncm_16649_d6c833a9,3921.13.10,,
__export__.l10n_br_fiscal_ncm_16650_b56affb5,3921.13.90,,
__export__.l10n_br_fiscal_ncm_16651_49dc4e2c,3921.14.00,,
__export__.l10n_br_fiscal_ncm_16652_7ccab760,3921.19.00,,
__export__.l10n_br_fiscal_ncm_16653_2ef48147,3921.90.11,,
__export__.l10n_br_fiscal_ncm_16654_42459e6f,3921.90.12,,
__export__.l10n_br_fiscal_ncm_16655_8b5dad19,3921.90.13,,
__export__.l10n_br_fiscal_ncm_16656_c6f7dbfd,3921.90.19,,
__export__.l10n_br_fiscal_ncm_16657_1b6a6777,3921.90.20,,
__export__.l10n_br_fiscal_ncm_16658_37e1046c,3921.90.90,,
__export__.l10n_br_fiscal_ncm_16659_63488465,3922.10.00,,
__export__.l10n_br_fiscal_ncm_16660_ce130c05,3922.20.00,,
__export__.l10n_br_fiscal_ncm_16661_2e966c3c,3922.90.00,,
__export__.l10n_br_fiscal_ncm_16662_8483b41c,3923.10.10,,
__export__.l10n_br_fiscal_ncm_16663_73be6e26,3923.10.90,,
__export__.l10n_br_fiscal_ncm_16664_6ae0924e,3923.21.10,,
__export__.l10n_br_fiscal_ncm_16665_629a950f,3923.21.90,,
__export__.l10n_br_fiscal_ncm_16666_6aa49b52,3923.29.10,,
__export__.l10n_br_fiscal_ncm_16667_6415235b,3923.29.90,,
__export__.l10n_br_fiscal_ncm_16668_a04e09ec,3923.30.10,,
__export__.l10n_br_fiscal_ncm_16669_d731fec5,3923.30.90,,
__export__.l10n_br_fiscal_ncm_16670_883b7b87,3923.30.90,1,
__export__.l10n_br_fiscal_ncm_16671_11378ff9,3923.40.00,,
__export__.l10n_br_fiscal_ncm_16672_0914138f,3923.50.00,,
__export__.l10n_br_fiscal_ncm_16673_507278b7,3923.90.10,,
__export__.l10n_br_fiscal_ncm_16674_2f68ee2c,3923.90.90,,
__export__.l10n_br_fiscal_ncm_16675_ff21e664,3924.10.00,,
__export__.l10n_br_fiscal_ncm_16676_8bd9e86e,3924.90.00,,
__export__.l10n_br_fiscal_ncm_16677_3c202027,3925.10.00,,
__export__.l10n_br_fiscal_ncm_16678_40680685,3925.20.00,,
__export__.l10n_br_fiscal_ncm_16679_4b2ed91b,3925.30.00,,
__export__.l10n_br_fiscal_ncm_16680_7ea0323f,3925.90.10,,
__export__.l10n_br_fiscal_ncm_16681_23090455,3925.90.90,,
__export__.l10n_br_fiscal_ncm_16682_4ad53732,3926.10.00,,
__export__.l10n_br_fiscal_ncm_16683_b09b96bb,3926.20.00,,
__export__.l10n_br_fiscal_ncm_16684_06d8255f,3926.20.00,1,
__export__.l10n_br_fiscal_ncm_16685_855c1e45,3926.30.00,,
__export__.l10n_br_fiscal_ncm_16686_6fc1a07e,3926.40.00,,
__export__.l10n_br_fiscal_ncm_16687_24838ca4,3926.90.10,,
__export__.l10n_br_fiscal_ncm_16688_40917979,3926.90.21,,
__export__.l10n_br_fiscal_ncm_16689_665fcf64,3926.90.22,,
__export__.l10n_br_fiscal_ncm_16690_4210eceb,3926.90.30,,l10n_br_fiscal.tax_classification_200030
__export__.l10n_br_fiscal_ncm_16691_e415c17c,3926.90.40,,l10n_br_fiscal.tax_classification_200030
__export__.l10n_br_fiscal_ncm_16692_44e931ea,3926.90.40,1,l10n_br_fiscal.tax_classification_200030
__export__.l10n_br_fiscal_ncm_16693_0e263d95,3926.90.50,,l10n_br_fiscal.tax_classification_200030
__export__.l10n_br_fiscal_ncm_16694_4cd90a91,3926.90.61,,
__export__.l10n_br_fiscal_ncm_16695_6b87aa1b,3926.90.69,,
__export__.l10n_br_fiscal_ncm_16696_c945f33b,3926.90.90,,
__export__.l10n_br_fiscal_ncm_16697_6dbfac65,3926.90.90,1,
__export__.l10n_br_fiscal_ncm_16698_55e7b9df,3926.90.90,2,
__export__.l10n_br_fiscal_ncm_16699_d1033fd2,3926.90.90,3,
__export__.l10n_br_fiscal_ncm_16700_30b3274d,3926.90.90,4,
__export__.l10n_br_fiscal_ncm_16701_8130518a,3926.90.90,5,
__export__.l10n_br_fiscal_ncm_16702_b73bc4bc,3926.90.90,6,
__export__.l10n_br_fiscal_ncm_16703_c4be9ea7,3926.90.90,7,
__export__.l10n_br_fiscal_ncm_16704_31066acf,3926.90.90,8,
__export__.l10n_br_fiscal_ncm_16705_060b671c,3926.90.90,9,
__export__.l10n_br_fiscal_ncm_16706_9cfe1851,3926.90.90,10,
__export__.l10n_br_fiscal_ncm_16707_002b81c3,4001.10.00,,
__export__.l10n_br_fiscal_ncm_16708_05b364b9,4001.21.00,,
__export__.l10n_br_fiscal_ncm_16709_33541195,4001.22.00,,
__export__.l10n_br_fiscal_ncm_16710_b9245ce1,4001.29.10,,
__export__.l10n_br_fiscal_ncm_16711_801a228f,4001.29.20,,
__export__.l10n_br_fiscal_ncm_16712_b1185265,4001.29.90,,
__export__.l10n_br_fiscal_ncm_16713_3fc08316,4001.30.00,,
__export__.l10n_br_fiscal_ncm_16714_fd962327,4002.11.10,,
__export__.l10n_br_fiscal_ncm_16715_e950277c,4002.11.20,,
__export__.l10n_br_fiscal_ncm_16716_6fb019ea,4002.19.11,,
__export__.l10n_br_fiscal_ncm_16717_a0b55fac,4002.19.12,,
__export__.l10n_br_fiscal_ncm_16718_853066c6,4002.19.19,,
__export__.l10n_br_fiscal_ncm_16719_aab0368b,4002.19.20,,
__export__.l10n_br_fiscal_ncm_16720_9ab31f74,4002.20.10,,
__export__.l10n_br_fiscal_ncm_16721_5802562f,4002.20.91,,
__export__.l10n_br_fiscal_ncm_16722_6883def9,4002.20.99,,
__export__.l10n_br_fiscal_ncm_16723_c4962910,4002.31.00,,
__export__.l10n_br_fiscal_ncm_16724_648dcfa8,4002.39.00,,
__export__.l10n_br_fiscal_ncm_16725_8087d5ef,4002.41.00,,
__export__.l10n_br_fiscal_ncm_16726_8cebb368,4002.49.00,,
__export__.l10n_br_fiscal_ncm_16727_b2f0092b,4002.51.00,,
__export__.l10n_br_fiscal_ncm_16728_fe399c0e,4002.59.00,,
__export__.l10n_br_fiscal_ncm_16729_94baca01,4002.60.00,,
__export__.l10n_br_fiscal_ncm_16730_1e6c0e04,4002.70.00,,
__export__.l10n_br_fiscal_ncm_16731_6e1887d5,4002.80.00,,
__export__.l10n_br_fiscal_ncm_16732_42c0514f,4002.91.00,,
__export__.l10n_br_fiscal_ncm_16733_8e5d4e9b,4002.99.10,,
__export__.l10n_br_fiscal_ncm_16734_c510fd16,4002.99.20,,
__export__.l10n_br_fiscal_ncm_16735_2f235f2a,4002.99.30,,
__export__.l10n_br_fiscal_ncm_16736_8478e0ea,4002.99.90,,
__export__.l10n_br_fiscal_ncm_16737_9d0e863b,4003.00.00,,
__export__.l10n_br_fiscal_ncm_16738_36410b33,4004.00.00,,
__export__.l10n_br_fiscal_ncm_16739_ccf4e5de,4005.10.10,,
__export__.l10n_br_fiscal_ncm_16740_01c21da8,4005.10.90,,
__export__.l10n_br_fiscal_ncm_16741_78d5d989,4005.20.00,,
__export__.l10n_br_fiscal_ncm_16742_974991f7,4005.91.10,,
__export__.l10n_br_fiscal_ncm_16743_f4b0b362,4005.91.90,,
__export__.l10n_br_fiscal_ncm_16744_493db85e,4005.99.10,,
__export__.l10n_br_fiscal_ncm_16745_8f469e78,4005.99.90,,
__export__.l10n_br_fiscal_ncm_16746_6b834d57,4006.10.00,,
__export__.l10n_br_fiscal_ncm_16747_0e50ee3b,4006.90.00,,
__export__.l10n_br_fiscal_ncm_16748_a1826b99,4007.00.11,,
__export__.l10n_br_fiscal_ncm_16749_d72391cc,4007.00.19,,
__export__.l10n_br_fiscal_ncm_16750_f30490d0,4007.00.20,,
__export__.l10n_br_fiscal_ncm_16751_8f03d66c,4008.11.00,,
__export__.l10n_br_fiscal_ncm_16752_db2c2933,4008.19.00,,
__export__.l10n_br_fiscal_ncm_16753_b4048d55,4008.21.00,,
__export__.l10n_br_fiscal_ncm_16754_dab6d188,4008.21.00,1,
__export__.l10n_br_fiscal_ncm_16755_9f4ae70c,4008.29.00,,
__export__.l10n_br_fiscal_ncm_16756_25656241,4009.11.00,,
__export__.l10n_br_fiscal_ncm_16757_717296c1,4009.12.10,,
__export__.l10n_br_fiscal_ncm_16758_9e0b005e,4009.12.90,,
__export__.l10n_br_fiscal_ncm_16759_10693cd8,4009.21.10,,
__export__.l10n_br_fiscal_ncm_16760_4d43cd4c,4009.21.90,,
__export__.l10n_br_fiscal_ncm_16761_9b13a272,4009.22.10,,
__export__.l10n_br_fiscal_ncm_16762_56aa45ce,4009.22.90,,
__export__.l10n_br_fiscal_ncm_16763_61e297aa,4009.31.00,,
__export__.l10n_br_fiscal_ncm_16764_44cf9ede,4009.32.10,,
__export__.l10n_br_fiscal_ncm_16765_c3bbd1bb,4009.32.90,,
__export__.l10n_br_fiscal_ncm_16766_0c56f25f,4009.41.00,,
__export__.l10n_br_fiscal_ncm_16767_89b7c275,4009.42.10,,
__export__.l10n_br_fiscal_ncm_16768_3e0c0103,4009.42.90,,
__export__.l10n_br_fiscal_ncm_16769_89746a99,4010.11.00,,
__export__.l10n_br_fiscal_ncm_16770_c3e37e77,4010.12.00,,
__export__.l10n_br_fiscal_ncm_16771_77f0e781,4010.19.00,,
__export__.l10n_br_fiscal_ncm_16772_cf712b05,4010.31.00,,
__export__.l10n_br_fiscal_ncm_16773_6c56f08a,4010.32.00,,
__export__.l10n_br_fiscal_ncm_16774_abd78ba0,4010.33.00,,
__export__.l10n_br_fiscal_ncm_16775_c89c6a23,4010.34.00,,
__export__.l10n_br_fiscal_ncm_16776_834f9021,4010.35.00,,
__export__.l10n_br_fiscal_ncm_16777_f5e0a002,4010.36.00,,
__export__.l10n_br_fiscal_ncm_16778_f44e8833,4010.39.00,,
__export__.l10n_br_fiscal_ncm_16779_5aa8f39f,4011.10.00,,
__export__.l10n_br_fiscal_ncm_16780_495967bb,4011.20.10,,
__export__.l10n_br_fiscal_ncm_16781_0d4023ce,4011.20.90,,
__export__.l10n_br_fiscal_ncm_16782_46d3063d,4011.30.00,,
__export__.l10n_br_fiscal_ncm_16783_5545db05,4011.40.00,,
__export__.l10n_br_fiscal_ncm_16784_f6a19f9c,4011.50.00,,
__export__.l10n_br_fiscal_ncm_16785_43c3c88b,4011.70.10,,
__export__.l10n_br_fiscal_ncm_16786_bf20864e,4011.70.10,1,
__export__.l10n_br_fiscal_ncm_16787_62b00237,4011.70.90,,
__export__.l10n_br_fiscal_ncm_16788_2cdcff72,4011.70.90,1,
__export__.l10n_br_fiscal_ncm_16789_85367732,4011.80.10,,
__export__.l10n_br_fiscal_ncm_16790_26ab130e,4011.80.20,,
__export__.l10n_br_fiscal_ncm_16791_a4fe806a,4011.80.90,,
__export__.l10n_br_fiscal_ncm_16792_f6d60046,4011.90.10,,
__export__.l10n_br_fiscal_ncm_16793_8bd7cc10,4011.90.90,,
__export__.l10n_br_fiscal_ncm_16794_54079abf,4012.11.00,,
__export__.l10n_br_fiscal_ncm_16795_a309f596,4012.11.00,1,
__export__.l10n_br_fiscal_ncm_16796_723df5cb,4012.12.00,,
__export__.l10n_br_fiscal_ncm_16797_56cabf47,4012.12.00,1,
__export__.l10n_br_fiscal_ncm_16798_8ab0343d,4012.13.00,,
__export__.l10n_br_fiscal_ncm_16799_722276e3,4012.19.00,,
__export__.l10n_br_fiscal_ncm_16800_785d4978,4012.19.00,1,
__export__.l10n_br_fiscal_ncm_16801_bd4b4f6b,4012.19.00,2,
__export__.l10n_br_fiscal_ncm_16802_e8806d46,4012.20.00,,
__export__.l10n_br_fiscal_ncm_16803_afe2f3df,4012.90.10,,
__export__.l10n_br_fiscal_ncm_16804_ffa49690,4012.90.90,,
__export__.l10n_br_fiscal_ncm_16805_546d7f37,4013.10.10,,
__export__.l10n_br_fiscal_ncm_16806_5dd68590,4013.10.90,,
__export__.l10n_br_fiscal_ncm_16807_c8edc89e,4013.10.90,1,
__export__.l10n_br_fiscal_ncm_16808_b1324589,4013.20.00,,
__export__.l10n_br_fiscal_ncm_16809_5cd07834,4013.90.00,,
__export__.l10n_br_fiscal_ncm_16810_54ee1179,4013.90.00,1,
__export__.l10n_br_fiscal_ncm_16811_f4337abf,4014.10.00,,l10n_br_fiscal.tax_classification_200030
__export__.l10n_br_fiscal_ncm_16812_7dd3cde6,4014.90.10,,
__export__.l10n_br_fiscal_ncm_16813_e7c675f6,4014.90.90,,
__export__.l10n_br_fiscal_ncm_16814_98e611cd,4015.12.00,,l10n_br_fiscal.tax_classification_200030
__export__.l10n_br_fiscal_ncm_16815_d626d6cc,4015.19.00,,l10n_br_fiscal.tax_classification_200030
__export__.l10n_br_fiscal_ncm_16816_527bfcaf,4015.19.00,1,l10n_br_fiscal.tax_classification_200030
__export__.l10n_br_fiscal_ncm_16817_0b355521,4015.90.00,,
__export__.l10n_br_fiscal_ncm_16818_2c755a9f,4015.90.00,1,
__export__.l10n_br_fiscal_ncm_16819_4ff1eb79,4016.10.10,,
__export__.l10n_br_fiscal_ncm_16820_08e4b378,4016.10.90,,
__export__.l10n_br_fiscal_ncm_16821_782004d7,4016.91.00,,
__export__.l10n_br_fiscal_ncm_16822_b3bbc342,4016.91.00,1,
__export__.l10n_br_fiscal_ncm_16823_1b56483b,4016.91.00,2,
__export__.l10n_br_fiscal_ncm_16824_85b4a2fe,4016.92.00,,
__export__.l10n_br_fiscal_ncm_16825_7509fc37,4016.93.00,,
__export__.l10n_br_fiscal_ncm_16826_d1ce17c3,4016.94.00,,
__export__.l10n_br_fiscal_ncm_16827_c9049d40,4016.95.10,,
__export__.l10n_br_fiscal_ncm_16828_fba1641f,4016.95.90,,
__export__.l10n_br_fiscal_ncm_16829_4fd4b9eb,4016.99.10,,
__export__.l10n_br_fiscal_ncm_16830_9fb0c6a3,4016.99.90,,
__export__.l10n_br_fiscal_ncm_16831_490dd594,4016.99.90,1,
__export__.l10n_br_fiscal_ncm_16832_5c3dc9b0,4016.99.90,2,
__export__.l10n_br_fiscal_ncm_16833_7f2d2e4f,4016.99.90,3,
__export__.l10n_br_fiscal_ncm_16834_cf694ddd,4017.00.00,,
__export__.l10n_br_fiscal_ncm_16835_10b7ea1b,4017.00.00,1,
__export__.l10n_br_fiscal_ncm_16836_7b5ce541,4017.00.00,2,
__export__.l10n_br_fiscal_ncm_16837_2f08e62c,4017.00.00,3,
__export__.l10n_br_fiscal_ncm_16838_b9e2224a,4101.20.00,,
__export__.l10n_br_fiscal_ncm_16839_b13a06f1,4101.50.10,,
__export__.l10n_br_fiscal_ncm_16840_df5eb9e9,4101.50.20,,
__export__.l10n_br_fiscal_ncm_16841_8655ea29,4101.50.30,,
__export__.l10n_br_fiscal_ncm_16842_5e8fe4b1,4101.90.10,,
__export__.l10n_br_fiscal_ncm_16843_8895a751,4101.90.20,,
__export__.l10n_br_fiscal_ncm_16844_acd0aa5b,4101.90.30,,
__export__.l10n_br_fiscal_ncm_16845_3dac0f6d,4102.10.00,,
__export__.l10n_br_fiscal_ncm_16846_f2b7c825,4102.21.00,,
__export__.l10n_br_fiscal_ncm_16847_e5da4456,4102.29.00,,
__export__.l10n_br_fiscal_ncm_16848_cc7f3a5f,4103.20.00,,
__export__.l10n_br_fiscal_ncm_16849_af6804f1,4103.30.00,,
__export__.l10n_br_fiscal_ncm_16850_6d1b5e60,4103.90.00,,
__export__.l10n_br_fiscal_ncm_16851_91f08850,4104.11.11,,
__export__.l10n_br_fiscal_ncm_16852_941f7b33,4104.11.12,,
__export__.l10n_br_fiscal_ncm_16853_1073efa3,4104.11.13,,
__export__.l10n_br_fiscal_ncm_16854_b4ab168d,4104.11.14,,
__export__.l10n_br_fiscal_ncm_16855_9cacb394,4104.11.19,,
__export__.l10n_br_fiscal_ncm_16856_3646f21f,4104.11.21,,
__export__.l10n_br_fiscal_ncm_16857_7354c29c,4104.11.22,,
__export__.l10n_br_fiscal_ncm_16858_8ec446e9,4104.11.23,,
__export__.l10n_br_fiscal_ncm_16859_4dea3aa0,4104.11.24,,
__export__.l10n_br_fiscal_ncm_16860_7c1cae3e,4104.11.29,,
__export__.l10n_br_fiscal_ncm_16861_82e4ce8c,4104.19.10,,
__export__.l10n_br_fiscal_ncm_16862_be2ed37e,4104.19.20,,
__export__.l10n_br_fiscal_ncm_16863_cc83a86a,4104.19.30,,
__export__.l10n_br_fiscal_ncm_16864_9763089a,4104.19.40,,
__export__.l10n_br_fiscal_ncm_16865_7107545f,4104.19.90,,
__export__.l10n_br_fiscal_ncm_16866_f5065327,4104.41.10,,
__export__.l10n_br_fiscal_ncm_16867_fb96a9a3,4104.41.20,,
__export__.l10n_br_fiscal_ncm_16868_4618c581,4104.41.30,,
__export__.l10n_br_fiscal_ncm_16869_00405008,4104.41.90,,
__export__.l10n_br_fiscal_ncm_16870_6bcb63fa,4104.49.10,,
__export__.l10n_br_fiscal_ncm_16871_eaf91930,4104.49.20,,
__export__.l10n_br_fiscal_ncm_16872_cbfe7928,4104.49.90,,
__export__.l10n_br_fiscal_ncm_16873_ebbbffe5,4105.10.10,,
__export__.l10n_br_fiscal_ncm_16874_7f2a9a19,4105.10.21,,
__export__.l10n_br_fiscal_ncm_16875_caf53590,4105.10.29,,
__export__.l10n_br_fiscal_ncm_16876_08b5b964,4105.10.90,,
__export__.l10n_br_fiscal_ncm_16877_cc8a8ba3,4105.30.00,,
__export__.l10n_br_fiscal_ncm_16878_545ebcf8,4106.21.10,,
__export__.l10n_br_fiscal_ncm_16879_15a72df1,4106.21.21,,
__export__.l10n_br_fiscal_ncm_16880_a4703297,4106.21.29,,
__export__.l10n_br_fiscal_ncm_16881_e93ae0fd,4106.21.90,,
__export__.l10n_br_fiscal_ncm_16882_c5eda045,4106.22.00,,
__export__.l10n_br_fiscal_ncm_16883_4bcb96a8,4106.31.10,,
__export__.l10n_br_fiscal_ncm_16884_6386c1f0,4106.31.90,,
__export__.l10n_br_fiscal_ncm_16885_6a1bbe06,4106.32.00,,
__export__.l10n_br_fiscal_ncm_16886_2849e62c,4106.40.00,,
__export__.l10n_br_fiscal_ncm_16887_ec75df7f,4106.91.00,,
__export__.l10n_br_fiscal_ncm_16888_44981382,4106.92.00,,
__export__.l10n_br_fiscal_ncm_16889_f411dba6,4107.11.10,,
__export__.l10n_br_fiscal_ncm_16890_a44ffd77,4107.11.20,,
__export__.l10n_br_fiscal_ncm_16891_f58b32be,4107.11.90,,
__export__.l10n_br_fiscal_ncm_16892_d5a93ba1,4107.12.10,,
__export__.l10n_br_fiscal_ncm_16893_f4d5ec5d,4107.12.20,,
__export__.l10n_br_fiscal_ncm_16894_3b0c038d,4107.12.90,,
__export__.l10n_br_fiscal_ncm_16895_f5453018,4107.19.10,,
__export__.l10n_br_fiscal_ncm_16896_cdc27827,4107.19.20,,
__export__.l10n_br_fiscal_ncm_16897_e94dceee,4107.19.90,,
__export__.l10n_br_fiscal_ncm_16898_c70de3e3,4107.91.10,,
__export__.l10n_br_fiscal_ncm_16899_189c0138,4107.91.90,,
__export__.l10n_br_fiscal_ncm_16900_131e3952,4107.92.10,,
__export__.l10n_br_fiscal_ncm_16901_9e3ab40d,4107.92.90,,
__export__.l10n_br_fiscal_ncm_16902_83f61476,4107.99.10,,
__export__.l10n_br_fiscal_ncm_16903_e9905e67,4107.99.90,,
__export__.l10n_br_fiscal_ncm_16904_b6e0ee19,4112.00.00,,
__export__.l10n_br_fiscal_ncm_16905_3fa62314,4113.10.10,,
__export__.l10n_br_fiscal_ncm_16906_993726a4,4113.10.90,,
__export__.l10n_br_fiscal_ncm_16907_5dce8d3c,4113.20.00,,
__export__.l10n_br_fiscal_ncm_16908_db0233f5,4113.30.00,,
__export__.l10n_br_fiscal_ncm_16909_92d460ea,4113.90.00,,
__export__.l10n_br_fiscal_ncm_16910_6fb33c04,4114.10.00,,
__export__.l10n_br_fiscal_ncm_16911_217c3f9d,4114.20.10,,
__export__.l10n_br_fiscal_ncm_16912_0067a45e,4114.20.20,,
__export__.l10n_br_fiscal_ncm_16913_436ada8b,4115.10.00,,
__export__.l10n_br_fiscal_ncm_16914_aab3f4a5,4115.20.00,,
__export__.l10n_br_fiscal_ncm_16915_f934cfe1,4201.00.10,,
__export__.l10n_br_fiscal_ncm_16916_e93a8768,4201.00.90,,
__export__.l10n_br_fiscal_ncm_16917_f4643acc,4202.11.00,,
__export__.l10n_br_fiscal_ncm_16918_bd59937d,4202.12.10,,
__export__.l10n_br_fiscal_ncm_16919_11b71931,4202.12.20,,
__export__.l10n_br_fiscal_ncm_16920_f405e989,4202.19.00,,
__export__.l10n_br_fiscal_ncm_16921_d0207b23,4202.21.00,,
__export__.l10n_br_fiscal_ncm_16922_deb22d8a,4202.22.10,,
__export__.l10n_br_fiscal_ncm_16923_8851d215,4202.22.20,,
__export__.l10n_br_fiscal_ncm_16924_ac776f46,4202.29.00,,
__export__.l10n_br_fiscal_ncm_16925_a928df68,4202.31.00,,
__export__.l10n_br_fiscal_ncm_16926_de2a9d85,4202.32.00,,
__export__.l10n_br_fiscal_ncm_16927_e9002c91,4202.39.00,,
__export__.l10n_br_fiscal_ncm_16928_530991ab,4202.91.00,,
__export__.l10n_br_fiscal_ncm_16929_02282b2f,4202.92.00,,
__export__.l10n_br_fiscal_ncm_16930_cb8d3469,4202.99.00,,
__export__.l10n_br_fiscal_ncm_16931_7ba1fca8,4203.10.00,,
__export__.l10n_br_fiscal_ncm_16932_e99f3402,4203.21.00,,
__export__.l10n_br_fiscal_ncm_16933_3f31fd8d,4203.29.00,,
__export__.l10n_br_fiscal_ncm_16934_78fe8c89,4203.29.00,1,
__export__.l10n_br_fiscal_ncm_16935_f23125bc,4203.30.00,,
__export__.l10n_br_fiscal_ncm_16936_362aada1,4203.40.00,,
__export__.l10n_br_fiscal_ncm_16937_48732d3c,4205.00.00,,
__export__.l10n_br_fiscal_ncm_16938_10f62803,4206.00.00,,
__export__.l10n_br_fiscal_ncm_16939_fc6a3cec,4301.10.00,,
__export__.l10n_br_fiscal_ncm_16940_8f54bb3d,4301.30.00,,
__export__.l10n_br_fiscal_ncm_16941_ed09fca9,4301.60.00,,
__export__.l10n_br_fiscal_ncm_16942_cdfc8648,4301.80.00,,
__export__.l10n_br_fiscal_ncm_16943_bd91881b,4301.90.00,,
__export__.l10n_br_fiscal_ncm_16944_8c128d34,4302.11.00,,
__export__.l10n_br_fiscal_ncm_16945_3ade7fe3,4302.19.10,,
__export__.l10n_br_fiscal_ncm_16946_6254cfdb,4302.19.90,,
__export__.l10n_br_fiscal_ncm_16947_6a9a1c1e,4302.20.00,,
__export__.l10n_br_fiscal_ncm_16948_31ef1365,4302.20.00,1,
__export__.l10n_br_fiscal_ncm_16949_88ca2789,4302.20.00,2,
__export__.l10n_br_fiscal_ncm_16951_f4797069,4302.30.00,1,
__export__.l10n_br_fiscal_ncm_16952_40ed0456,4302.30.00,2,
__export__.l10n_br_fiscal_ncm_16950_4866b975,4302.30.00,,
__export__.l10n_br_fiscal_ncm_16953_11fb9174,4303.10.00,,
__export__.l10n_br_fiscal_ncm_16954_0fff4a91,4303.10.00,1,
__export__.l10n_br_fiscal_ncm_16956_26b067f2,4303.90.00,1,
__export__.l10n_br_fiscal_ncm_16955_7fc0c9b1,4303.90.00,,
__export__.l10n_br_fiscal_ncm_16957_c3800187,4304.00.00,,
__export__.l10n_br_fiscal_ncm_16958_91bf2a41,4401.11.00,,
__export__.l10n_br_fiscal_ncm_16959_86fd4b9c,4401.12.00,,
__export__.l10n_br_fiscal_ncm_16960_24ae5ca1,4401.21.00,,
__export__.l10n_br_fiscal_ncm_16961_4ede14af,4401.22.00,,
__export__.l10n_br_fiscal_ncm_16962_20bbf0a4,4401.31.00,,
__export__.l10n_br_fiscal_ncm_16963_9c85131f,4401.32.00,,
__export__.l10n_br_fiscal_ncm_16964_304c31d2,4401.39.00,,l10n_br_fiscal.tax_classification_200038
__export__.l10n_br_fiscal_ncm_16965_2ad561b0,4401.41.00,,l10n_br_fiscal.tax_classification_200038
__export__.l10n_br_fiscal_ncm_16966_b556eeb8,4401.49.00,,l10n_br_fiscal.tax_classification_200038
__export__.l10n_br_fiscal_ncm_16967_2d179338,4402.10.00,,
__export__.l10n_br_fiscal_ncm_16968_70e368e1,4402.20.00,,
__export__.l10n_br_fiscal_ncm_16969_7954070a,4402.90.00,,l10n_br_fiscal.tax_classification_200038
__export__.l10n_br_fiscal_ncm_16970_4a6d4d76,4403.11.00,,
__export__.l10n_br_fiscal_ncm_16971_2f7ac9a3,4403.11.00,1,
__export__.l10n_br_fiscal_ncm_16972_ca02dd81,4403.12.00,,
__export__.l10n_br_fiscal_ncm_16973_9e286231,4403.12.00,1,
__export__.l10n_br_fiscal_ncm_16974_a58767ff,4403.21.00,,
__export__.l10n_br_fiscal_ncm_16975_ad976cd2,4403.21.00,1,
__export__.l10n_br_fiscal_ncm_16976_7ad3401b,4403.22.00,,
__export__.l10n_br_fiscal_ncm_16977_ea02ce96,4403.22.00,1,
__export__.l10n_br_fiscal_ncm_16978_e333c474,4403.23.00,,
__export__.l10n_br_fiscal_ncm_16979_b7283781,4403.23.00,1,
__export__.l10n_br_fiscal_ncm_16980_57436a4a,4403.24.00,,
__export__.l10n_br_fiscal_ncm_16981_122d1ae1,4403.24.00,1,
__export__.l10n_br_fiscal_ncm_16982_e5479f69,4403.25.00,,
__export__.l10n_br_fiscal_ncm_16983_6ee8bb75,4403.25.00,1,
__export__.l10n_br_fiscal_ncm_16984_05bf5bbb,4403.26.00,,
__export__.l10n_br_fiscal_ncm_16985_e54b682b,4403.26.00,1,
__export__.l10n_br_fiscal_ncm_16986_5fcb83a7,4403.41.00,,
__export__.l10n_br_fiscal_ncm_16987_e614be49,4403.41.00,1,
__export__.l10n_br_fiscal_ncm_16988_71597839,4403.42.00,,
__export__.l10n_br_fiscal_ncm_16989_d6c5de3b,4403.42.00,1,
__export__.l10n_br_fiscal_ncm_16990_70f8adcc,4403.49.00,,
__export__.l10n_br_fiscal_ncm_16991_9f0c008c,4403.49.00,1,
__export__.l10n_br_fiscal_ncm_16992_a0dc425e,4403.91.00,,
__export__.l10n_br_fiscal_ncm_16993_c6e99753,4403.91.00,1,
__export__.l10n_br_fiscal_ncm_16994_125da822,4403.93.00,,
__export__.l10n_br_fiscal_ncm_16995_8cc150c2,4403.93.00,1,
__export__.l10n_br_fiscal_ncm_16996_d206b0dc,4403.94.00,,
__export__.l10n_br_fiscal_ncm_16997_d617055e,4403.94.00,1,
__export__.l10n_br_fiscal_ncm_16998_e6e324b8,4403.95.00,,
__export__.l10n_br_fiscal_ncm_16999_29699e01,4403.95.00,1,
__export__.l10n_br_fiscal_ncm_17000_d6813e02,4403.96.00,,
__export__.l10n_br_fiscal_ncm_17001_6bc0a42d,4403.96.00,1,
__export__.l10n_br_fiscal_ncm_17002_36a161d6,4403.97.00,,
__export__.l10n_br_fiscal_ncm_17003_7ab7c13e,4403.97.00,1,
__export__.l10n_br_fiscal_ncm_17004_c4eaeb8c,4403.98.00,,
__export__.l10n_br_fiscal_ncm_17005_ff72c9f1,4403.98.00,1,
__export__.l10n_br_fiscal_ncm_17006_62a59611,4403.99.00,,
__export__.l10n_br_fiscal_ncm_17007_e36bdd88,4403.99.00,1,
__export__.l10n_br_fiscal_ncm_17008_83aec53e,4404.10.00,,
__export__.l10n_br_fiscal_ncm_17009_c404ad81,4404.20.00,,
__export__.l10n_br_fiscal_ncm_17010_c178a674,4405.00.00,,
__export__.l10n_br_fiscal_ncm_17011_b2408924,4406.11.00,,
__export__.l10n_br_fiscal_ncm_17012_870d47fa,4406.12.00,,
__export__.l10n_br_fiscal_ncm_17013_f5ab7d90,4406.91.00,,
__export__.l10n_br_fiscal_ncm_17014_3212ffab,4406.92.00,,
__export__.l10n_br_fiscal_ncm_17015_cefb3776,4407.11.00,,
__export__.l10n_br_fiscal_ncm_17016_a2a69f1d,4407.12.00,,
__export__.l10n_br_fiscal_ncm_17017_c5bd48c5,4407.13.00,,
__export__.l10n_br_fiscal_ncm_17018_bfab7fdd,4407.14.00,,
__export__.l10n_br_fiscal_ncm_17019_b2af39cb,4407.19.00,,
__export__.l10n_br_fiscal_ncm_17020_a1b1350d,4407.21.00,,
__export__.l10n_br_fiscal_ncm_17021_598ebe8a,4407.22.00,,
__export__.l10n_br_fiscal_ncm_17022_0cd5949a,4407.23.00,,
__export__.l10n_br_fiscal_ncm_17023_605d97cc,4407.25.00,,
__export__.l10n_br_fiscal_ncm_17024_27c409b8,4407.26.00,,
__export__.l10n_br_fiscal_ncm_17025_184df257,4407.27.00,,
__export__.l10n_br_fiscal_ncm_17026_b8be77a7,4407.28.00,,
__export__.l10n_br_fiscal_ncm_17027_53fe52ec,4407.29.10,,
__export__.l10n_br_fiscal_ncm_17028_4157d1b2,4407.29.20,,
__export__.l10n_br_fiscal_ncm_17029_1160ba6b,4407.29.30,,
__export__.l10n_br_fiscal_ncm_17030_69b82794,4407.29.40,,
__export__.l10n_br_fiscal_ncm_17031_3729bf8d,4407.29.50,,
__export__.l10n_br_fiscal_ncm_17032_58d66f89,4407.29.60,,
__export__.l10n_br_fiscal_ncm_17033_2fcc036b,4407.29.70,,
__export__.l10n_br_fiscal_ncm_17034_707f0d76,4407.29.90,,
__export__.l10n_br_fiscal_ncm_17035_5bf0b4bb,4407.91.00,,
__export__.l10n_br_fiscal_ncm_17036_cb34e41e,4407.92.00,,
__export__.l10n_br_fiscal_ncm_17037_1f083ea9,4407.93.00,,
__export__.l10n_br_fiscal_ncm_17038_06f2a680,4407.94.00,,
__export__.l10n_br_fiscal_ncm_17039_90fa96da,4407.95.00,,
__export__.l10n_br_fiscal_ncm_17040_3efa40df,4407.96.00,,
__export__.l10n_br_fiscal_ncm_17041_ce4370d1,4407.97.00,,
__export__.l10n_br_fiscal_ncm_17042_b4ad2f86,4407.99.20,,
__export__.l10n_br_fiscal_ncm_17043_2c80242d,4407.99.30,,
__export__.l10n_br_fiscal_ncm_17044_04f8f0ac,4407.99.60,,
__export__.l10n_br_fiscal_ncm_17045_f1e8a937,4407.99.70,,
__export__.l10n_br_fiscal_ncm_17046_8f8258da,4407.99.90,,
__export__.l10n_br_fiscal_ncm_17047_3f6c4ed2,4408.10.10,,
__export__.l10n_br_fiscal_ncm_17048_d3d28005,4408.10.91,,
__export__.l10n_br_fiscal_ncm_17049_68fab6d1,4408.10.99,,
__export__.l10n_br_fiscal_ncm_17050_1c9ff3f4,4408.31.10,,
__export__.l10n_br_fiscal_ncm_17051_18f06819,4408.31.90,,
__export__.l10n_br_fiscal_ncm_17052_8afc57a6,4408.39.10,,
__export__.l10n_br_fiscal_ncm_17053_c092e804,4408.39.91,,
__export__.l10n_br_fiscal_ncm_17054_722a0088,4408.39.92,,
__export__.l10n_br_fiscal_ncm_17055_7d0df9ae,4408.39.99,,
__export__.l10n_br_fiscal_ncm_17056_a1f0bfca,4408.90.10,,
__export__.l10n_br_fiscal_ncm_17057_3523fabd,4408.90.90,,
__export__.l10n_br_fiscal_ncm_17058_5fb05c27,4409.10.00,,
__export__.l10n_br_fiscal_ncm_17059_a5fee464,4409.21.00,,
__export__.l10n_br_fiscal_ncm_17060_79488c09,4409.22.00,,
__export__.l10n_br_fiscal_ncm_17061_41230f97,4409.29.00,,
__export__.l10n_br_fiscal_ncm_17062_af79e0a3,4410.11.10,,
__export__.l10n_br_fiscal_ncm_17063_048230dc,4410.11.21,,
__export__.l10n_br_fiscal_ncm_17064_0d3f8d18,4410.11.29,,
__export__.l10n_br_fiscal_ncm_17065_63ebc550,4410.11.90,,
__export__.l10n_br_fiscal_ncm_17066_8a2acb6c,4410.12.10,,
__export__.l10n_br_fiscal_ncm_17067_ec580afd,4410.12.90,,
__export__.l10n_br_fiscal_ncm_17068_5386c4eb,4410.19.11,,
__export__.l10n_br_fiscal_ncm_17069_d462d544,4410.19.19,,
__export__.l10n_br_fiscal_ncm_17070_0d22a609,4410.19.91,,
__export__.l10n_br_fiscal_ncm_17071_ba3b8bb8,4410.19.92,,
__export__.l10n_br_fiscal_ncm_17072_8499265a,4410.19.99,,
__export__.l10n_br_fiscal_ncm_17073_ef84e835,4410.90.00,,
__export__.l10n_br_fiscal_ncm_17074_0ba8fa66,4411.12.10,,
__export__.l10n_br_fiscal_ncm_17075_bd7fcb7b,4411.12.90,,
__export__.l10n_br_fiscal_ncm_17076_1d59118f,4411.13.10,,
__export__.l10n_br_fiscal_ncm_17077_eca80bc2,4411.13.91,,
__export__.l10n_br_fiscal_ncm_17078_b15dabfb,4411.13.99,,
__export__.l10n_br_fiscal_ncm_17079_4e730276,4411.14.10,,
__export__.l10n_br_fiscal_ncm_17080_b5967520,4411.14.90,,
__export__.l10n_br_fiscal_ncm_17081_5ad23ddd,4411.92.10,,
__export__.l10n_br_fiscal_ncm_17082_d5e977c1,4411.92.90,,
__export__.l10n_br_fiscal_ncm_17083_202ea9cc,4411.93.10,,
__export__.l10n_br_fiscal_ncm_17084_095455fb,4411.93.90,,
__export__.l10n_br_fiscal_ncm_17085_bf23dd53,4411.94.10,,
__export__.l10n_br_fiscal_ncm_17086_45be149c,4411.94.90,,
__export__.l10n_br_fiscal_ncm_17087_b627cf7e,4412.10.00,,
__export__.l10n_br_fiscal_ncm_17088_7dfb9004,4412.31.00,,
__export__.l10n_br_fiscal_ncm_17089_86fd003d,4412.33.00,,
__export__.l10n_br_fiscal_ncm_17090_8b4686d5,4412.34.00,,
__export__.l10n_br_fiscal_ncm_17091_733b0102,4412.39.00,,
__export__.l10n_br_fiscal_ncm_17092_687022eb,4412.41.00,,
__export__.l10n_br_fiscal_ncm_17093_9b538fd2,4412.42.00,,
__export__.l10n_br_fiscal_ncm_17094_7df49b8c,4412.49.00,,
__export__.l10n_br_fiscal_ncm_17095_0a38f657,4412.51.00,,
__export__.l10n_br_fiscal_ncm_17096_d3e7affe,4412.52.00,,
__export__.l10n_br_fiscal_ncm_17097_46a40a9f,4412.59.00,,
__export__.l10n_br_fiscal_ncm_17098_97fe236d,4412.91.00,,
__export__.l10n_br_fiscal_ncm_17099_1092fa31,4412.92.00,,
__export__.l10n_br_fiscal_ncm_17100_ac6b53f7,4412.99.00,,
__export__.l10n_br_fiscal_ncm_17101_ae354a73,4413.00.00,,
__export__.l10n_br_fiscal_ncm_17102_cfe3b58e,4414.10.00,,
__export__.l10n_br_fiscal_ncm_17103_77c2fa8a,4414.90.00,,
__export__.l10n_br_fiscal_ncm_17104_9fe0b8af,4415.10.00,,
__export__.l10n_br_fiscal_ncm_17105_d4f8f105,4415.20.00,,
__export__.l10n_br_fiscal_ncm_17106_4d8f6819,4416.00.10,,
__export__.l10n_br_fiscal_ncm_17107_b2b10e08,4416.00.90,,
__export__.l10n_br_fiscal_ncm_17108_39e9b19e,4417.00.10,,
__export__.l10n_br_fiscal_ncm_17109_63a5abc7,4417.00.20,,
__export__.l10n_br_fiscal_ncm_17110_fa72be0e,4417.00.90,,
__export__.l10n_br_fiscal_ncm_17111_7e9c0c05,4418.11.00,,
__export__.l10n_br_fiscal_ncm_17112_c145b76e,4418.19.00,,
__export__.l10n_br_fiscal_ncm_17113_7795128f,4418.21.00,,
__export__.l10n_br_fiscal_ncm_17114_ac5219fe,4418.29.00,,
__export__.l10n_br_fiscal_ncm_17115_e5c6ddf6,4418.30.00,,
__export__.l10n_br_fiscal_ncm_17116_514c05b1,4418.40.00,,
__export__.l10n_br_fiscal_ncm_17117_1b4905d3,4418.50.00,,
__export__.l10n_br_fiscal_ncm_17118_e4bf7b0e,4418.73.00,,
__export__.l10n_br_fiscal_ncm_17119_939e8625,4418.74.00,,
__export__.l10n_br_fiscal_ncm_17120_41e5b7a8,4418.75.00,,
__export__.l10n_br_fiscal_ncm_17121_3143bb7c,4418.79.00,,
__export__.l10n_br_fiscal_ncm_17122_42b2b6de,4418.81.00,,
__export__.l10n_br_fiscal_ncm_17123_857b8e20,4418.82.00,,
__export__.l10n_br_fiscal_ncm_17124_d76040ad,4418.83.00,,
__export__.l10n_br_fiscal_ncm_17125_d0ce3b45,4418.89.00,,
__export__.l10n_br_fiscal_ncm_17126_ee9ffae8,4418.91.00,,
__export__.l10n_br_fiscal_ncm_17127_8f8b93e0,4418.92.00,,
__export__.l10n_br_fiscal_ncm_17128_6d2e3839,4418.99.00,,
__export__.l10n_br_fiscal_ncm_17129_06079616,4419.11.00,,
__export__.l10n_br_fiscal_ncm_17130_c36ea399,4419.12.00,,
__export__.l10n_br_fiscal_ncm_17131_67f586f9,4419.19.00,,
__export__.l10n_br_fiscal_ncm_17132_4a825dbe,4419.20.00,,
__export__.l10n_br_fiscal_ncm_17133_a9adfa73,4419.90.00,,
__export__.l10n_br_fiscal_ncm_17134_dea9b18e,4420.11.00,,
__export__.l10n_br_fiscal_ncm_17135_c36fd3f7,4420.19.00,,
__export__.l10n_br_fiscal_ncm_17136_ca1e0c3c,4420.90.00,,
__export__.l10n_br_fiscal_ncm_17137_99e9d53b,4421.10.00,,
__export__.l10n_br_fiscal_ncm_17138_58301421,4421.20.00,,
__export__.l10n_br_fiscal_ncm_17139_7093f785,4421.91.00,,
__export__.l10n_br_fiscal_ncm_17140_5bff0096,4421.99.00,,
__export__.l10n_br_fiscal_ncm_17141_5ef24d6a,4501.10.00,,
__export__.l10n_br_fiscal_ncm_17142_96bf52d0,4501.90.00,,
__export__.l10n_br_fiscal_ncm_17143_d80e2b20,4501.90.00,1,
__export__.l10n_br_fiscal_ncm_17144_21a404ad,4502.00.00,,
__export__.l10n_br_fiscal_ncm_17145_c4ccc445,4503.10.00,,
__export__.l10n_br_fiscal_ncm_17146_558105f5,4503.90.00,,
__export__.l10n_br_fiscal_ncm_17147_b3e4531d,4504.10.00,,
__export__.l10n_br_fiscal_ncm_17148_43400e3c,4504.90.00,,
__export__.l10n_br_fiscal_ncm_17149_31916ed2,4601.21.00,,
__export__.l10n_br_fiscal_ncm_17150_4e343054,4601.22.00,,
__export__.l10n_br_fiscal_ncm_17151_23bc7012,4601.29.00,,
__export__.l10n_br_fiscal_ncm_17152_3ed14cdc,4601.92.00,,
__export__.l10n_br_fiscal_ncm_17153_c2853b22,4601.93.00,,
__export__.l10n_br_fiscal_ncm_17154_7231f483,4601.94.00,,
__export__.l10n_br_fiscal_ncm_17155_b4c9c421,4601.99.00,,
__export__.l10n_br_fiscal_ncm_17156_d65f861a,4602.11.00,,
__export__.l10n_br_fiscal_ncm_17157_9e53056d,4602.12.00,,
__export__.l10n_br_fiscal_ncm_17158_1d3539d2,4602.19.00,,
__export__.l10n_br_fiscal_ncm_17159_14c58121,4602.90.00,,
__export__.l10n_br_fiscal_ncm_17160_d187e278,4701.00.00,,l10n_br_fiscal.tax_classification_200038
__export__.l10n_br_fiscal_ncm_17161_1b7e97e7,4702.00.00,,
__export__.l10n_br_fiscal_ncm_17162_e73ee4e6,4703.11.00,,
__export__.l10n_br_fiscal_ncm_17163_3e526a68,4703.19.00,,
__export__.l10n_br_fiscal_ncm_17164_4a485bf6,4703.21.10,,
__export__.l10n_br_fiscal_ncm_17165_5325142c,4703.21.90,,
__export__.l10n_br_fiscal_ncm_17166_e45dd0c4,4703.29.00,,
__export__.l10n_br_fiscal_ncm_17167_169d4fd3,4704.11.00,,
__export__.l10n_br_fiscal_ncm_17168_595a369c,4704.19.00,,
__export__.l10n_br_fiscal_ncm_17169_17da4f5a,4704.21.00,,
__export__.l10n_br_fiscal_ncm_17170_c84da136,4704.29.00,,
__export__.l10n_br_fiscal_ncm_17171_e34f1076,4705.00.00,,
__export__.l10n_br_fiscal_ncm_17172_154f5187,4706.10.00,,
__export__.l10n_br_fiscal_ncm_17173_1ceb0340,4706.20.00,,
__export__.l10n_br_fiscal_ncm_17174_fc5b24d9,4706.30.00,,
__export__.l10n_br_fiscal_ncm_17175_5bddfd98,4706.91.00,,
__export__.l10n_br_fiscal_ncm_17176_e809b6fb,4706.92.00,,
__export__.l10n_br_fiscal_ncm_17177_7bc187bb,4706.93.00,,
__export__.l10n_br_fiscal_ncm_17178_73df484b,4707.10.00,,
__export__.l10n_br_fiscal_ncm_17179_7c3b3d13,4707.20.00,,
__export__.l10n_br_fiscal_ncm_17180_8cff2e2f,4707.30.00,,
__export__.l10n_br_fiscal_ncm_17181_fed297f7,4707.90.00,,
__export__.l10n_br_fiscal_ncm_17182_02008d99,4801.00.20,,
__export__.l10n_br_fiscal_ncm_17183_74078a3e,4801.00.30,,
__export__.l10n_br_fiscal_ncm_17184_994ab84f,4801.00.30,1,
__export__.l10n_br_fiscal_ncm_17185_5ea4dc73,4801.00.90,,
__export__.l10n_br_fiscal_ncm_17186_b9e10c19,4801.00.90,1,
__export__.l10n_br_fiscal_ncm_17187_63bbdce4,4802.10.00,,
__export__.l10n_br_fiscal_ncm_17188_cc75ebf5,4802.20.10,,
__export__.l10n_br_fiscal_ncm_17189_5bdc8fbb,4802.20.90,,
__export__.l10n_br_fiscal_ncm_17190_a1ba4a0c,4802.40.10,,
__export__.l10n_br_fiscal_ncm_17191_c953e29f,4802.40.90,,
__export__.l10n_br_fiscal_ncm_17192_da0ce68e,4802.54.10,,
__export__.l10n_br_fiscal_ncm_17193_1a36e0ec,4802.54.91,,
__export__.l10n_br_fiscal_ncm_17194_3a84f394,4802.54.99,,
__export__.l10n_br_fiscal_ncm_17195_059451d0,4802.55.10,,
__export__.l10n_br_fiscal_ncm_17196_7dbddb0e,4802.55.91,,
__export__.l10n_br_fiscal_ncm_17197_f05961a8,4802.55.92,,
__export__.l10n_br_fiscal_ncm_17198_4bb014b4,4802.55.99,,
__export__.l10n_br_fiscal_ncm_17199_d03b3c69,4802.56.10,,
__export__.l10n_br_fiscal_ncm_17200_8aae20fa,4802.56.91,,
__export__.l10n_br_fiscal_ncm_17201_70dcd5e4,4802.56.92,,
__export__.l10n_br_fiscal_ncm_17202_5f47bcc9,4802.56.93,,
__export__.l10n_br_fiscal_ncm_17203_71b7d485,4802.56.99,,
__export__.l10n_br_fiscal_ncm_17204_b1a93453,4802.57.10,,
__export__.l10n_br_fiscal_ncm_17205_7e299f0c,4802.57.91,,
__export__.l10n_br_fiscal_ncm_17206_1e8b7489,4802.57.92,,
__export__.l10n_br_fiscal_ncm_17207_5dfcfb23,4802.57.93,,
__export__.l10n_br_fiscal_ncm_17208_6a96d542,4802.57.99,,
__export__.l10n_br_fiscal_ncm_17209_3a1b9775,4802.58.10,,
__export__.l10n_br_fiscal_ncm_17210_80c32dcb,4802.58.91,,
__export__.l10n_br_fiscal_ncm_17211_ac0692e9,4802.58.92,,
__export__.l10n_br_fiscal_ncm_17212_85f4103e,4802.58.99,,
__export__.l10n_br_fiscal_ncm_17213_a8971d8f,4802.61.10,,
__export__.l10n_br_fiscal_ncm_17214_3dd5392f,4802.61.91,,
__export__.l10n_br_fiscal_ncm_17215_22b6f1f6,4802.61.92,,
__export__.l10n_br_fiscal_ncm_17216_ab8bdd68,4802.61.99,,
__export__.l10n_br_fiscal_ncm_17217_eb38d847,4802.62.10,,
__export__.l10n_br_fiscal_ncm_17218_43fed79a,4802.62.91,,
__export__.l10n_br_fiscal_ncm_17219_bcb2f8a7,4802.62.92,,
__export__.l10n_br_fiscal_ncm_17220_3e937857,4802.62.99,,
__export__.l10n_br_fiscal_ncm_17221_61731eac,4802.69.10,,
__export__.l10n_br_fiscal_ncm_17222_64892253,4802.69.91,,
__export__.l10n_br_fiscal_ncm_17223_8dda198a,4802.69.92,,
__export__.l10n_br_fiscal_ncm_17224_abbe30b4,4802.69.99,,
__export__.l10n_br_fiscal_ncm_17225_6c7c0a6b,4803.00.10,,
__export__.l10n_br_fiscal_ncm_17226_219871ee,4803.00.90,,
__export__.l10n_br_fiscal_ncm_17227_4e869fbc,4804.11.00,,
__export__.l10n_br_fiscal_ncm_17228_565e2828,4804.19.00,,
__export__.l10n_br_fiscal_ncm_17229_e861f32e,4804.21.00,,
__export__.l10n_br_fiscal_ncm_17230_57579b3a,4804.29.00,,
__export__.l10n_br_fiscal_ncm_17231_c4d61906,4804.31.10,,
__export__.l10n_br_fiscal_ncm_17232_f0eef9de,4804.31.90,,
__export__.l10n_br_fiscal_ncm_17233_636d6125,4804.39.10,,
__export__.l10n_br_fiscal_ncm_17234_167f43f2,4804.39.90,,
__export__.l10n_br_fiscal_ncm_17235_1eb608c2,4804.41.00,,
__export__.l10n_br_fiscal_ncm_17236_389b7d6a,4804.42.00,,
__export__.l10n_br_fiscal_ncm_17237_4e2c728f,4804.49.00,,
__export__.l10n_br_fiscal_ncm_17238_4ff7952e,4804.51.00,,
__export__.l10n_br_fiscal_ncm_17239_8cacf831,4804.52.00,,
__export__.l10n_br_fiscal_ncm_17240_04105594,4804.59.10,,
__export__.l10n_br_fiscal_ncm_17241_23b5fbf1,4804.59.90,,
__export__.l10n_br_fiscal_ncm_17242_bbe2d554,4805.11.00,,
__export__.l10n_br_fiscal_ncm_17243_43c71e96,4805.12.00,,
__export__.l10n_br_fiscal_ncm_17244_5274b1df,4805.19.00,,
__export__.l10n_br_fiscal_ncm_17245_e81f5f77,4805.24.00,,
__export__.l10n_br_fiscal_ncm_17246_d781519a,4805.25.00,,
__export__.l10n_br_fiscal_ncm_17247_93df78f5,4805.30.00,,
__export__.l10n_br_fiscal_ncm_17248_f1c9a222,4805.40.10,,
__export__.l10n_br_fiscal_ncm_17249_32f4bd01,4805.40.90,,
__export__.l10n_br_fiscal_ncm_17250_f6b640e6,4805.50.00,,
__export__.l10n_br_fiscal_ncm_17251_a145f6b1,4805.91.00,,
__export__.l10n_br_fiscal_ncm_17252_a58a2596,4805.92.10,,
__export__.l10n_br_fiscal_ncm_17253_f0f83773,4805.92.90,,
__export__.l10n_br_fiscal_ncm_17254_9c11a883,4805.93.00,,
__export__.l10n_br_fiscal_ncm_17255_f818b812,4806.10.00,,
__export__.l10n_br_fiscal_ncm_17256_b2663dcb,4806.20.00,,
__export__.l10n_br_fiscal_ncm_17257_46504339,4806.30.00,,
__export__.l10n_br_fiscal_ncm_17258_0dba3370,4806.40.00,,
__export__.l10n_br_fiscal_ncm_17259_1ab554d1,4807.00.00,,
__export__.l10n_br_fiscal_ncm_17260_7d31732f,4808.10.00,,
__export__.l10n_br_fiscal_ncm_17261_d31b7814,4808.40.00,,
__export__.l10n_br_fiscal_ncm_17262_f86615fe,4808.90.00,,
__export__.l10n_br_fiscal_ncm_17263_5ab2de54,4809.20.00,,
__export__.l10n_br_fiscal_ncm_17264_fabce33b,4809.90.00,,
__export__.l10n_br_fiscal_ncm_17265_e7f5308d,4810.13.10,,
__export__.l10n_br_fiscal_ncm_17266_5e7fd464,4810.13.81,,
__export__.l10n_br_fiscal_ncm_17267_50ad6e07,4810.13.82,,
__export__.l10n_br_fiscal_ncm_17268_45bc3dc4,4810.13.89,,
__export__.l10n_br_fiscal_ncm_17269_bbe3c843,4810.13.91,,
__export__.l10n_br_fiscal_ncm_17270_39ccfae1,4810.13.99,,
__export__.l10n_br_fiscal_ncm_17271_23d2de34,4810.14.10,,
__export__.l10n_br_fiscal_ncm_17272_93d46b2c,4810.14.81,,
__export__.l10n_br_fiscal_ncm_17273_8599c1ce,4810.14.82,,
__export__.l10n_br_fiscal_ncm_17274_a72d034f,4810.14.89,,
__export__.l10n_br_fiscal_ncm_17275_804f95a0,4810.14.90,,
__export__.l10n_br_fiscal_ncm_17276_5fc55317,4810.19.10,,
__export__.l10n_br_fiscal_ncm_17277_bae95111,4810.19.81,,
__export__.l10n_br_fiscal_ncm_17278_ee9c858f,4810.19.82,,
__export__.l10n_br_fiscal_ncm_17279_0dceef9a,4810.19.89,,
__export__.l10n_br_fiscal_ncm_17280_0c4dfc93,4810.19.91,,
__export__.l10n_br_fiscal_ncm_17281_f519bdc0,4810.19.99,,
__export__.l10n_br_fiscal_ncm_17282_f812f770,4810.22.10,,
__export__.l10n_br_fiscal_ncm_17283_3132c824,4810.22.90,,
__export__.l10n_br_fiscal_ncm_17284_b2704329,4810.29.10,,
__export__.l10n_br_fiscal_ncm_17285_cfac0803,4810.29.90,,
__export__.l10n_br_fiscal_ncm_17286_34e49fb4,4810.31.10,,
__export__.l10n_br_fiscal_ncm_17287_f1697750,4810.31.90,,
__export__.l10n_br_fiscal_ncm_17288_d743c31f,4810.32.10,,
__export__.l10n_br_fiscal_ncm_17289_4642a0a8,4810.32.90,,
__export__.l10n_br_fiscal_ncm_17290_a4afd6aa,4810.39.10,,
__export__.l10n_br_fiscal_ncm_17291_1a917566,4810.39.90,,
__export__.l10n_br_fiscal_ncm_17292_d3d2be52,4810.92.10,,
__export__.l10n_br_fiscal_ncm_17293_5c2b837b,4810.92.90,,
__export__.l10n_br_fiscal_ncm_17294_9775dbb8,4810.99.10,,
__export__.l10n_br_fiscal_ncm_17295_0c368813,4810.99.90,,
__export__.l10n_br_fiscal_ncm_17296_12249c4d,4811.10.10,,
__export__.l10n_br_fiscal_ncm_17297_f5a353e7,4811.10.90,,
__export__.l10n_br_fiscal_ncm_17298_ff46e422,4811.41.10,,
__export__.l10n_br_fiscal_ncm_17299_4b7710d8,4811.41.90,,
__export__.l10n_br_fiscal_ncm_17300_f14602a4,4811.49.10,,
__export__.l10n_br_fiscal_ncm_17301_e28bc82a,4811.49.90,,
__export__.l10n_br_fiscal_ncm_17302_a175a31f,4811.51.10,,
__export__.l10n_br_fiscal_ncm_17303_70ffaea4,4811.51.21,,
__export__.l10n_br_fiscal_ncm_17304_10670181,4811.51.22,,
__export__.l10n_br_fiscal_ncm_17305_7d3e1064,4811.51.23,,
__export__.l10n_br_fiscal_ncm_17306_ef09c23c,4811.51.28,,
__export__.l10n_br_fiscal_ncm_17307_26f61ded,4811.51.29,,
__export__.l10n_br_fiscal_ncm_17308_2f6f643f,4811.51.30,,
__export__.l10n_br_fiscal_ncm_17309_6f1d0f41,4811.59.10,,
__export__.l10n_br_fiscal_ncm_17310_1785b919,4811.59.21,,
__export__.l10n_br_fiscal_ncm_17311_297bc54a,4811.59.22,,
__export__.l10n_br_fiscal_ncm_17312_0070bfa5,4811.59.23,,
__export__.l10n_br_fiscal_ncm_17313_b0b97512,4811.59.29,,
__export__.l10n_br_fiscal_ncm_17314_f331cb27,4811.59.30,,
__export__.l10n_br_fiscal_ncm_17315_c2d204b5,4811.60.10,,
__export__.l10n_br_fiscal_ncm_17316_a10a4bee,4811.60.90,,
__export__.l10n_br_fiscal_ncm_17317_9d1c81bb,4811.90.10,,
__export__.l10n_br_fiscal_ncm_17318_66ab9e6f,4811.90.90,,
__export__.l10n_br_fiscal_ncm_17319_ec8df48b,4812.00.00,,
__export__.l10n_br_fiscal_ncm_17320_0d63c153,4813.10.00,,
__export__.l10n_br_fiscal_ncm_17321_438b7125,4813.20.00,,
__export__.l10n_br_fiscal_ncm_17322_472ad1b4,4813.90.00,,
__export__.l10n_br_fiscal_ncm_17323_308d47e7,4814.20.00,,
__export__.l10n_br_fiscal_ncm_17324_22b87919,4814.90.00,,
__export__.l10n_br_fiscal_ncm_17325_d1ba65f2,4816.20.00,,
__export__.l10n_br_fiscal_ncm_17326_5bd29115,4816.90.10,,
__export__.l10n_br_fiscal_ncm_17327_9a03fa83,4816.90.90,,
__export__.l10n_br_fiscal_ncm_17328_34b070c2,4817.10.00,,
__export__.l10n_br_fiscal_ncm_17329_ca9ec703,4817.20.00,,
__export__.l10n_br_fiscal_ncm_17330_8d5d33d2,4817.30.00,,
__export__.l10n_br_fiscal_ncm_17331_2bdec67f,4818.10.00,,l10n_br_fiscal.tax_classification_200035
__export__.l10n_br_fiscal_ncm_17332_ddad290e,4818.20.00,,
__export__.l10n_br_fiscal_ncm_17333_999f9bb4,4818.30.00,,
__export__.l10n_br_fiscal_ncm_17334_e4d11238,4818.50.00,,
__export__.l10n_br_fiscal_ncm_17335_f51b8722,4818.90.10,,
__export__.l10n_br_fiscal_ncm_17336_219fa7ee,4818.90.90,,
__export__.l10n_br_fiscal_ncm_17337_c36c88f9,4819.10.00,,
__export__.l10n_br_fiscal_ncm_17338_3ec33566,4819.20.00,,
__export__.l10n_br_fiscal_ncm_17339_b992a36b,4819.30.00,,
__export__.l10n_br_fiscal_ncm_17340_df459d2e,4819.40.00,,
__export__.l10n_br_fiscal_ncm_17341_0b67f8d6,4819.50.00,,
__export__.l10n_br_fiscal_ncm_17342_e4c34bb3,4819.60.00,,
__export__.l10n_br_fiscal_ncm_17343_0bf02d0d,4820.10.00,,
__export__.l10n_br_fiscal_ncm_17344_c8a065c8,4820.20.00,,
__export__.l10n_br_fiscal_ncm_17345_83eef85c,4820.30.00,,
__export__.l10n_br_fiscal_ncm_17346_526a2f05,4820.40.00,,
__export__.l10n_br_fiscal_ncm_17347_6cb36a17,4820.50.00,,
__export__.l10n_br_fiscal_ncm_17348_ba6c4ab0,4820.90.00,,
__export__.l10n_br_fiscal_ncm_17349_ddb69854,4821.10.00,,
__export__.l10n_br_fiscal_ncm_17350_e09bec65,4821.90.00,,
__export__.l10n_br_fiscal_ncm_17351_b3a7b9f8,4822.10.00,,
__export__.l10n_br_fiscal_ncm_17352_6600ce53,4822.90.00,,
__export__.l10n_br_fiscal_ncm_17353_f47ac0da,4823.20.10,,
__export__.l10n_br_fiscal_ncm_17354_88c90888,4823.20.91,,
__export__.l10n_br_fiscal_ncm_17355_95084897,4823.20.99,,
__export__.l10n_br_fiscal_ncm_17356_fe25f260,4823.40.00,,
__export__.l10n_br_fiscal_ncm_17357_3b1ec946,4823.61.00,,
__export__.l10n_br_fiscal_ncm_17358_d17301a2,4823.69.00,,
__export__.l10n_br_fiscal_ncm_17359_06302716,4823.70.00,,
__export__.l10n_br_fiscal_ncm_17360_e96931cd,4823.90.10,,
__export__.l10n_br_fiscal_ncm_17361_faaec54d,4823.90.20,,
__export__.l10n_br_fiscal_ncm_17362_0a3eab17,4823.90.91,,
__export__.l10n_br_fiscal_ncm_17363_ce3731d6,4823.90.99,,
__export__.l10n_br_fiscal_ncm_17364_2b5534a8,4901.10.00,,
__export__.l10n_br_fiscal_ncm_17365_92652947,4901.91.00,,
__export__.l10n_br_fiscal_ncm_17366_eaab6cc8,4901.99.00,,
__export__.l10n_br_fiscal_ncm_17368_f1224785,4902.10.00,1,
__export__.l10n_br_fiscal_ncm_17367_a8b12c3f,4902.10.00,,
__export__.l10n_br_fiscal_ncm_17369_74e41a6f,4902.90.00,,
__export__.l10n_br_fiscal_ncm_17370_1f4663d7,4902.90.00,1,
__export__.l10n_br_fiscal_ncm_17371_c618f41d,4903.00.00,,
__export__.l10n_br_fiscal_ncm_17372_564e049a,4904.00.00,,
__export__.l10n_br_fiscal_ncm_17373_12b7b41a,4905.20.00,,
__export__.l10n_br_fiscal_ncm_17374_530a5522,4905.90.00,,
__export__.l10n_br_fiscal_ncm_17375_fd37eb44,4906.00.00,,
__export__.l10n_br_fiscal_ncm_17376_8213aa08,4907.00.10,,
__export__.l10n_br_fiscal_ncm_17377_fd455ed3,4907.00.20,,
__export__.l10n_br_fiscal_ncm_17378_a8389ffb,4907.00.30,,
__export__.l10n_br_fiscal_ncm_17379_a5fabfe1,4907.00.90,,
__export__.l10n_br_fiscal_ncm_17380_74ce9305,4908.10.00,,
__export__.l10n_br_fiscal_ncm_17381_85926cb1,4908.90.00,,
__export__.l10n_br_fiscal_ncm_17382_2d03cd52,4909.00.00,,
__export__.l10n_br_fiscal_ncm_17383_b97c291b,4910.00.00,,
__export__.l10n_br_fiscal_ncm_17384_cbfafc34,4911.10.10,,
__export__.l10n_br_fiscal_ncm_17385_b22b65a3,4911.10.90,,
__export__.l10n_br_fiscal_ncm_17386_6ca7b343,4911.91.00,,l10n_br_fiscal.tax_classification_200039
__export__.l10n_br_fiscal_ncm_17387_b9fef6ea,4911.91.00,1,l10n_br_fiscal.tax_classification_200039
__export__.l10n_br_fiscal_ncm_17389_d13c7772,4911.99.00,1,
__export__.l10n_br_fiscal_ncm_17388_908abd30,4911.99.00,,
__export__.l10n_br_fiscal_ncm_17390_2723759c,5001.00.00,,
__export__.l10n_br_fiscal_ncm_17391_441b02c7,5002.00.00,,
__export__.l10n_br_fiscal_ncm_17392_1d6bea28,5003.00.10,,
__export__.l10n_br_fiscal_ncm_17393_99b39478,5003.00.90,,
__export__.l10n_br_fiscal_ncm_17394_3d658770,5004.00.00,,
__export__.l10n_br_fiscal_ncm_17395_e8009a1b,5005.00.00,,
__export__.l10n_br_fiscal_ncm_17396_fd70ae3a,5006.00.00,,
__export__.l10n_br_fiscal_ncm_17397_437a7161,5007.10.10,,
__export__.l10n_br_fiscal_ncm_17398_8f9b2789,5007.10.90,,
__export__.l10n_br_fiscal_ncm_17399_6a33c74c,5007.20.10,,
__export__.l10n_br_fiscal_ncm_17400_807230f5,5007.20.90,,
__export__.l10n_br_fiscal_ncm_17401_6ae9e714,5007.90.00,,
__export__.l10n_br_fiscal_ncm_17402_d7b54e14,5101.11.10,,
__export__.l10n_br_fiscal_ncm_17403_c59a7b54,5101.11.90,,
__export__.l10n_br_fiscal_ncm_17404_bbbe3942,5101.19.00,,
__export__.l10n_br_fiscal_ncm_17405_2574ba7a,5101.21.00,,
__export__.l10n_br_fiscal_ncm_17406_f8268e0f,5101.29.00,,
__export__.l10n_br_fiscal_ncm_17407_51eb03ad,5101.30.00,,
__export__.l10n_br_fiscal_ncm_17408_5d54e810,5102.11.00,,
__export__.l10n_br_fiscal_ncm_17409_f587286c,5102.19.00,,
__export__.l10n_br_fiscal_ncm_17410_fa4a6be3,5102.20.00,,
__export__.l10n_br_fiscal_ncm_17411_998f5687,5103.10.00,,
__export__.l10n_br_fiscal_ncm_17412_40d4ebd2,5103.20.00,,
__export__.l10n_br_fiscal_ncm_17413_b08200bb,5103.30.00,,
__export__.l10n_br_fiscal_ncm_17414_6ee831d4,5104.00.00,,
__export__.l10n_br_fiscal_ncm_17415_d71b0d31,5105.10.00,,
__export__.l10n_br_fiscal_ncm_17416_77915ebe,5105.21.00,,
__export__.l10n_br_fiscal_ncm_17417_01c75b7f,5105.29.10,,
__export__.l10n_br_fiscal_ncm_17418_8c5f228f,5105.29.91,,
__export__.l10n_br_fiscal_ncm_17419_11232f6a,5105.29.99,,
__export__.l10n_br_fiscal_ncm_17420_bbcc36d3,5105.31.00,,
__export__.l10n_br_fiscal_ncm_17421_f1876774,5105.39.00,,
__export__.l10n_br_fiscal_ncm_17422_ddc12fba,5105.40.00,,
__export__.l10n_br_fiscal_ncm_17423_7ee4300e,5106.10.00,,
__export__.l10n_br_fiscal_ncm_17424_4e7dfe8f,5106.20.00,,
__export__.l10n_br_fiscal_ncm_17425_86f0fa5a,5107.10.11,,
__export__.l10n_br_fiscal_ncm_17426_b871d2b0,5107.10.19,,
__export__.l10n_br_fiscal_ncm_17427_c04ad056,5107.10.90,,
__export__.l10n_br_fiscal_ncm_17428_d3b600b2,5107.20.00,,
__export__.l10n_br_fiscal_ncm_17429_cc01329e,5108.10.00,,
__export__.l10n_br_fiscal_ncm_17430_13dc8648,5108.20.00,,
__export__.l10n_br_fiscal_ncm_17431_67ff9eaa,5109.10.00,,
__export__.l10n_br_fiscal_ncm_17432_6a62fbd3,5109.90.00,,
__export__.l10n_br_fiscal_ncm_17433_b078e0d3,5110.00.00,,
__export__.l10n_br_fiscal_ncm_17434_4329cfd5,5111.11.10,,
__export__.l10n_br_fiscal_ncm_17435_5b240c68,5111.11.20,,
__export__.l10n_br_fiscal_ncm_17436_ccea243c,5111.19.00,,
__export__.l10n_br_fiscal_ncm_17437_d367da9e,5111.20.00,,
__export__.l10n_br_fiscal_ncm_17438_1bca0ce1,5111.30.10,,
__export__.l10n_br_fiscal_ncm_17439_4c3cfd47,5111.30.90,,
__export__.l10n_br_fiscal_ncm_17440_eba0499b,5111.90.00,,
__export__.l10n_br_fiscal_ncm_17441_1cf1daf8,5112.11.00,,
__export__.l10n_br_fiscal_ncm_17442_e1f532d2,5112.19.10,,
__export__.l10n_br_fiscal_ncm_17443_6f6b5762,5112.19.20,,
__export__.l10n_br_fiscal_ncm_17444_da293fb6,5112.20.10,,
__export__.l10n_br_fiscal_ncm_17445_8d29a8a0,5112.20.20,,
__export__.l10n_br_fiscal_ncm_17446_ffbef692,5112.30.10,,
__export__.l10n_br_fiscal_ncm_17447_460e10b7,5112.30.20,,
__export__.l10n_br_fiscal_ncm_17448_eb92807e,5112.90.00,,
__export__.l10n_br_fiscal_ncm_17449_42149496,5113.00.11,,
__export__.l10n_br_fiscal_ncm_17450_b85bfeba,5113.00.12,,
__export__.l10n_br_fiscal_ncm_17451_dfa6b1b9,5113.00.13,,
__export__.l10n_br_fiscal_ncm_17452_f9d5fe8c,5113.00.20,,
__export__.l10n_br_fiscal_ncm_17453_710cb4a9,5201.00.10,,
__export__.l10n_br_fiscal_ncm_17454_6f183539,5201.00.20,,
__export__.l10n_br_fiscal_ncm_17455_a1571c17,5201.00.90,,
__export__.l10n_br_fiscal_ncm_17456_5a57d6de,5202.10.00,,
__export__.l10n_br_fiscal_ncm_17457_ee7e2b2f,5202.91.00,,
__export__.l10n_br_fiscal_ncm_17458_66cfe017,5202.99.00,,
__export__.l10n_br_fiscal_ncm_17459_fae79f49,5203.00.00,,
__export__.l10n_br_fiscal_ncm_17460_b58241dd,5204.11.11,,
__export__.l10n_br_fiscal_ncm_17461_3e25b5e2,5204.11.12,,
__export__.l10n_br_fiscal_ncm_17462_616e0dea,5204.11.20,,
__export__.l10n_br_fiscal_ncm_17463_a18ae56a,5204.11.31,,
__export__.l10n_br_fiscal_ncm_17464_12e99302,5204.11.32,,
__export__.l10n_br_fiscal_ncm_17465_31cd0bdd,5204.11.40,,
__export__.l10n_br_fiscal_ncm_17466_79b812b5,5204.19.11,,
__export__.l10n_br_fiscal_ncm_17467_f3407d53,5204.19.12,,
__export__.l10n_br_fiscal_ncm_17468_54fd07e4,5204.19.20,,
__export__.l10n_br_fiscal_ncm_17469_5ee53652,5204.19.31,,
__export__.l10n_br_fiscal_ncm_17470_6ae7d262,5204.19.32,,
__export__.l10n_br_fiscal_ncm_17471_64f4902d,5204.19.40,,
__export__.l10n_br_fiscal_ncm_17472_b44e68d8,5204.20.00,,
__export__.l10n_br_fiscal_ncm_17473_6583c95e,5205.11.00,,
__export__.l10n_br_fiscal_ncm_17474_3b3d439c,5205.12.00,,
__export__.l10n_br_fiscal_ncm_17475_86de7829,5205.13.10,,
__export__.l10n_br_fiscal_ncm_17476_214355f2,5205.13.90,,
__export__.l10n_br_fiscal_ncm_17477_5daf2389,5205.14.00,,
__export__.l10n_br_fiscal_ncm_17478_671cdc18,5205.15.00,,
__export__.l10n_br_fiscal_ncm_17479_c5098b1d,5205.21.00,,
__export__.l10n_br_fiscal_ncm_17480_e06c75f9,5205.22.00,,
__export__.l10n_br_fiscal_ncm_17481_fbab4862,5205.23.10,,
__export__.l10n_br_fiscal_ncm_17482_54c5d6a6,5205.23.90,,
__export__.l10n_br_fiscal_ncm_17483_f6088fbf,5205.24.00,,
__export__.l10n_br_fiscal_ncm_17484_e475eca8,5205.26.00,,
__export__.l10n_br_fiscal_ncm_17485_5597f36b,5205.27.00,,
__export__.l10n_br_fiscal_ncm_17486_4d18cb82,5205.28.00,,
__export__.l10n_br_fiscal_ncm_17487_a76b3225,5205.31.00,,
__export__.l10n_br_fiscal_ncm_17488_b3e441bf,5205.32.00,,
__export__.l10n_br_fiscal_ncm_17489_ac0a0640,5205.33.00,,
__export__.l10n_br_fiscal_ncm_17490_6780fd49,5205.34.00,,
__export__.l10n_br_fiscal_ncm_17491_169978e9,5205.35.00,,
__export__.l10n_br_fiscal_ncm_17492_880bb942,5205.41.00,,
__export__.l10n_br_fiscal_ncm_17493_dde8fe09,5205.42.00,,
__export__.l10n_br_fiscal_ncm_17494_c10b34f4,5205.43.00,,
__export__.l10n_br_fiscal_ncm_17495_85123d0c,5205.44.00,,
__export__.l10n_br_fiscal_ncm_17496_02b527ff,5205.46.00,,
__export__.l10n_br_fiscal_ncm_17497_799a98a8,5205.47.00,,
__export__.l10n_br_fiscal_ncm_17498_11dfdbae,5205.48.00,,
__export__.l10n_br_fiscal_ncm_17499_00d03106,5206.11.00,,
__export__.l10n_br_fiscal_ncm_17500_4f230ddf,5206.12.00,,
__export__.l10n_br_fiscal_ncm_17501_7d68e80b,5206.13.00,,
__export__.l10n_br_fiscal_ncm_17502_fd82e86e,5206.14.00,,
__export__.l10n_br_fiscal_ncm_17503_f28c0dfd,5206.15.00,,
__export__.l10n_br_fiscal_ncm_17504_3cf3b215,5206.21.00,,
__export__.l10n_br_fiscal_ncm_17505_ba0b4006,5206.22.00,,
__export__.l10n_br_fiscal_ncm_17506_6e80c83c,5206.23.00,,
__export__.l10n_br_fiscal_ncm_17507_b7b23d3c,5206.24.00,,
__export__.l10n_br_fiscal_ncm_17508_1a632758,5206.25.00,,
__export__.l10n_br_fiscal_ncm_17509_d2770ef9,5206.31.00,,
__export__.l10n_br_fiscal_ncm_17510_3c2dd2ea,5206.32.00,,
__export__.l10n_br_fiscal_ncm_17511_a4790913,5206.33.00,,
__export__.l10n_br_fiscal_ncm_17512_9943fbad,5206.34.00,,
__export__.l10n_br_fiscal_ncm_17513_51e73d6f,5206.35.00,,
__export__.l10n_br_fiscal_ncm_17514_f9ca32e8,5206.41.00,,
__export__.l10n_br_fiscal_ncm_17515_78fe8be8,5206.42.00,,
__export__.l10n_br_fiscal_ncm_17516_ad6a8729,5206.43.00,,
__export__.l10n_br_fiscal_ncm_17517_0318b885,5206.44.00,,
__export__.l10n_br_fiscal_ncm_17518_c9e07944,5206.45.00,,
__export__.l10n_br_fiscal_ncm_17519_72b571e4,5207.10.00,,
__export__.l10n_br_fiscal_ncm_17520_566a7fc2,5207.90.00,,
__export__.l10n_br_fiscal_ncm_17521_3de8f30a,5208.11.00,,
__export__.l10n_br_fiscal_ncm_17522_2e20a62b,5208.12.00,,
__export__.l10n_br_fiscal_ncm_17523_3942468b,5208.13.00,,
__export__.l10n_br_fiscal_ncm_17524_e23dc3b2,5208.19.00,,
__export__.l10n_br_fiscal_ncm_17525_1ad2aed7,5208.21.00,,
__export__.l10n_br_fiscal_ncm_17526_c8114cec,5208.22.00,,
__export__.l10n_br_fiscal_ncm_17527_d72b6880,5208.23.00,,
__export__.l10n_br_fiscal_ncm_17528_10c9f799,5208.29.00,,
__export__.l10n_br_fiscal_ncm_17529_74c50f59,5208.31.00,,
__export__.l10n_br_fiscal_ncm_17530_9389b7e7,5208.32.00,,
__export__.l10n_br_fiscal_ncm_17531_61dc1e92,5208.33.00,,
__export__.l10n_br_fiscal_ncm_17532_bc2cd4d8,5208.39.00,,
__export__.l10n_br_fiscal_ncm_17533_55b43277,5208.41.00,,
__export__.l10n_br_fiscal_ncm_17534_af92ef58,5208.42.00,,
__export__.l10n_br_fiscal_ncm_17535_3baf8ee9,5208.43.00,,
__export__.l10n_br_fiscal_ncm_17536_91c20370,5208.49.00,,
__export__.l10n_br_fiscal_ncm_17537_08349335,5208.51.00,,
__export__.l10n_br_fiscal_ncm_17538_40752914,5208.52.00,,
__export__.l10n_br_fiscal_ncm_17539_1df2510b,5208.59.10,,
__export__.l10n_br_fiscal_ncm_17540_5616f37c,5208.59.90,,
__export__.l10n_br_fiscal_ncm_17541_af15881d,5209.11.00,,
__export__.l10n_br_fiscal_ncm_17542_9c2dfd4a,5209.12.00,,
__export__.l10n_br_fiscal_ncm_17543_276c8423,5209.19.00,,
__export__.l10n_br_fiscal_ncm_17544_eb6ccbb4,5209.21.00,,
__export__.l10n_br_fiscal_ncm_17545_94d147d6,5209.22.00,,
__export__.l10n_br_fiscal_ncm_17546_9af0c9f2,5209.29.00,,
__export__.l10n_br_fiscal_ncm_17547_7d3c2aa8,5209.31.00,,
__export__.l10n_br_fiscal_ncm_17548_3669b1ec,5209.32.00,,
__export__.l10n_br_fiscal_ncm_17549_73cbe39e,5209.39.00,,
__export__.l10n_br_fiscal_ncm_17550_14864b94,5209.41.00,,
__export__.l10n_br_fiscal_ncm_17551_57dcdbf1,5209.42.10,,
__export__.l10n_br_fiscal_ncm_17552_0798a781,5209.42.90,,
__export__.l10n_br_fiscal_ncm_17553_1286d1ef,5209.43.00,,
__export__.l10n_br_fiscal_ncm_17554_f215755b,5209.49.00,,
__export__.l10n_br_fiscal_ncm_17555_3c7e3387,5209.51.00,,
__export__.l10n_br_fiscal_ncm_17556_eb72d7b6,5209.52.00,,
__export__.l10n_br_fiscal_ncm_17557_ee393838,5209.59.00,,
__export__.l10n_br_fiscal_ncm_17558_1ea428d5,5210.11.00,,
__export__.l10n_br_fiscal_ncm_17559_51384565,5210.19.10,,
__export__.l10n_br_fiscal_ncm_17560_317661e1,5210.19.90,,
__export__.l10n_br_fiscal_ncm_17561_ec16c91e,5210.21.00,,
__export__.l10n_br_fiscal_ncm_17562_a21b06f0,5210.29.10,,
__export__.l10n_br_fiscal_ncm_17563_451731c0,5210.29.90,,
__export__.l10n_br_fiscal_ncm_17564_e4b8ef82,5210.31.00,,
__export__.l10n_br_fiscal_ncm_17565_fe58ad83,5210.32.00,,
__export__.l10n_br_fiscal_ncm_17566_1ac40665,5210.39.00,,
__export__.l10n_br_fiscal_ncm_17567_89064aaa,5210.41.00,,
__export__.l10n_br_fiscal_ncm_17568_09b0f5d6,5210.49.10,,
__export__.l10n_br_fiscal_ncm_17569_0cd45ec4,5210.49.90,,
__export__.l10n_br_fiscal_ncm_17570_77c7bc61,5210.51.00,,
__export__.l10n_br_fiscal_ncm_17571_98cd3e3c,5210.59.10,,
__export__.l10n_br_fiscal_ncm_17572_6534df31,5210.59.90,,
__export__.l10n_br_fiscal_ncm_17573_912e284e,5211.11.00,,
__export__.l10n_br_fiscal_ncm_17574_388a93e4,5211.12.00,,
__export__.l10n_br_fiscal_ncm_17575_73354d8d,5211.19.00,,
__export__.l10n_br_fiscal_ncm_17576_25ccd070,5211.20.10,,
__export__.l10n_br_fiscal_ncm_17577_49e64656,5211.20.20,,
__export__.l10n_br_fiscal_ncm_17578_81ceb83b,5211.20.90,,
__export__.l10n_br_fiscal_ncm_17579_72d81826,5211.31.00,,
__export__.l10n_br_fiscal_ncm_17580_a1a2b1a6,5211.32.00,,
__export__.l10n_br_fiscal_ncm_17581_74de9eaa,5211.39.00,,
__export__.l10n_br_fiscal_ncm_17582_b2c3142d,5211.41.00,,
__export__.l10n_br_fiscal_ncm_17583_e8b8cddf,5211.42.10,,
__export__.l10n_br_fiscal_ncm_17584_d52a3b69,5211.42.90,,
__export__.l10n_br_fiscal_ncm_17585_8072be69,5211.43.00,,
__export__.l10n_br_fiscal_ncm_17586_3b103921,5211.49.00,,
__export__.l10n_br_fiscal_ncm_17587_f779c5b0,5211.51.00,,
__export__.l10n_br_fiscal_ncm_17588_d891c21d,5211.52.00,,
__export__.l10n_br_fiscal_ncm_17589_6c3fb8d9,5211.59.00,,
__export__.l10n_br_fiscal_ncm_17590_af0579fc,5212.11.00,,
__export__.l10n_br_fiscal_ncm_17591_a506e5af,5212.12.00,,
__export__.l10n_br_fiscal_ncm_17592_dab5fefe,5212.13.00,,
__export__.l10n_br_fiscal_ncm_17593_3c89ec54,5212.14.00,,
__export__.l10n_br_fiscal_ncm_17594_a3ea27cc,5212.15.00,,
__export__.l10n_br_fiscal_ncm_17595_90569f6c,5212.21.00,,
__export__.l10n_br_fiscal_ncm_17596_4e04ebb6,5212.22.00,,
__export__.l10n_br_fiscal_ncm_17597_c33ca8b3,5212.23.00,,
__export__.l10n_br_fiscal_ncm_17598_f26e5a78,5212.24.00,,
__export__.l10n_br_fiscal_ncm_17599_05eae39a,5212.25.00,,
__export__.l10n_br_fiscal_ncm_17600_8d536223,5301.10.00,,
__export__.l10n_br_fiscal_ncm_17601_5a190bf6,5301.10.00,1,
__export__.l10n_br_fiscal_ncm_17602_5d4e753c,5301.21.10,,
__export__.l10n_br_fiscal_ncm_17603_c61382ae,5301.21.20,,
__export__.l10n_br_fiscal_ncm_17604_e2ed6efa,5301.29.10,,
__export__.l10n_br_fiscal_ncm_17605_9b11d991,5301.29.90,,
__export__.l10n_br_fiscal_ncm_17606_616ef50b,5301.30.00,,
__export__.l10n_br_fiscal_ncm_17607_41595810,5302.10.00,,
__export__.l10n_br_fiscal_ncm_17608_06e8ab4c,5302.10.00,1,
__export__.l10n_br_fiscal_ncm_17609_b766c09b,5302.90.00,,
__export__.l10n_br_fiscal_ncm_17610_88d4c076,5303.10.10,,
__export__.l10n_br_fiscal_ncm_17611_f77f95e6,5303.10.10,1,
__export__.l10n_br_fiscal_ncm_17612_283f172e,5303.10.90,,
__export__.l10n_br_fiscal_ncm_17613_af422d82,5303.10.90,1,
__export__.l10n_br_fiscal_ncm_17614_8d9cded4,5303.90.10,,
__export__.l10n_br_fiscal_ncm_17615_97eea783,5303.90.90,,
__export__.l10n_br_fiscal_ncm_17616_1b00baf2,5305.00.10,,
__export__.l10n_br_fiscal_ncm_17617_4f258629,5305.00.90,,l10n_br_fiscal.tax_classification_200038
__export__.l10n_br_fiscal_ncm_17618_1a391ac8,5305.00.90,1,l10n_br_fiscal.tax_classification_200038
__export__.l10n_br_fiscal_ncm_17619_ba538bf2,5305.00.90,2,l10n_br_fiscal.tax_classification_200038
__export__.l10n_br_fiscal_ncm_17620_ed923b9c,5306.10.00,,
__export__.l10n_br_fiscal_ncm_17621_12626639,5306.20.00,,
__export__.l10n_br_fiscal_ncm_17622_143e9e60,5307.10.10,,
__export__.l10n_br_fiscal_ncm_17623_64e498ec,5307.10.90,,
__export__.l10n_br_fiscal_ncm_17624_c3fcabc8,5307.20.10,,
__export__.l10n_br_fiscal_ncm_17625_28f91d61,5307.20.90,,
__export__.l10n_br_fiscal_ncm_17626_488bb7a4,5308.10.00,,
__export__.l10n_br_fiscal_ncm_17627_7751a05e,5308.20.00,,
__export__.l10n_br_fiscal_ncm_17628_2e0afd29,5308.90.00,,
__export__.l10n_br_fiscal_ncm_17629_2b8a6c29,5309.11.00,,
__export__.l10n_br_fiscal_ncm_17630_29734497,5309.19.00,,
__export__.l10n_br_fiscal_ncm_17631_d98ee2bb,5309.21.00,,
__export__.l10n_br_fiscal_ncm_17632_7bb69057,5309.29.00,,
__export__.l10n_br_fiscal_ncm_17633_70be5f8f,5310.10.10,,
__export__.l10n_br_fiscal_ncm_17634_72bc85a9,5310.10.90,,
__export__.l10n_br_fiscal_ncm_17635_09482a11,5310.90.00,,
__export__.l10n_br_fiscal_ncm_17636_675ed57a,5311.00.00,,
__export__.l10n_br_fiscal_ncm_17637_668ea07f,5401.10.11,,
__export__.l10n_br_fiscal_ncm_17638_01773cae,5401.10.12,,
__export__.l10n_br_fiscal_ncm_17639_60e13ca5,5401.10.90,,
__export__.l10n_br_fiscal_ncm_17640_180c7fc6,5401.20.11,,
__export__.l10n_br_fiscal_ncm_17641_cf024d30,5401.20.12,,
__export__.l10n_br_fiscal_ncm_17642_20eb1d18,5401.20.90,,
__export__.l10n_br_fiscal_ncm_17643_b4808889,5402.11.00,,
__export__.l10n_br_fiscal_ncm_17644_4448beae,5402.19.10,,
__export__.l10n_br_fiscal_ncm_17645_5b5def60,5402.19.90,,
__export__.l10n_br_fiscal_ncm_17646_e2927b26,5402.20.10,,
__export__.l10n_br_fiscal_ncm_17647_f01f7d1c,5402.20.90,,
__export__.l10n_br_fiscal_ncm_17648_d75260e4,5402.31.11,,
__export__.l10n_br_fiscal_ncm_17649_c8e6fa01,5402.31.19,,
__export__.l10n_br_fiscal_ncm_17650_bf2188fb,5402.31.90,,
__export__.l10n_br_fiscal_ncm_17651_041aa56f,5402.32.11,,
__export__.l10n_br_fiscal_ncm_17652_018a9784,5402.32.19,,
__export__.l10n_br_fiscal_ncm_17653_0766bf54,5402.32.90,,
__export__.l10n_br_fiscal_ncm_17654_00627faa,5402.33.10,,
__export__.l10n_br_fiscal_ncm_17655_789fdaa3,5402.33.20,,
__export__.l10n_br_fiscal_ncm_17656_7daf8045,5402.33.90,,
__export__.l10n_br_fiscal_ncm_17657_30d31ca9,5402.34.00,,
__export__.l10n_br_fiscal_ncm_17658_bbe2a2f9,5402.39.00,,
__export__.l10n_br_fiscal_ncm_17659_b48b696e,5402.44.00,,
__export__.l10n_br_fiscal_ncm_17660_38573df1,5402.45.10,,
__export__.l10n_br_fiscal_ncm_17661_38a636e5,5402.45.20,,
__export__.l10n_br_fiscal_ncm_17662_5536cebd,5402.45.90,,
__export__.l10n_br_fiscal_ncm_17663_81ca31fc,5402.46.00,,
__export__.l10n_br_fiscal_ncm_17664_6a3ce95f,5402.47.10,,
__export__.l10n_br_fiscal_ncm_17665_3d5d4e0d,5402.47.20,,
__export__.l10n_br_fiscal_ncm_17666_4c8e5cd1,5402.47.90,,
__export__.l10n_br_fiscal_ncm_17667_330ef66c,5402.48.00,,
__export__.l10n_br_fiscal_ncm_17668_56576463,5402.49.10,,
__export__.l10n_br_fiscal_ncm_17669_4210f430,5402.49.90,,
__export__.l10n_br_fiscal_ncm_17670_8c2f0a5e,5402.51.10,,
__export__.l10n_br_fiscal_ncm_17671_c5794de7,5402.51.90,,
__export__.l10n_br_fiscal_ncm_17672_69cb22d2,5402.52.00,,
__export__.l10n_br_fiscal_ncm_17673_1a97962d,5402.53.00,,
__export__.l10n_br_fiscal_ncm_17674_b5ae1abf,5402.59.00,,
__export__.l10n_br_fiscal_ncm_17675_a4b0ee18,5402.61.10,,
__export__.l10n_br_fiscal_ncm_17676_02a6d9d1,5402.61.90,,
__export__.l10n_br_fiscal_ncm_17677_505e0913,5402.62.00,,
__export__.l10n_br_fiscal_ncm_17678_498aebf2,5402.63.00,,
__export__.l10n_br_fiscal_ncm_17679_d62f0d48,5402.69.00,,
__export__.l10n_br_fiscal_ncm_17680_d877d4d2,5403.10.00,,
__export__.l10n_br_fiscal_ncm_17681_4fd15530,5403.31.10,,
__export__.l10n_br_fiscal_ncm_17682_4077eb6f,5403.31.90,,
__export__.l10n_br_fiscal_ncm_17683_9b37cdfc,5403.32.00,,
__export__.l10n_br_fiscal_ncm_17684_52947d6c,5403.33.00,,
__export__.l10n_br_fiscal_ncm_17685_b68f25c1,5403.39.00,,
__export__.l10n_br_fiscal_ncm_17686_c45e7d4f,5403.41.00,,
__export__.l10n_br_fiscal_ncm_17687_4aee4828,5403.42.00,,
__export__.l10n_br_fiscal_ncm_17688_28d92e0a,5403.49.00,,
__export__.l10n_br_fiscal_ncm_17689_c6e262ec,5404.11.00,,
__export__.l10n_br_fiscal_ncm_17690_df05b5b1,5404.12.00,,
__export__.l10n_br_fiscal_ncm_17691_b83f3133,5404.19.11,,
__export__.l10n_br_fiscal_ncm_17692_d45491af,5404.19.19,,
__export__.l10n_br_fiscal_ncm_17693_f239335e,5404.19.90,,
__export__.l10n_br_fiscal_ncm_17694_c69da949,5404.90.00,,
__export__.l10n_br_fiscal_ncm_17695_eb59c0a0,5405.00.00,,
__export__.l10n_br_fiscal_ncm_17696_b18f32a5,5406.00.10,,
__export__.l10n_br_fiscal_ncm_17697_af6681b4,5406.00.20,,
__export__.l10n_br_fiscal_ncm_17698_f5d1af3f,5407.10.11,,
__export__.l10n_br_fiscal_ncm_17699_d9d6e2c1,5407.10.19,,
__export__.l10n_br_fiscal_ncm_17700_97d1ba3e,5407.10.21,,
__export__.l10n_br_fiscal_ncm_17701_bef19c3c,5407.10.29,,
__export__.l10n_br_fiscal_ncm_17702_d155cf4f,5407.20.00,,
__export__.l10n_br_fiscal_ncm_17703_c008cf4c,5407.30.00,,
__export__.l10n_br_fiscal_ncm_17704_ea95f16d,5407.41.00,,
__export__.l10n_br_fiscal_ncm_17705_6421fc1e,5407.42.00,,
__export__.l10n_br_fiscal_ncm_17706_43ab8c8c,5407.43.00,,
__export__.l10n_br_fiscal_ncm_17707_316b5388,5407.44.00,,
__export__.l10n_br_fiscal_ncm_17708_926e7d5a,5407.51.00,,
__export__.l10n_br_fiscal_ncm_17709_32f84b00,5407.52.10,,
__export__.l10n_br_fiscal_ncm_17710_779ad5e5,5407.52.20,,
__export__.l10n_br_fiscal_ncm_17711_f2557256,5407.53.00,,
__export__.l10n_br_fiscal_ncm_17712_f2aeb2c7,5407.54.00,,
__export__.l10n_br_fiscal_ncm_17713_f4440e19,5407.61.00,,
__export__.l10n_br_fiscal_ncm_17714_8a9674f7,5407.69.00,,
__export__.l10n_br_fiscal_ncm_17715_065c20dd,5407.71.00,,
__export__.l10n_br_fiscal_ncm_17716_e1b04926,5407.72.00,,
__export__.l10n_br_fiscal_ncm_17717_a7a0025f,5407.73.00,,
__export__.l10n_br_fiscal_ncm_17718_4368af37,5407.74.00,,
__export__.l10n_br_fiscal_ncm_17719_0bffe5b5,5407.81.00,,
__export__.l10n_br_fiscal_ncm_17720_63dc8315,5407.82.00,,
__export__.l10n_br_fiscal_ncm_17721_6194dbbf,5407.83.00,,
__export__.l10n_br_fiscal_ncm_17722_55fcc3b6,5407.84.00,,
__export__.l10n_br_fiscal_ncm_17723_f959d69e,5407.91.00,,
__export__.l10n_br_fiscal_ncm_17724_2d8e9cce,5407.92.00,,
__export__.l10n_br_fiscal_ncm_17725_976d8ba0,5407.93.00,,
__export__.l10n_br_fiscal_ncm_17726_9807409e,5407.94.00,,
__export__.l10n_br_fiscal_ncm_17727_02187b76,5408.10.00,,
__export__.l10n_br_fiscal_ncm_17728_9694e3d1,5408.21.00,,
__export__.l10n_br_fiscal_ncm_17729_914fa00c,5408.22.00,,
__export__.l10n_br_fiscal_ncm_17730_12783631,5408.23.00,,
__export__.l10n_br_fiscal_ncm_17731_027cdf69,5408.24.00,,
__export__.l10n_br_fiscal_ncm_17732_fdad406f,5408.31.00,,
__export__.l10n_br_fiscal_ncm_17733_66b75f32,5408.32.00,,
__export__.l10n_br_fiscal_ncm_17734_41216b36,5408.33.00,,
__export__.l10n_br_fiscal_ncm_17735_6f5e3ad6,5408.34.00,,
__export__.l10n_br_fiscal_ncm_17736_57dd4341,5501.11.00,,
__export__.l10n_br_fiscal_ncm_17737_b1e12c27,5501.19.00,,
__export__.l10n_br_fiscal_ncm_17738_7430d2a9,5501.20.00,,
__export__.l10n_br_fiscal_ncm_17739_bd64178c,5501.30.00,,
__export__.l10n_br_fiscal_ncm_17740_86a55f39,5501.40.00,,
__export__.l10n_br_fiscal_ncm_17741_70e0d42b,5501.90.00,,
__export__.l10n_br_fiscal_ncm_17742_ae509bd7,5502.10.00,,
__export__.l10n_br_fiscal_ncm_17743_044d9797,5502.90.10,,
__export__.l10n_br_fiscal_ncm_17744_d3dc5382,5502.90.90,,
__export__.l10n_br_fiscal_ncm_17745_312cafb4,5503.11.00,,
__export__.l10n_br_fiscal_ncm_17746_39dadd17,5503.19.10,,
__export__.l10n_br_fiscal_ncm_17747_02d6a5bb,5503.19.90,,
__export__.l10n_br_fiscal_ncm_17748_cefa9de0,5503.20.10,,
__export__.l10n_br_fiscal_ncm_17749_caeb7659,5503.20.90,,
__export__.l10n_br_fiscal_ncm_17750_ac4222ad,5503.30.00,,
__export__.l10n_br_fiscal_ncm_17751_964cba49,5503.40.00,,
__export__.l10n_br_fiscal_ncm_17752_b6ee0d07,5503.90.10,,
__export__.l10n_br_fiscal_ncm_17753_c0f6f1c0,5503.90.20,,
__export__.l10n_br_fiscal_ncm_17754_e50b40df,5503.90.90,,
__export__.l10n_br_fiscal_ncm_17755_23a02ed7,5504.10.00,,
__export__.l10n_br_fiscal_ncm_17756_08e0d7bb,5504.90.10,,
__export__.l10n_br_fiscal_ncm_17757_06a4f7eb,5504.90.90,,
__export__.l10n_br_fiscal_ncm_17758_aaf74f2a,5505.10.00,,
__export__.l10n_br_fiscal_ncm_17759_17487d43,5505.20.00,,
__export__.l10n_br_fiscal_ncm_17760_2e469dfd,5506.10.00,,
__export__.l10n_br_fiscal_ncm_17761_7459d3bc,5506.20.00,,
__export__.l10n_br_fiscal_ncm_17762_9285d3bf,5506.30.00,,
__export__.l10n_br_fiscal_ncm_17763_36f96c5c,5506.40.00,,
__export__.l10n_br_fiscal_ncm_17764_4a83b792,5506.90.00,,
__export__.l10n_br_fiscal_ncm_17765_738036d0,5507.00.00,,
__export__.l10n_br_fiscal_ncm_17766_a27ab3a3,5508.10.00,,
__export__.l10n_br_fiscal_ncm_17767_120abc52,5508.20.00,,
__export__.l10n_br_fiscal_ncm_17768_b5fc5408,5509.11.00,,
__export__.l10n_br_fiscal_ncm_17769_9e3d7312,5509.12.10,,
__export__.l10n_br_fiscal_ncm_17770_969a645f,5509.12.90,,
__export__.l10n_br_fiscal_ncm_17771_75e4b532,5509.21.00,,
__export__.l10n_br_fiscal_ncm_17772_93a689a1,5509.22.00,,
__export__.l10n_br_fiscal_ncm_17773_e8f610bb,5509.31.00,,
__export__.l10n_br_fiscal_ncm_17774_16773d05,5509.32.00,,
__export__.l10n_br_fiscal_ncm_17775_d23a8b51,5509.41.00,,
__export__.l10n_br_fiscal_ncm_17776_a509d334,5509.42.00,,
__export__.l10n_br_fiscal_ncm_17777_7d12fb0f,5509.51.00,,
__export__.l10n_br_fiscal_ncm_17778_8290233c,5509.52.00,,
__export__.l10n_br_fiscal_ncm_17779_a7b2edfb,5509.53.00,,
__export__.l10n_br_fiscal_ncm_17780_4b08ad53,5509.59.00,,
__export__.l10n_br_fiscal_ncm_17781_532b505b,5509.61.00,,
__export__.l10n_br_fiscal_ncm_17782_6b7e32b1,5509.62.00,,
__export__.l10n_br_fiscal_ncm_17783_ee8f1203,5509.69.00,,
__export__.l10n_br_fiscal_ncm_17784_9c933020,5509.91.00,,
__export__.l10n_br_fiscal_ncm_17785_9ba817af,5509.92.00,,
__export__.l10n_br_fiscal_ncm_17786_19143bfa,5509.99.00,,
__export__.l10n_br_fiscal_ncm_17787_134b1121,5510.11.11,,
__export__.l10n_br_fiscal_ncm_17788_51f6f86e,5510.11.12,,
__export__.l10n_br_fiscal_ncm_17789_16a6a564,5510.11.13,,
__export__.l10n_br_fiscal_ncm_17790_df486e4b,5510.11.19,,
__export__.l10n_br_fiscal_ncm_17791_f8dc439b,5510.11.90,,
__export__.l10n_br_fiscal_ncm_17792_b49e9bcf,5510.12.11,,
__export__.l10n_br_fiscal_ncm_17793_c729b8c5,5510.12.12,,
__export__.l10n_br_fiscal_ncm_17794_843351ca,5510.12.13,,
__export__.l10n_br_fiscal_ncm_17795_b5522705,5510.12.19,,
__export__.l10n_br_fiscal_ncm_17796_1534a95a,5510.12.90,,
__export__.l10n_br_fiscal_ncm_17797_b94a241b,5510.20.11,,
__export__.l10n_br_fiscal_ncm_17798_a30ef9c6,5510.20.12,,
__export__.l10n_br_fiscal_ncm_17799_1a11f094,5510.20.13,,
__export__.l10n_br_fiscal_ncm_17800_cb11f3b8,5510.20.19,,
__export__.l10n_br_fiscal_ncm_17801_e9290b90,5510.20.90,,
__export__.l10n_br_fiscal_ncm_17802_c97e1ab9,5510.30.11,,
__export__.l10n_br_fiscal_ncm_17803_2abfe226,5510.30.12,,
__export__.l10n_br_fiscal_ncm_17804_7b78736f,5510.30.13,,
__export__.l10n_br_fiscal_ncm_17805_ef9f671a,5510.30.19,,
__export__.l10n_br_fiscal_ncm_17806_37de1a31,5510.30.90,,
__export__.l10n_br_fiscal_ncm_17807_9f600f6e,5510.90.11,,
__export__.l10n_br_fiscal_ncm_17808_95baea35,5510.90.12,,
__export__.l10n_br_fiscal_ncm_17809_b3da087e,5510.90.13,,
__export__.l10n_br_fiscal_ncm_17810_3cf74f74,5510.90.19,,
__export__.l10n_br_fiscal_ncm_17811_50b8da2c,5510.90.90,,
__export__.l10n_br_fiscal_ncm_17812_2983bacf,5511.10.00,,
__export__.l10n_br_fiscal_ncm_17813_1f12b2bf,5511.20.00,,
__export__.l10n_br_fiscal_ncm_17814_8c36123e,5511.30.00,,
__export__.l10n_br_fiscal_ncm_17815_63975982,5512.11.00,,
__export__.l10n_br_fiscal_ncm_17816_ac1f6b56,5512.19.00,,
__export__.l10n_br_fiscal_ncm_17817_61fd7102,5512.21.00,,
__export__.l10n_br_fiscal_ncm_17818_b0edeef1,5512.29.00,,
__export__.l10n_br_fiscal_ncm_17819_1048f631,5512.91.10,,
__export__.l10n_br_fiscal_ncm_17820_10b92203,5512.91.90,,
__export__.l10n_br_fiscal_ncm_17821_89e3d803,5512.99.10,,
__export__.l10n_br_fiscal_ncm_17822_a18f027e,5512.99.90,,
__export__.l10n_br_fiscal_ncm_17823_ba468d70,5513.11.00,,
__export__.l10n_br_fiscal_ncm_17824_ac410300,5513.12.00,,
__export__.l10n_br_fiscal_ncm_17825_dbdc5268,5513.13.00,,
__export__.l10n_br_fiscal_ncm_17826_b36c6d16,5513.19.00,,
__export__.l10n_br_fiscal_ncm_17827_250efede,5513.21.00,,
__export__.l10n_br_fiscal_ncm_17828_07c46c3f,5513.23.10,,
__export__.l10n_br_fiscal_ncm_17829_3498a5ae,5513.23.90,,
__export__.l10n_br_fiscal_ncm_17830_b7498841,5513.29.00,,
__export__.l10n_br_fiscal_ncm_17831_b6a8b371,5513.31.00,,
__export__.l10n_br_fiscal_ncm_17832_be7bce6e,5513.39.11,,
__export__.l10n_br_fiscal_ncm_17833_57de7242,5513.39.19,,
__export__.l10n_br_fiscal_ncm_17834_ce4444ca,5513.39.90,,
__export__.l10n_br_fiscal_ncm_17835_e62f1ab7,5513.41.00,,
__export__.l10n_br_fiscal_ncm_17836_1de314c9,5513.49.11,,
__export__.l10n_br_fiscal_ncm_17837_3631a62b,5513.49.19,,
__export__.l10n_br_fiscal_ncm_17838_df5b1424,5513.49.90,,
__export__.l10n_br_fiscal_ncm_17839_537e9cbf,5514.11.00,,
__export__.l10n_br_fiscal_ncm_17840_39e44cca,5514.12.00,,
__export__.l10n_br_fiscal_ncm_17841_9ce6380b,5514.19.10,,
__export__.l10n_br_fiscal_ncm_17842_49477a04,5514.19.90,,
__export__.l10n_br_fiscal_ncm_17843_655da3e0,5514.21.00,,
__export__.l10n_br_fiscal_ncm_17844_d1bdde8a,5514.22.00,,
__export__.l10n_br_fiscal_ncm_17845_7f6c8d36,5514.23.00,,
__export__.l10n_br_fiscal_ncm_17846_80d1c487,5514.29.00,,
__export__.l10n_br_fiscal_ncm_17847_9d74d22d,5514.30.11,,
__export__.l10n_br_fiscal_ncm_17848_7ccf324d,5514.30.12,,
__export__.l10n_br_fiscal_ncm_17849_576c9935,5514.30.19,,
__export__.l10n_br_fiscal_ncm_17850_59662d46,5514.30.90,,
__export__.l10n_br_fiscal_ncm_17851_60ef8f45,5514.41.00,,
__export__.l10n_br_fiscal_ncm_17852_18c6ea99,5514.42.00,,
__export__.l10n_br_fiscal_ncm_17853_cb4cc8f5,5514.43.00,,
__export__.l10n_br_fiscal_ncm_17854_535c9edc,5514.49.00,,
__export__.l10n_br_fiscal_ncm_17855_e789da6a,5515.11.00,,
__export__.l10n_br_fiscal_ncm_17856_800dac51,5515.12.00,,
__export__.l10n_br_fiscal_ncm_17857_4aad65a7,5515.13.00,,
__export__.l10n_br_fiscal_ncm_17858_89f7b131,5515.19.00,,
__export__.l10n_br_fiscal_ncm_17859_83146dff,5515.21.00,,
__export__.l10n_br_fiscal_ncm_17860_769d6061,5515.22.00,,
__export__.l10n_br_fiscal_ncm_17861_109fbfba,5515.29.00,,
__export__.l10n_br_fiscal_ncm_17862_9f486a9e,5515.91.00,,
__export__.l10n_br_fiscal_ncm_17863_61566b4c,5515.99.10,,
__export__.l10n_br_fiscal_ncm_17864_a900f6b5,5515.99.90,,
__export__.l10n_br_fiscal_ncm_17865_87d801d4,5516.11.00,,
__export__.l10n_br_fiscal_ncm_17866_3d4c7f9e,5516.12.00,,
__export__.l10n_br_fiscal_ncm_17867_c9b31aec,5516.13.00,,
__export__.l10n_br_fiscal_ncm_17868_65170106,5516.14.00,,
__export__.l10n_br_fiscal_ncm_17869_2e05ef93,5516.21.00,,
__export__.l10n_br_fiscal_ncm_17870_099c3276,5516.22.00,,
__export__.l10n_br_fiscal_ncm_17871_95cf5349,5516.23.00,,
__export__.l10n_br_fiscal_ncm_17872_bad5faea,5516.24.00,,
__export__.l10n_br_fiscal_ncm_17873_4c9d8024,5516.31.00,,
__export__.l10n_br_fiscal_ncm_17874_3404be0a,5516.32.00,,
__export__.l10n_br_fiscal_ncm_17875_2d2b4e8b,5516.33.00,,
__export__.l10n_br_fiscal_ncm_17876_2101fe1d,5516.34.00,,
__export__.l10n_br_fiscal_ncm_17877_a84385c0,5516.41.00,,
__export__.l10n_br_fiscal_ncm_17878_c2adc461,5516.42.00,,
__export__.l10n_br_fiscal_ncm_17879_65d9529e,5516.43.00,,
__export__.l10n_br_fiscal_ncm_17880_29fc7aa1,5516.44.00,,
__export__.l10n_br_fiscal_ncm_17881_7e1360e0,5516.91.00,,
__export__.l10n_br_fiscal_ncm_17882_57225928,5516.92.00,,
__export__.l10n_br_fiscal_ncm_17883_73c799aa,5516.93.00,,
__export__.l10n_br_fiscal_ncm_17884_754ea1eb,5516.94.00,,
__export__.l10n_br_fiscal_ncm_17885_883518a5,5601.21.10,,
__export__.l10n_br_fiscal_ncm_17886_68b3cea9,5601.21.90,,
__export__.l10n_br_fiscal_ncm_17887_eeb3b641,5601.22.11,,
__export__.l10n_br_fiscal_ncm_17888_f036aadd,5601.22.19,,
__export__.l10n_br_fiscal_ncm_17889_be7a80b8,5601.22.91,,
__export__.l10n_br_fiscal_ncm_17890_0ee90a88,5601.22.99,,
__export__.l10n_br_fiscal_ncm_17891_05718224,5601.29.00,,
__export__.l10n_br_fiscal_ncm_17892_e99d410c,5601.30.10,,
__export__.l10n_br_fiscal_ncm_17893_d1a3d8b7,5601.30.90,,
__export__.l10n_br_fiscal_ncm_17894_ae736e80,5602.10.00,,
__export__.l10n_br_fiscal_ncm_17895_43d50c3a,5602.21.00,,
__export__.l10n_br_fiscal_ncm_17896_2e56bd52,5602.29.00,,
__export__.l10n_br_fiscal_ncm_17897_46f3c7c7,5602.90.00,,
__export__.l10n_br_fiscal_ncm_17898_a7d00c65,5603.11.10,,
__export__.l10n_br_fiscal_ncm_17899_221fdc0f,5603.11.20,,
__export__.l10n_br_fiscal_ncm_17900_0928b253,5603.11.30,,
__export__.l10n_br_fiscal_ncm_17901_c72508a9,5603.11.40,,
__export__.l10n_br_fiscal_ncm_17902_e73c0433,5603.11.90,,
__export__.l10n_br_fiscal_ncm_17903_bca1ae3e,5603.12.10,,
__export__.l10n_br_fiscal_ncm_17904_b2d2221d,5603.12.20,,
__export__.l10n_br_fiscal_ncm_17905_c887c127,5603.12.30,,
__export__.l10n_br_fiscal_ncm_17906_421e623b,5603.12.40,,
__export__.l10n_br_fiscal_ncm_17907_e5a48907,5603.12.50,,
__export__.l10n_br_fiscal_ncm_17908_51bbcd25,5603.12.90,,
__export__.l10n_br_fiscal_ncm_17909_787c447b,5603.13.10,,
__export__.l10n_br_fiscal_ncm_17910_ed6505b6,5603.13.20,,
__export__.l10n_br_fiscal_ncm_17911_9d4558ee,5603.13.30,,
__export__.l10n_br_fiscal_ncm_17912_e20e1e75,5603.13.40,,
__export__.l10n_br_fiscal_ncm_17913_8bb68f46,5603.13.50,,
__export__.l10n_br_fiscal_ncm_17914_1b581630,5603.13.90,,
__export__.l10n_br_fiscal_ncm_17915_77af61b5,5603.14.10,,
__export__.l10n_br_fiscal_ncm_17916_84e63e04,5603.14.20,,
__export__.l10n_br_fiscal_ncm_17917_6dfd3f8f,5603.14.30,,
__export__.l10n_br_fiscal_ncm_17918_8ec2305a,5603.14.40,,
__export__.l10n_br_fiscal_ncm_17919_caf37b1c,5603.14.90,,
__export__.l10n_br_fiscal_ncm_17920_ea334306,5603.91.10,,
__export__.l10n_br_fiscal_ncm_17921_9be84944,5603.91.20,,
__export__.l10n_br_fiscal_ncm_17922_854ee97a,5603.91.30,,
__export__.l10n_br_fiscal_ncm_17923_24f02ce6,5603.91.90,,
__export__.l10n_br_fiscal_ncm_17924_6d3dbabd,5603.92.10,,
__export__.l10n_br_fiscal_ncm_17925_064f1c0f,5603.92.20,,
__export__.l10n_br_fiscal_ncm_17926_7b706bfa,5603.92.30,,
__export__.l10n_br_fiscal_ncm_17927_1349be44,5603.92.40,,
__export__.l10n_br_fiscal_ncm_17928_f1391451,5603.92.90,,
__export__.l10n_br_fiscal_ncm_17929_74ee8625,5603.93.10,,
__export__.l10n_br_fiscal_ncm_17930_364660e7,5603.93.20,,
__export__.l10n_br_fiscal_ncm_17931_2d9216e3,5603.93.30,,
__export__.l10n_br_fiscal_ncm_17932_573799d0,5603.93.40,,
__export__.l10n_br_fiscal_ncm_17933_360778a3,5603.93.90,,
__export__.l10n_br_fiscal_ncm_17934_e5a41c6d,5603.94.10,,
__export__.l10n_br_fiscal_ncm_17935_f533873c,5603.94.20,,
__export__.l10n_br_fiscal_ncm_17936_391a1b4d,5603.94.30,,
__export__.l10n_br_fiscal_ncm_17937_04044d3b,5603.94.90,,
__export__.l10n_br_fiscal_ncm_17938_a64630b7,5604.10.00,,
__export__.l10n_br_fiscal_ncm_17939_fa55cb2d,5604.90.10,,
__export__.l10n_br_fiscal_ncm_17940_d7b189b3,5604.90.21,,
__export__.l10n_br_fiscal_ncm_17941_897bb536,5604.90.22,,
__export__.l10n_br_fiscal_ncm_17942_f40f4d0e,5604.90.90,,
__export__.l10n_br_fiscal_ncm_17943_ef8a7826,5605.00.10,,
__export__.l10n_br_fiscal_ncm_17944_5ae5fbb2,5605.00.20,,
__export__.l10n_br_fiscal_ncm_17945_4bb826a7,5605.00.90,,
__export__.l10n_br_fiscal_ncm_17946_b33103fc,5606.00.00,,
__export__.l10n_br_fiscal_ncm_17947_b7c2ce31,5607.21.00,,
__export__.l10n_br_fiscal_ncm_17948_89d5d583,5607.29.00,,
__export__.l10n_br_fiscal_ncm_17949_98c116a1,5607.41.00,,
__export__.l10n_br_fiscal_ncm_17950_45afeb42,5607.49.00,,
__export__.l10n_br_fiscal_ncm_17951_580c7ddd,5607.50.11,,
__export__.l10n_br_fiscal_ncm_17952_d42217c6,5607.50.19,,
__export__.l10n_br_fiscal_ncm_17953_311ada7f,5607.50.90,,
__export__.l10n_br_fiscal_ncm_17954_d7fdb98b,5607.90.10,,
__export__.l10n_br_fiscal_ncm_17955_29763a7c,5607.90.20,,
__export__.l10n_br_fiscal_ncm_17956_23ea6c61,5607.90.90,,
__export__.l10n_br_fiscal_ncm_17957_0d010210,5608.11.00,,
__export__.l10n_br_fiscal_ncm_17958_3842ccdf,5608.19.00,,
__export__.l10n_br_fiscal_ncm_17959_fefc4718,5608.90.00,,
__export__.l10n_br_fiscal_ncm_17960_7cd9b2ca,5609.00.10,,
__export__.l10n_br_fiscal_ncm_17961_518f9044,5609.00.90,,
__export__.l10n_br_fiscal_ncm_17962_568e56d9,5701.10.11,,
__export__.l10n_br_fiscal_ncm_17963_9d9a42b3,5701.10.12,,
__export__.l10n_br_fiscal_ncm_17964_391fcbbc,5701.10.20,,
__export__.l10n_br_fiscal_ncm_17965_cb84fb9c,5701.90.00,,
__export__.l10n_br_fiscal_ncm_17966_8bb0fd39,5702.10.00,,
__export__.l10n_br_fiscal_ncm_17967_02e0c08a,5702.20.00,,
__export__.l10n_br_fiscal_ncm_17968_53ec74f3,5702.31.00,,
__export__.l10n_br_fiscal_ncm_17969_b34120c4,5702.32.00,,
__export__.l10n_br_fiscal_ncm_17970_cde5e873,5702.39.00,,
__export__.l10n_br_fiscal_ncm_17971_f7619a0c,5702.41.00,,
__export__.l10n_br_fiscal_ncm_17972_11ecc589,5702.42.00,,
__export__.l10n_br_fiscal_ncm_17973_5715fb2b,5702.49.00,,
__export__.l10n_br_fiscal_ncm_17974_ce98c765,5702.50.10,,
__export__.l10n_br_fiscal_ncm_17975_b7e99767,5702.50.20,,
__export__.l10n_br_fiscal_ncm_17976_b30690f2,5702.50.90,,
__export__.l10n_br_fiscal_ncm_17977_e0711c05,5702.91.00,,
__export__.l10n_br_fiscal_ncm_17978_b76cd248,5702.92.00,,
__export__.l10n_br_fiscal_ncm_17979_2827de53,5702.99.00,,
__export__.l10n_br_fiscal_ncm_17980_3540ae5c,5703.10.00,,
__export__.l10n_br_fiscal_ncm_17981_a74e1a34,5703.21.00,,
__export__.l10n_br_fiscal_ncm_17982_3bef8b0e,5703.29.00,,
__export__.l10n_br_fiscal_ncm_17983_408c31fb,5703.31.00,,
__export__.l10n_br_fiscal_ncm_17984_b4b2e38b,5703.39.00,,
__export__.l10n_br_fiscal_ncm_17985_c498bde0,5703.90.00,,
__export__.l10n_br_fiscal_ncm_17986_f7f830b1,5704.10.00,,
__export__.l10n_br_fiscal_ncm_17987_de513834,5704.20.00,,
__export__.l10n_br_fiscal_ncm_17988_a1e7aad1,5704.90.00,,
__export__.l10n_br_fiscal_ncm_17989_33f6fe62,5705.00.00,,
__export__.l10n_br_fiscal_ncm_17990_d31c8c19,5801.10.00,,
__export__.l10n_br_fiscal_ncm_17991_2f70b8fb,5801.21.00,,
__export__.l10n_br_fiscal_ncm_17992_32328d26,5801.22.00,,
__export__.l10n_br_fiscal_ncm_17993_d26b5a65,5801.23.00,,
__export__.l10n_br_fiscal_ncm_17994_da4beafb,5801.26.00,,
__export__.l10n_br_fiscal_ncm_17995_d82f16f4,5801.27.00,,
__export__.l10n_br_fiscal_ncm_17996_2056d385,5801.31.00,,
__export__.l10n_br_fiscal_ncm_17997_fb702c4d,5801.32.00,,
__export__.l10n_br_fiscal_ncm_17998_1e5a83df,5801.33.00,,
__export__.l10n_br_fiscal_ncm_17999_9c69ff2d,5801.36.00,,
__export__.l10n_br_fiscal_ncm_18000_e5cbcd33,5801.37.00,,
__export__.l10n_br_fiscal_ncm_18001_2d0e1207,5801.90.00,,
__export__.l10n_br_fiscal_ncm_18002_6fff8141,5802.10.00,,
__export__.l10n_br_fiscal_ncm_18003_69afc73c,5802.20.00,,
__export__.l10n_br_fiscal_ncm_18004_f29694aa,5802.30.00,,
__export__.l10n_br_fiscal_ncm_18005_6a29e41f,5803.00.10,,
__export__.l10n_br_fiscal_ncm_18006_12aa3e52,5803.00.90,,
__export__.l10n_br_fiscal_ncm_18007_d6aca584,5804.10.10,,
__export__.l10n_br_fiscal_ncm_18008_b48b70e5,5804.10.90,,
__export__.l10n_br_fiscal_ncm_18009_be792392,5804.21.00,,
__export__.l10n_br_fiscal_ncm_18010_6a17b4f3,5804.29.10,,
__export__.l10n_br_fiscal_ncm_18011_53c48046,5804.29.90,,
__export__.l10n_br_fiscal_ncm_18012_dc1c2532,5804.30.10,,
__export__.l10n_br_fiscal_ncm_18013_d826643b,5804.30.90,,
__export__.l10n_br_fiscal_ncm_18014_f5757e4e,5805.00.10,,
__export__.l10n_br_fiscal_ncm_18015_9f8757b3,5805.00.20,,
__export__.l10n_br_fiscal_ncm_18016_08661de6,5805.00.90,,
__export__.l10n_br_fiscal_ncm_18017_07f3260c,5806.10.00,,
__export__.l10n_br_fiscal_ncm_18018_ce113bb8,5806.20.00,,
__export__.l10n_br_fiscal_ncm_18019_ea90405d,5806.31.00,,
__export__.l10n_br_fiscal_ncm_18020_6f725df4,5806.32.00,,
__export__.l10n_br_fiscal_ncm_18021_cda238da,5806.39.00,,
__export__.l10n_br_fiscal_ncm_18022_2a35fbb1,5806.40.00,,
__export__.l10n_br_fiscal_ncm_18023_f3643589,5807.10.00,,
__export__.l10n_br_fiscal_ncm_18024_8270bf3c,5807.90.00,,
__export__.l10n_br_fiscal_ncm_18025_9a8559f9,5808.10.00,,
__export__.l10n_br_fiscal_ncm_18026_078ef4ac,5808.90.00,,
__export__.l10n_br_fiscal_ncm_18027_cdd51ee5,5809.00.00,,
__export__.l10n_br_fiscal_ncm_18028_bb32b776,5810.10.00,,
__export__.l10n_br_fiscal_ncm_18029_259517e8,5810.91.00,,
__export__.l10n_br_fiscal_ncm_18030_e6df827c,5810.92.00,,
__export__.l10n_br_fiscal_ncm_18031_80faf0f7,5810.99.00,,
__export__.l10n_br_fiscal_ncm_18032_a3bca4a2,5811.00.00,,
__export__.l10n_br_fiscal_ncm_18033_dbac871b,5901.10.00,,
__export__.l10n_br_fiscal_ncm_18034_5ba232c3,5901.90.00,,
__export__.l10n_br_fiscal_ncm_18035_5e5b571b,5902.10.10,,
__export__.l10n_br_fiscal_ncm_18036_2551a777,5902.10.90,,
__export__.l10n_br_fiscal_ncm_18037_5ee89a4d,5902.20.00,,
__export__.l10n_br_fiscal_ncm_18038_a24dd381,5902.90.00,,
__export__.l10n_br_fiscal_ncm_18039_792a994b,5903.10.00,,
__export__.l10n_br_fiscal_ncm_18040_0b22b295,5903.20.00,,
__export__.l10n_br_fiscal_ncm_18041_e728d915,5903.90.00,,
__export__.l10n_br_fiscal_ncm_18042_f1bc7fe2,5904.10.00,,
__export__.l10n_br_fiscal_ncm_18043_8d9afca0,5904.90.00,,
__export__.l10n_br_fiscal_ncm_18044_3f42277c,5905.00.00,,
__export__.l10n_br_fiscal_ncm_18045_022af63a,5906.10.00,,
__export__.l10n_br_fiscal_ncm_18046_71c28ce5,5906.91.00,,
__export__.l10n_br_fiscal_ncm_18047_b8377faa,5906.99.00,,
__export__.l10n_br_fiscal_ncm_18048_bb96b459,5907.00.00,,
__export__.l10n_br_fiscal_ncm_18049_b51ff48a,5908.00.00,,
__export__.l10n_br_fiscal_ncm_18050_23b9ba5e,5909.00.00,,
__export__.l10n_br_fiscal_ncm_18051_3aa50051,5910.00.00,,
__export__.l10n_br_fiscal_ncm_18052_b00a1c92,5911.10.00,,
__export__.l10n_br_fiscal_ncm_18053_fb582c2a,5911.20.10,,
__export__.l10n_br_fiscal_ncm_18054_bee28381,5911.20.90,,
__export__.l10n_br_fiscal_ncm_18055_4461ed4f,5911.31.00,,
__export__.l10n_br_fiscal_ncm_18056_5054db1a,5911.32.00,,
__export__.l10n_br_fiscal_ncm_18057_29021bdb,5911.40.00,,
__export__.l10n_br_fiscal_ncm_18058_1d637022,5911.90.00,,
__export__.l10n_br_fiscal_ncm_18059_e4acba75,6001.10.10,,
__export__.l10n_br_fiscal_ncm_18060_e21095a9,6001.10.20,,
__export__.l10n_br_fiscal_ncm_18061_c4fd0671,6001.10.90,,
__export__.l10n_br_fiscal_ncm_18062_90c99893,6001.21.00,,
__export__.l10n_br_fiscal_ncm_18063_cfb6c16d,6001.22.00,,
__export__.l10n_br_fiscal_ncm_18064_3483117d,6001.29.00,,
__export__.l10n_br_fiscal_ncm_18065_ea9c3616,6001.91.00,,
__export__.l10n_br_fiscal_ncm_18066_61b442c5,6001.92.00,,
__export__.l10n_br_fiscal_ncm_18067_20476ffb,6001.99.00,,
__export__.l10n_br_fiscal_ncm_18068_5787ec8e,6002.40.10,,
__export__.l10n_br_fiscal_ncm_18069_04d8444a,6002.40.20,,
__export__.l10n_br_fiscal_ncm_18070_55a168c3,6002.40.90,,
__export__.l10n_br_fiscal_ncm_18071_91f186ca,6002.90.10,,
__export__.l10n_br_fiscal_ncm_18072_a683eb4a,6002.90.20,,
__export__.l10n_br_fiscal_ncm_18073_838ab928,6002.90.90,,
__export__.l10n_br_fiscal_ncm_18074_48b58299,6003.10.00,,
__export__.l10n_br_fiscal_ncm_18075_fb313075,6003.20.00,,
__export__.l10n_br_fiscal_ncm_18076_0ed085f4,6003.30.00,,
__export__.l10n_br_fiscal_ncm_18077_125bf42b,6003.40.00,,
__export__.l10n_br_fiscal_ncm_18078_35986dac,6003.90.00,,
__export__.l10n_br_fiscal_ncm_18079_7136841b,6004.10.11,,
__export__.l10n_br_fiscal_ncm_18080_be1f0e8e,6004.10.12,,
__export__.l10n_br_fiscal_ncm_18081_21b843fd,6004.10.13,,
__export__.l10n_br_fiscal_ncm_18082_d6cc1a12,6004.10.14,,
__export__.l10n_br_fiscal_ncm_18083_8d3bf76a,6004.10.31,,
__export__.l10n_br_fiscal_ncm_18084_7522e8e0,6004.10.32,,
__export__.l10n_br_fiscal_ncm_18085_fb8d9c65,6004.10.33,,
__export__.l10n_br_fiscal_ncm_18086_c3812c1d,6004.10.34,,
__export__.l10n_br_fiscal_ncm_18087_15e1a7fe,6004.10.41,,
__export__.l10n_br_fiscal_ncm_18088_93a20bfe,6004.10.42,,
__export__.l10n_br_fiscal_ncm_18089_b542596e,6004.10.43,,
__export__.l10n_br_fiscal_ncm_18090_08e583f8,6004.10.44,,
__export__.l10n_br_fiscal_ncm_18091_e8fc2be9,6004.10.91,,
__export__.l10n_br_fiscal_ncm_18092_4ab61331,6004.10.92,,
__export__.l10n_br_fiscal_ncm_18093_a075937a,6004.10.93,,
__export__.l10n_br_fiscal_ncm_18094_5bbb2c31,6004.10.94,,
__export__.l10n_br_fiscal_ncm_18095_d0d8d089,6004.90.10,,
__export__.l10n_br_fiscal_ncm_18096_c3b3ab96,6004.90.30,,
__export__.l10n_br_fiscal_ncm_18097_3e973bf4,6004.90.40,,
__export__.l10n_br_fiscal_ncm_18098_10250542,6004.90.90,,
__export__.l10n_br_fiscal_ncm_18099_54891ad8,6005.21.00,,
__export__.l10n_br_fiscal_ncm_18100_0c758653,6005.22.00,,
__export__.l10n_br_fiscal_ncm_18101_702edf42,6005.23.00,,
__export__.l10n_br_fiscal_ncm_18102_da1b8ead,6005.24.00,,
__export__.l10n_br_fiscal_ncm_18103_3ebc30cb,6005.35.00,,
__export__.l10n_br_fiscal_ncm_18104_432262f0,6005.36.00,,
__export__.l10n_br_fiscal_ncm_18105_22dfe933,6005.37.00,,
__export__.l10n_br_fiscal_ncm_18106_1b4455bf,6005.38.00,,
__export__.l10n_br_fiscal_ncm_18107_b7a900f1,6005.39.00,,
__export__.l10n_br_fiscal_ncm_18108_1f05c03c,6005.41.00,,
__export__.l10n_br_fiscal_ncm_18109_a1efbada,6005.42.00,,
__export__.l10n_br_fiscal_ncm_18110_4ba35f78,6005.43.00,,
__export__.l10n_br_fiscal_ncm_18111_646b935b,6005.44.00,,
__export__.l10n_br_fiscal_ncm_18112_b8fb30e9,6005.90.10,,
__export__.l10n_br_fiscal_ncm_18113_a4a1a72c,6005.90.90,,
__export__.l10n_br_fiscal_ncm_18114_2e51a6b7,6006.10.00,,
__export__.l10n_br_fiscal_ncm_18115_7a273507,6006.21.00,,
__export__.l10n_br_fiscal_ncm_18116_3edad8bc,6006.22.00,,
__export__.l10n_br_fiscal_ncm_18117_141d36f7,6006.23.00,,
__export__.l10n_br_fiscal_ncm_18118_7d90ea53,6006.24.00,,
__export__.l10n_br_fiscal_ncm_18119_63eb9b77,6006.31.10,,
__export__.l10n_br_fiscal_ncm_18120_d212c745,6006.31.20,,
__export__.l10n_br_fiscal_ncm_18121_9cc4058f,6006.31.30,,
__export__.l10n_br_fiscal_ncm_18122_bb924c41,6006.31.90,,
__export__.l10n_br_fiscal_ncm_18123_1d738e82,6006.32.10,,
__export__.l10n_br_fiscal_ncm_18124_be4a453f,6006.32.20,,
__export__.l10n_br_fiscal_ncm_18125_5e811108,6006.32.30,,
__export__.l10n_br_fiscal_ncm_18126_245ed216,6006.32.90,,
__export__.l10n_br_fiscal_ncm_18127_b0bb0edc,6006.33.10,,
__export__.l10n_br_fiscal_ncm_18128_7ce58b6b,6006.33.20,,
__export__.l10n_br_fiscal_ncm_18129_6ae41b06,6006.33.30,,
__export__.l10n_br_fiscal_ncm_18130_3694a8b9,6006.33.90,,
__export__.l10n_br_fiscal_ncm_18131_feaac1ee,6006.34.10,,
__export__.l10n_br_fiscal_ncm_18132_f59b4b50,6006.34.20,,
__export__.l10n_br_fiscal_ncm_18133_ace3f8d5,6006.34.30,,
__export__.l10n_br_fiscal_ncm_18134_ac29e653,6006.34.90,,
__export__.l10n_br_fiscal_ncm_18135_9a870bfa,6006.41.00,,
__export__.l10n_br_fiscal_ncm_18136_1ce56818,6006.42.00,,
__export__.l10n_br_fiscal_ncm_18137_215477e0,6006.43.00,,
__export__.l10n_br_fiscal_ncm_18138_8d42c4cf,6006.44.00,,
__export__.l10n_br_fiscal_ncm_18139_ab0adf05,6006.90.00,,
__export__.l10n_br_fiscal_ncm_18140_3adaaa77,6101.20.00,,
__export__.l10n_br_fiscal_ncm_18141_e3b9c98f,6101.30.00,,
__export__.l10n_br_fiscal_ncm_18142_ec9275ca,6101.90.10,,
__export__.l10n_br_fiscal_ncm_18143_cdf12914,6101.90.90,,
__export__.l10n_br_fiscal_ncm_18144_0b5dd6d4,6102.10.00,,
__export__.l10n_br_fiscal_ncm_18145_ce2c7279,6102.20.00,,
__export__.l10n_br_fiscal_ncm_18146_30b63676,6102.30.00,,
__export__.l10n_br_fiscal_ncm_18147_3dc880fb,6102.90.00,,
__export__.l10n_br_fiscal_ncm_18148_e3f599bb,6103.10.10,,
__export__.l10n_br_fiscal_ncm_18149_b84ad3ef,6103.10.20,,
__export__.l10n_br_fiscal_ncm_18150_4c215d4b,6103.10.90,,
__export__.l10n_br_fiscal_ncm_18151_8492f312,6103.22.00,,
__export__.l10n_br_fiscal_ncm_18152_f9211e3c,6103.23.00,,
__export__.l10n_br_fiscal_ncm_18153_6f4b0fb1,6103.29.10,,
__export__.l10n_br_fiscal_ncm_18154_b9e0c0d4,6103.29.90,,
__export__.l10n_br_fiscal_ncm_18155_1907bccd,6103.31.00,,
__export__.l10n_br_fiscal_ncm_18156_fe48652d,6103.32.00,,
__export__.l10n_br_fiscal_ncm_18157_1b26b4a2,6103.33.00,,
__export__.l10n_br_fiscal_ncm_18158_6c67ae25,6103.39.00,,
__export__.l10n_br_fiscal_ncm_18159_e343c6ac,6103.41.00,,
__export__.l10n_br_fiscal_ncm_18160_7a758c77,6103.42.00,,
__export__.l10n_br_fiscal_ncm_18161_cf54b913,6103.43.00,,
__export__.l10n_br_fiscal_ncm_18162_ac8f38fd,6103.49.00,,
__export__.l10n_br_fiscal_ncm_18163_027a1c30,6104.13.00,,
__export__.l10n_br_fiscal_ncm_18164_73bdd982,6104.19.10,,
__export__.l10n_br_fiscal_ncm_18165_aa990dcc,6104.19.20,,
__export__.l10n_br_fiscal_ncm_18166_d02a5a07,6104.19.90,,
__export__.l10n_br_fiscal_ncm_18167_6cac2cbf,6104.22.00,,
__export__.l10n_br_fiscal_ncm_18168_11047826,6104.23.00,,
__export__.l10n_br_fiscal_ncm_18169_c6eddf0b,6104.29.10,,
__export__.l10n_br_fiscal_ncm_18170_09d1c6cd,6104.29.90,,
__export__.l10n_br_fiscal_ncm_18171_885d422d,6104.31.00,,
__export__.l10n_br_fiscal_ncm_18172_443803f9,6104.32.00,,
__export__.l10n_br_fiscal_ncm_18173_aa25db0c,6104.33.00,,
__export__.l10n_br_fiscal_ncm_18174_d8469160,6104.39.00,,
__export__.l10n_br_fiscal_ncm_18175_7ebba7a5,6104.41.00,,
__export__.l10n_br_fiscal_ncm_18176_b5cf07a8,6104.42.00,,
__export__.l10n_br_fiscal_ncm_18177_5bacc559,6104.43.00,,
__export__.l10n_br_fiscal_ncm_18178_27c6ab45,6104.44.00,,
__export__.l10n_br_fiscal_ncm_18179_755fac96,6104.49.00,,
__export__.l10n_br_fiscal_ncm_18180_524f9a6c,6104.51.00,,
__export__.l10n_br_fiscal_ncm_18181_50b7ef01,6104.52.00,,
__export__.l10n_br_fiscal_ncm_18182_e5df2081,6104.53.00,,
__export__.l10n_br_fiscal_ncm_18183_0700dae7,6104.59.00,,
__export__.l10n_br_fiscal_ncm_18184_d885d4c1,6104.61.00,,
__export__.l10n_br_fiscal_ncm_18185_bf5af523,6104.62.00,,
__export__.l10n_br_fiscal_ncm_18186_04528a21,6104.63.00,,
__export__.l10n_br_fiscal_ncm_18187_8147e376,6104.69.00,,
__export__.l10n_br_fiscal_ncm_18188_69b665ba,6105.10.00,,
__export__.l10n_br_fiscal_ncm_18189_0edcfc9c,6105.20.00,,
__export__.l10n_br_fiscal_ncm_18190_7d38765a,6105.90.00,,
__export__.l10n_br_fiscal_ncm_18191_2e453b76,6106.10.00,,
__export__.l10n_br_fiscal_ncm_18192_f2914e5c,6106.20.00,,
__export__.l10n_br_fiscal_ncm_18193_b788512b,6106.90.00,,
__export__.l10n_br_fiscal_ncm_18194_da3a9ce9,6107.11.00,,
__export__.l10n_br_fiscal_ncm_18195_183ae0b1,6107.12.00,,
__export__.l10n_br_fiscal_ncm_18196_fe48f3a2,6107.19.00,,
__export__.l10n_br_fiscal_ncm_18197_47353cee,6107.21.00,,
__export__.l10n_br_fiscal_ncm_18198_313114b1,6107.22.00,,
__export__.l10n_br_fiscal_ncm_18199_70395f14,6107.29.00,,
__export__.l10n_br_fiscal_ncm_18200_216e08c2,6107.91.00,,
__export__.l10n_br_fiscal_ncm_18201_7865de2d,6107.99.10,,
__export__.l10n_br_fiscal_ncm_18202_276ea092,6107.99.90,,
__export__.l10n_br_fiscal_ncm_18203_8f91ab37,6108.11.00,,
__export__.l10n_br_fiscal_ncm_18204_f94eee57,6108.19.00,,
__export__.l10n_br_fiscal_ncm_18205_e9e8b13e,6108.21.00,,
__export__.l10n_br_fiscal_ncm_18206_5fca33cf,6108.22.00,,
__export__.l10n_br_fiscal_ncm_18207_1217a7ca,6108.29.00,,
__export__.l10n_br_fiscal_ncm_18208_4185efe4,6108.31.00,,
__export__.l10n_br_fiscal_ncm_18209_d5b7a9c7,6108.32.00,,
__export__.l10n_br_fiscal_ncm_18210_cbde109c,6108.39.00,,
__export__.l10n_br_fiscal_ncm_18211_a56cd713,6108.91.00,,
__export__.l10n_br_fiscal_ncm_18212_ea769e4d,6108.92.00,,
__export__.l10n_br_fiscal_ncm_18213_bb4b8509,6108.99.00,,
__export__.l10n_br_fiscal_ncm_18214_4f8968ef,6109.10.00,,
__export__.l10n_br_fiscal_ncm_18215_f7896560,6109.90.00,,
__export__.l10n_br_fiscal_ncm_18216_46e29c2f,6110.11.00,,
__export__.l10n_br_fiscal_ncm_18217_8f27ee7b,6110.12.00,,
__export__.l10n_br_fiscal_ncm_18218_9d36a209,6110.19.00,,
__export__.l10n_br_fiscal_ncm_18219_11722fd6,6110.20.00,,
__export__.l10n_br_fiscal_ncm_18220_e5523b4e,6110.30.00,,
__export__.l10n_br_fiscal_ncm_18221_b52eaafa,6110.90.00,,
__export__.l10n_br_fiscal_ncm_18222_09f9b3f7,6111.20.00,,
__export__.l10n_br_fiscal_ncm_18223_263ac1be,6111.30.00,,
__export__.l10n_br_fiscal_ncm_18224_1f1fda98,6111.90.10,,
__export__.l10n_br_fiscal_ncm_18225_338d1123,6111.90.90,,
__export__.l10n_br_fiscal_ncm_18226_7a880fc3,6112.11.00,,
__export__.l10n_br_fiscal_ncm_18227_24593133,6112.12.00,,
__export__.l10n_br_fiscal_ncm_18228_1cd320e2,6112.19.00,,
__export__.l10n_br_fiscal_ncm_18229_3b1059d5,6112.20.00,,
__export__.l10n_br_fiscal_ncm_18230_2b47aad4,6112.31.00,,
__export__.l10n_br_fiscal_ncm_18231_6962c360,6112.39.00,,
__export__.l10n_br_fiscal_ncm_18232_50118465,6112.41.00,,
__export__.l10n_br_fiscal_ncm_18233_236f7706,6112.49.00,,
__export__.l10n_br_fiscal_ncm_18234_4beba867,6113.00.00,,
__export__.l10n_br_fiscal_ncm_18235_496cd8ea,6114.20.00,,
__export__.l10n_br_fiscal_ncm_18236_035db94a,6114.30.00,,
__export__.l10n_br_fiscal_ncm_18237_b6cdc323,6114.90.10,,
__export__.l10n_br_fiscal_ncm_18238_f10dc375,6114.90.90,,
__export__.l10n_br_fiscal_ncm_18239_7d125bc3,6115.10.11,,
__export__.l10n_br_fiscal_ncm_18240_8257d086,6115.10.12,,
__export__.l10n_br_fiscal_ncm_18241_5b2b70de,6115.10.13,,
__export__.l10n_br_fiscal_ncm_18242_439e6fea,6115.10.14,,
__export__.l10n_br_fiscal_ncm_18243_cb78b01a,6115.10.19,,
__export__.l10n_br_fiscal_ncm_18244_62306335,6115.10.21,,
__export__.l10n_br_fiscal_ncm_18245_9a7d52bc,6115.10.22,,
__export__.l10n_br_fiscal_ncm_18246_bd10b7ae,6115.10.29,,
__export__.l10n_br_fiscal_ncm_18247_17f08f2d,6115.10.91,,
__export__.l10n_br_fiscal_ncm_18248_e5f5e4a6,6115.10.92,,
__export__.l10n_br_fiscal_ncm_18249_07fd2dc7,6115.10.93,,
__export__.l10n_br_fiscal_ncm_18250_11053775,6115.10.99,,
__export__.l10n_br_fiscal_ncm_18251_fe4f672c,6115.21.00,,
__export__.l10n_br_fiscal_ncm_18252_4c402512,6115.22.00,,
__export__.l10n_br_fiscal_ncm_18253_1f5368f7,6115.29.10,,
__export__.l10n_br_fiscal_ncm_18254_50dd4b35,6115.29.20,,
__export__.l10n_br_fiscal_ncm_18255_1bffc276,6115.29.90,,
__export__.l10n_br_fiscal_ncm_18256_c33a558f,6115.30.10,,
__export__.l10n_br_fiscal_ncm_18257_933bb34e,6115.30.20,,
__export__.l10n_br_fiscal_ncm_18258_d9901296,6115.30.90,,
__export__.l10n_br_fiscal_ncm_18259_23ca1149,6115.94.00,,
__export__.l10n_br_fiscal_ncm_18260_e176ff72,6115.95.00,,
__export__.l10n_br_fiscal_ncm_18261_adf372a4,6115.96.00,,
__export__.l10n_br_fiscal_ncm_18262_47ded84e,6115.99.00,,
__export__.l10n_br_fiscal_ncm_18263_ed4e0a05,6116.10.00,,
__export__.l10n_br_fiscal_ncm_18264_631e8aa2,6116.91.00,,
__export__.l10n_br_fiscal_ncm_18265_241004d1,6116.92.00,,
__export__.l10n_br_fiscal_ncm_18266_53cc2d73,6116.93.00,,
__export__.l10n_br_fiscal_ncm_18267_a755648a,6116.99.00,,
__export__.l10n_br_fiscal_ncm_18268_b25aad0f,6117.10.00,,
__export__.l10n_br_fiscal_ncm_18269_7a59fd62,6117.80.10,,
__export__.l10n_br_fiscal_ncm_18270_1002cd0b,6117.80.90,,
__export__.l10n_br_fiscal_ncm_18271_15029c42,6117.90.00,,
__export__.l10n_br_fiscal_ncm_18272_36b0903f,6201.20.00,,
__export__.l10n_br_fiscal_ncm_18273_ddb4721e,6201.30.00,,
__export__.l10n_br_fiscal_ncm_18274_c6e71039,6201.40.00,,
__export__.l10n_br_fiscal_ncm_18275_f7398d40,6201.90.00,,
__export__.l10n_br_fiscal_ncm_18276_d28adf8e,6202.20.00,,
__export__.l10n_br_fiscal_ncm_18277_fdb89236,6202.30.00,,
__export__.l10n_br_fiscal_ncm_18278_cfd04591,6202.40.00,,
__export__.l10n_br_fiscal_ncm_18279_c8c4e045,6202.90.00,,
__export__.l10n_br_fiscal_ncm_18280_5e4e8232,6203.11.00,,
__export__.l10n_br_fiscal_ncm_18281_df93d20f,6203.12.00,,
__export__.l10n_br_fiscal_ncm_18282_7c4f1ef0,6203.19.00,,
__export__.l10n_br_fiscal_ncm_18283_f00b51b1,6203.22.00,,
__export__.l10n_br_fiscal_ncm_18284_989649fc,6203.23.00,,
__export__.l10n_br_fiscal_ncm_18285_b845a821,6203.29.10,,
__export__.l10n_br_fiscal_ncm_18286_350702c6,6203.29.90,,
__export__.l10n_br_fiscal_ncm_18287_afb84de3,6203.31.00,,
__export__.l10n_br_fiscal_ncm_18288_c3cf8b77,6203.32.00,,
__export__.l10n_br_fiscal_ncm_18289_55a14cf6,6203.33.00,,
__export__.l10n_br_fiscal_ncm_18290_a0805cdb,6203.39.00,,
__export__.l10n_br_fiscal_ncm_18291_1d5056ff,6203.41.00,,
__export__.l10n_br_fiscal_ncm_18292_96ea0cca,6203.42.00,,
__export__.l10n_br_fiscal_ncm_18293_71e90f40,6203.43.00,,
__export__.l10n_br_fiscal_ncm_18294_8a4b2d1f,6203.49.00,,
__export__.l10n_br_fiscal_ncm_18295_c3074c4e,6204.11.00,,
__export__.l10n_br_fiscal_ncm_18296_eeb5278a,6204.12.00,,
__export__.l10n_br_fiscal_ncm_18297_0acd8016,6204.13.00,,
__export__.l10n_br_fiscal_ncm_18298_91a5f291,6204.19.00,,
__export__.l10n_br_fiscal_ncm_18299_4839be88,6204.21.00,,
__export__.l10n_br_fiscal_ncm_18300_4d4ba853,6204.22.00,,
__export__.l10n_br_fiscal_ncm_18301_a634566d,6204.23.00,,
__export__.l10n_br_fiscal_ncm_18302_765e18b6,6204.29.00,,
__export__.l10n_br_fiscal_ncm_18303_b5792753,6204.31.00,,
__export__.l10n_br_fiscal_ncm_18304_91088477,6204.32.00,,
__export__.l10n_br_fiscal_ncm_18305_93d67f3c,6204.33.00,,
__export__.l10n_br_fiscal_ncm_18306_55854b9e,6204.39.00,,
__export__.l10n_br_fiscal_ncm_18307_7c604b6b,6204.41.00,,
__export__.l10n_br_fiscal_ncm_18308_c9289c18,6204.42.00,,
__export__.l10n_br_fiscal_ncm_18309_b18911dc,6204.43.00,,
__export__.l10n_br_fiscal_ncm_18310_4fd1d4b9,6204.44.00,,
__export__.l10n_br_fiscal_ncm_18311_c661bb1a,6204.49.00,,
__export__.l10n_br_fiscal_ncm_18312_7c08edb0,6204.51.00,,
__export__.l10n_br_fiscal_ncm_18313_b867f36b,6204.52.00,,
__export__.l10n_br_fiscal_ncm_18314_e870751c,6204.53.00,,
__export__.l10n_br_fiscal_ncm_18315_bb97ddd1,6204.59.00,,
__export__.l10n_br_fiscal_ncm_18316_4b2ae7c2,6204.61.00,,
__export__.l10n_br_fiscal_ncm_18317_dec5b797,6204.62.00,,
__export__.l10n_br_fiscal_ncm_18318_3c1b5fc3,6204.63.00,,
__export__.l10n_br_fiscal_ncm_18319_c31b116c,6204.69.00,,
__export__.l10n_br_fiscal_ncm_18320_fd5672a0,6205.20.00,,
__export__.l10n_br_fiscal_ncm_18321_007856a1,6205.30.00,,
__export__.l10n_br_fiscal_ncm_18322_3e232422,6205.90.10,,
__export__.l10n_br_fiscal_ncm_18323_31f39989,6205.90.90,,
__export__.l10n_br_fiscal_ncm_18324_9dfbef8e,6206.10.00,,
__export__.l10n_br_fiscal_ncm_18325_458588e8,6206.20.00,,
__export__.l10n_br_fiscal_ncm_18326_1618a860,6206.30.00,,
__export__.l10n_br_fiscal_ncm_18327_41e10cd2,6206.40.00,,
__export__.l10n_br_fiscal_ncm_18328_bd2e701a,6206.90.00,,
__export__.l10n_br_fiscal_ncm_18329_c50216a6,6207.11.00,,
__export__.l10n_br_fiscal_ncm_18330_40e1594d,6207.19.00,,
__export__.l10n_br_fiscal_ncm_18331_502e1d4f,6207.21.00,,
__export__.l10n_br_fiscal_ncm_18332_783af2eb,6207.22.00,,
__export__.l10n_br_fiscal_ncm_18333_1bb490a9,6207.29.00,,
__export__.l10n_br_fiscal_ncm_18334_4b7399d5,6207.91.00,,
__export__.l10n_br_fiscal_ncm_18335_a926034e,6207.99.10,,
__export__.l10n_br_fiscal_ncm_18336_4a1400bd,6207.99.90,,
__export__.l10n_br_fiscal_ncm_18337_802f56ad,6208.11.00,,
__export__.l10n_br_fiscal_ncm_18338_d6cfc0a8,6208.19.00,,
__export__.l10n_br_fiscal_ncm_18339_82d86493,6208.21.00,,
__export__.l10n_br_fiscal_ncm_18340_a28e8a77,6208.22.00,,
__export__.l10n_br_fiscal_ncm_18341_678dde79,6208.29.00,,
__export__.l10n_br_fiscal_ncm_18342_68349415,6208.91.00,,
__export__.l10n_br_fiscal_ncm_18343_6f570059,6208.92.00,,
__export__.l10n_br_fiscal_ncm_18344_de86a14e,6208.99.00,,
__export__.l10n_br_fiscal_ncm_18345_f93fd002,6209.20.00,,
__export__.l10n_br_fiscal_ncm_18346_a3bb73a9,6209.30.00,,
__export__.l10n_br_fiscal_ncm_18347_50eb5985,6209.90.10,,
__export__.l10n_br_fiscal_ncm_18348_7a85df73,6209.90.90,,
__export__.l10n_br_fiscal_ncm_18349_ff3d8e04,6210.10.00,,
__export__.l10n_br_fiscal_ncm_18350_fa93e47e,6210.20.00,,
__export__.l10n_br_fiscal_ncm_18351_1cb11150,6210.30.00,,
__export__.l10n_br_fiscal_ncm_18352_9e07b631,6210.40.00,,
__export__.l10n_br_fiscal_ncm_18353_a2226146,6210.50.00,,
__export__.l10n_br_fiscal_ncm_18354_630390a3,6211.11.00,,
__export__.l10n_br_fiscal_ncm_18355_e0c96b4b,6211.12.00,,
__export__.l10n_br_fiscal_ncm_18356_01e6679d,6211.20.00,,
__export__.l10n_br_fiscal_ncm_18357_7e1c62f2,6211.32.00,,
__export__.l10n_br_fiscal_ncm_18358_21a9e551,6211.33.00,,
__export__.l10n_br_fiscal_ncm_18359_59fe13c1,6211.39.10,,
__export__.l10n_br_fiscal_ncm_18360_d7c82f11,6211.39.90,,
__export__.l10n_br_fiscal_ncm_18361_f974ec77,6211.42.00,,
__export__.l10n_br_fiscal_ncm_18362_56533304,6211.43.00,,
__export__.l10n_br_fiscal_ncm_18363_11406354,6211.49.00,,
__export__.l10n_br_fiscal_ncm_18364_d0611d87,6212.10.00,,
__export__.l10n_br_fiscal_ncm_18365_9b5eb084,6212.20.00,,
__export__.l10n_br_fiscal_ncm_18366_076cbbfc,6212.30.00,,
__export__.l10n_br_fiscal_ncm_18367_d3ac0dcf,6212.90.00,,
__export__.l10n_br_fiscal_ncm_18368_ab90f319,6213.20.00,,
__export__.l10n_br_fiscal_ncm_18369_7b4b9157,6213.90.10,,
__export__.l10n_br_fiscal_ncm_18370_cdeaebb5,6213.90.90,,
__export__.l10n_br_fiscal_ncm_18371_9e03f429,6214.10.00,,
__export__.l10n_br_fiscal_ncm_18372_d89e0174,6214.20.00,,
__export__.l10n_br_fiscal_ncm_18373_5cc24b2a,6214.30.00,,
__export__.l10n_br_fiscal_ncm_18374_fb589b00,6214.40.00,,
__export__.l10n_br_fiscal_ncm_18375_fb8a38a2,6214.90.10,,
__export__.l10n_br_fiscal_ncm_18376_4c2fcac1,6214.90.90,,
__export__.l10n_br_fiscal_ncm_18377_2e465b87,6215.10.00,,
__export__.l10n_br_fiscal_ncm_18378_7cb72dbb,6215.20.00,,
__export__.l10n_br_fiscal_ncm_18379_09b73466,6215.90.00,,
__export__.l10n_br_fiscal_ncm_18380_b6826692,6216.00.00,,
__export__.l10n_br_fiscal_ncm_18381_353319af,6217.10.00,,
__export__.l10n_br_fiscal_ncm_18382_b5af36af,6217.90.00,,
__export__.l10n_br_fiscal_ncm_18383_2a410513,6301.10.00,,
__export__.l10n_br_fiscal_ncm_18384_1c2482a4,6301.20.00,,
__export__.l10n_br_fiscal_ncm_18385_2baa10df,6301.30.00,,
__export__.l10n_br_fiscal_ncm_18386_a6a4fc01,6301.40.00,,
__export__.l10n_br_fiscal_ncm_18387_64c03810,6301.90.00,,
__export__.l10n_br_fiscal_ncm_18388_ac67f759,6302.10.00,,
__export__.l10n_br_fiscal_ncm_18389_9080e35c,6302.21.00,,
__export__.l10n_br_fiscal_ncm_18390_958f2742,6302.22.00,,
__export__.l10n_br_fiscal_ncm_18391_a027dede,6302.29.00,,
__export__.l10n_br_fiscal_ncm_18392_fb839ad5,6302.31.00,,
__export__.l10n_br_fiscal_ncm_18393_ecd274a0,6302.32.00,,
__export__.l10n_br_fiscal_ncm_18394_429ab418,6302.39.00,,
__export__.l10n_br_fiscal_ncm_18395_eee8ba41,6302.40.00,,
__export__.l10n_br_fiscal_ncm_18396_d9b56e3c,6302.51.00,,
__export__.l10n_br_fiscal_ncm_18397_cbff77de,6302.53.00,,
__export__.l10n_br_fiscal_ncm_18398_8743339c,6302.59.10,,
__export__.l10n_br_fiscal_ncm_18399_d2f76e74,6302.59.90,,
__export__.l10n_br_fiscal_ncm_18400_f8c37220,6302.60.00,,
__export__.l10n_br_fiscal_ncm_18401_939615a8,6302.91.00,,
__export__.l10n_br_fiscal_ncm_18402_0a4d2236,6302.93.00,,
__export__.l10n_br_fiscal_ncm_18403_d5377769,6302.99.10,,
__export__.l10n_br_fiscal_ncm_18404_423b7686,6302.99.90,,
__export__.l10n_br_fiscal_ncm_18405_59c22986,6303.12.00,,
__export__.l10n_br_fiscal_ncm_18406_d199e642,6303.19.10,,
__export__.l10n_br_fiscal_ncm_18407_1ab93c46,6303.19.90,,
__export__.l10n_br_fiscal_ncm_18408_b7954a3a,6303.91.00,,
__export__.l10n_br_fiscal_ncm_18409_37254204,6303.92.00,,
__export__.l10n_br_fiscal_ncm_18410_a5dd443b,6303.99.00,,
__export__.l10n_br_fiscal_ncm_18411_3e8927ed,6304.11.00,,
__export__.l10n_br_fiscal_ncm_18412_a3f707c4,6304.19.10,,
__export__.l10n_br_fiscal_ncm_18413_f208148b,6304.19.90,,
__export__.l10n_br_fiscal_ncm_18414_fedab23b,6304.20.00,,
__export__.l10n_br_fiscal_ncm_18415_881e06b3,6304.91.00,,
__export__.l10n_br_fiscal_ncm_18416_91be5f5b,6304.92.00,,
__export__.l10n_br_fiscal_ncm_18417_5196ef29,6304.93.00,,
__export__.l10n_br_fiscal_ncm_18418_4205bfc6,6304.99.00,,
__export__.l10n_br_fiscal_ncm_18419_adeef838,6305.10.00,,
__export__.l10n_br_fiscal_ncm_18420_8850ab01,6305.20.00,,
__export__.l10n_br_fiscal_ncm_18421_31afa761,6305.32.00,,
__export__.l10n_br_fiscal_ncm_18422_ceaa71e4,6305.33.10,,
__export__.l10n_br_fiscal_ncm_18423_b01a7006,6305.33.90,,
__export__.l10n_br_fiscal_ncm_18424_9930c3c6,6305.39.00,,
__export__.l10n_br_fiscal_ncm_18425_a9580edf,6305.90.00,,
__export__.l10n_br_fiscal_ncm_18426_c6b0577e,6306.12.00,,
__export__.l10n_br_fiscal_ncm_18427_9b239fee,6306.19.10,,
__export__.l10n_br_fiscal_ncm_18428_82b55366,6306.19.90,,
__export__.l10n_br_fiscal_ncm_18429_891e3ce4,6306.22.00,,
__export__.l10n_br_fiscal_ncm_18430_5ac24043,6306.29.10,,
__export__.l10n_br_fiscal_ncm_18431_c9fb96c2,6306.29.90,,
__export__.l10n_br_fiscal_ncm_18432_c3e97422,6306.30.10,,
__export__.l10n_br_fiscal_ncm_18433_bd578398,6306.30.90,,
__export__.l10n_br_fiscal_ncm_18434_000b44d4,6306.40.10,,
__export__.l10n_br_fiscal_ncm_18435_9accac13,6306.40.90,,
__export__.l10n_br_fiscal_ncm_18436_e38f491a,6306.90.00,,
__export__.l10n_br_fiscal_ncm_18437_c7269b09,6307.10.00,,
__export__.l10n_br_fiscal_ncm_18438_8120e491,6307.20.00,,
__export__.l10n_br_fiscal_ncm_18439_bc6cb3b7,6307.90.10,,
__export__.l10n_br_fiscal_ncm_18440_bdf57981,6307.90.20,,
__export__.l10n_br_fiscal_ncm_18441_e1cd28f4,6307.90.90,,
__export__.l10n_br_fiscal_ncm_18442_91084e8d,6308.00.00,,
__export__.l10n_br_fiscal_ncm_18443_f1cdf244,6309.00.10,,
__export__.l10n_br_fiscal_ncm_18444_b074cd4d,6309.00.90,,
__export__.l10n_br_fiscal_ncm_18445_f75b0135,6310.10.00,,
__export__.l10n_br_fiscal_ncm_18446_68b8005d,6310.90.00,,
__export__.l10n_br_fiscal_ncm_18447_38a83303,6401.10.00,,
__export__.l10n_br_fiscal_ncm_18448_a08815fa,6401.92.00,,
__export__.l10n_br_fiscal_ncm_18449_61a4cdce,6401.99.10,,
__export__.l10n_br_fiscal_ncm_18450_b8cbc11a,6401.99.90,,
__export__.l10n_br_fiscal_ncm_18451_419bb80e,6402.12.00,,
__export__.l10n_br_fiscal_ncm_18452_2e9fc4a5,6402.19.00,,
__export__.l10n_br_fiscal_ncm_18453_497de09a,6402.20.00,,
__export__.l10n_br_fiscal_ncm_18454_16ec679b,6402.91.10,,
__export__.l10n_br_fiscal_ncm_18455_23cb04fa,6402.91.90,,
__export__.l10n_br_fiscal_ncm_18456_7520f43a,6402.99.10,,
__export__.l10n_br_fiscal_ncm_18457_8367bb0e,6402.99.90,,
__export__.l10n_br_fiscal_ncm_18458_0f33f4e2,6403.12.00,,
__export__.l10n_br_fiscal_ncm_18459_57b58b66,6403.19.00,,
__export__.l10n_br_fiscal_ncm_18460_2773d159,6403.20.00,,
__export__.l10n_br_fiscal_ncm_18461_80df1bd3,6403.40.00,,
__export__.l10n_br_fiscal_ncm_18462_33ac1a53,6403.51.10,,
__export__.l10n_br_fiscal_ncm_18463_2a2822a0,6403.51.90,,
__export__.l10n_br_fiscal_ncm_18464_d6d873c0,6403.59.10,,
__export__.l10n_br_fiscal_ncm_18465_a885d942,6403.59.90,,
__export__.l10n_br_fiscal_ncm_18466_77d44a68,6403.91.10,,
__export__.l10n_br_fiscal_ncm_18467_fcc653c7,6403.91.90,,
__export__.l10n_br_fiscal_ncm_18468_322e47d0,6403.99.10,,
__export__.l10n_br_fiscal_ncm_18469_8c8d7374,6403.99.90,,
__export__.l10n_br_fiscal_ncm_18470_6728e2b7,6404.11.00,,
__export__.l10n_br_fiscal_ncm_18471_6d515eeb,6404.19.00,,
__export__.l10n_br_fiscal_ncm_18472_8c467e50,6404.20.00,,
__export__.l10n_br_fiscal_ncm_18473_37a595f6,6405.10.10,,
__export__.l10n_br_fiscal_ncm_18474_1d2cc69b,6405.10.20,,
__export__.l10n_br_fiscal_ncm_18475_ff5d5c9c,6405.10.90,,
__export__.l10n_br_fiscal_ncm_18476_550ea7db,6405.20.00,,
__export__.l10n_br_fiscal_ncm_18477_f8de4e6d,6405.90.00,,
__export__.l10n_br_fiscal_ncm_18478_9fe8ecf1,6406.10.00,,
__export__.l10n_br_fiscal_ncm_18479_f3c02374,6406.20.00,,
__export__.l10n_br_fiscal_ncm_18480_a3e0808e,6406.90.10,,
__export__.l10n_br_fiscal_ncm_18481_cde7e6e6,6406.90.20,,
__export__.l10n_br_fiscal_ncm_18482_f931f8d0,6406.90.90,,
__export__.l10n_br_fiscal_ncm_18483_87ee2623,6501.00.00,,
__export__.l10n_br_fiscal_ncm_18484_d74120f2,6502.00.10,,
__export__.l10n_br_fiscal_ncm_18485_bf0970a8,6502.00.90,,
__export__.l10n_br_fiscal_ncm_18486_99a631fc,6504.00.10,,
__export__.l10n_br_fiscal_ncm_18487_9dea5b60,6504.00.90,,
__export__.l10n_br_fiscal_ncm_18488_12ea4426,6505.00.11,,
__export__.l10n_br_fiscal_ncm_18489_0da4ec40,6505.00.12,,
__export__.l10n_br_fiscal_ncm_18490_975f06f8,6505.00.19,,
__export__.l10n_br_fiscal_ncm_18491_8a436549,6505.00.21,,
__export__.l10n_br_fiscal_ncm_18492_748c3e45,6505.00.22,,
__export__.l10n_br_fiscal_ncm_18493_e1447c0e,6505.00.29,,
__export__.l10n_br_fiscal_ncm_18494_9ce0f52a,6505.00.31,,
__export__.l10n_br_fiscal_ncm_18495_928a2370,6505.00.32,,
__export__.l10n_br_fiscal_ncm_18496_7ccc3525,6505.00.39,,
__export__.l10n_br_fiscal_ncm_18497_6a21d280,6505.00.90,,
__export__.l10n_br_fiscal_ncm_18498_88f82bb1,6506.10.00,,
__export__.l10n_br_fiscal_ncm_18499_dc81cb45,6506.91.00,,
__export__.l10n_br_fiscal_ncm_18500_696835a3,6506.99.00,,
__export__.l10n_br_fiscal_ncm_18501_67ed12cf,6507.00.00,,
__export__.l10n_br_fiscal_ncm_18502_ec9af097,6601.10.00,,
__export__.l10n_br_fiscal_ncm_18503_a5fbe013,6601.91.10,,
__export__.l10n_br_fiscal_ncm_18504_787104c5,6601.91.90,,
__export__.l10n_br_fiscal_ncm_18505_9ca9a789,6601.99.00,,
__export__.l10n_br_fiscal_ncm_18506_474517c3,6602.00.00,,l10n_br_fiscal.tax_classification_200031
__export__.l10n_br_fiscal_ncm_18507_9a560c19,6603.20.00,,
__export__.l10n_br_fiscal_ncm_18508_7778d9e1,6603.90.00,,
__export__.l10n_br_fiscal_ncm_18509_ee12dcf1,6701.00.00,,
__export__.l10n_br_fiscal_ncm_18510_7fc3eb78,6702.10.00,,
__export__.l10n_br_fiscal_ncm_18511_a5b69d84,6702.90.00,,
__export__.l10n_br_fiscal_ncm_18512_f52b3000,6703.00.00,,
__export__.l10n_br_fiscal_ncm_18513_26905697,6704.11.00,,
__export__.l10n_br_fiscal_ncm_18514_7dfd3ef0,6704.19.00,,
__export__.l10n_br_fiscal_ncm_18515_54d7b24e,6704.20.00,,
__export__.l10n_br_fiscal_ncm_18516_55933167,6704.90.00,,
__export__.l10n_br_fiscal_ncm_18517_28d2c6e2,6801.00.00,,
__export__.l10n_br_fiscal_ncm_18518_93fe6186,6802.10.00,,
__export__.l10n_br_fiscal_ncm_18519_037108f2,6802.10.00,1,
__export__.l10n_br_fiscal_ncm_18520_0d5640bc,6802.21.00,,
__export__.l10n_br_fiscal_ncm_18521_24acd32f,6802.21.00,1,
__export__.l10n_br_fiscal_ncm_18522_5feb2afe,6802.23.00,,
__export__.l10n_br_fiscal_ncm_18523_65a43131,6802.23.00,1,
__export__.l10n_br_fiscal_ncm_18524_2bef3af8,6802.29.00,,
__export__.l10n_br_fiscal_ncm_18525_d71cc145,6802.29.00,1,
__export__.l10n_br_fiscal_ncm_18526_fb5b042c,6802.91.00,,
__export__.l10n_br_fiscal_ncm_18527_fd09719c,6802.91.00,1,
__export__.l10n_br_fiscal_ncm_18528_02f058ed,6802.92.00,,
__export__.l10n_br_fiscal_ncm_18529_95e28ecc,6802.92.00,1,
__export__.l10n_br_fiscal_ncm_18530_235b8cac,6802.93.10,,
__export__.l10n_br_fiscal_ncm_18531_d46fa12d,6802.93.90,,
__export__.l10n_br_fiscal_ncm_18532_87236c48,6802.93.90,1,
__export__.l10n_br_fiscal_ncm_18533_76966089,6802.99.10,,
__export__.l10n_br_fiscal_ncm_18534_d5a15e05,6802.99.90,,
__export__.l10n_br_fiscal_ncm_18535_e0edd67d,6802.99.90,1,
__export__.l10n_br_fiscal_ncm_18536_38480dc0,6803.00.00,,
__export__.l10n_br_fiscal_ncm_18537_7f999d2e,6803.00.00,1,
__export__.l10n_br_fiscal_ncm_18538_f0750521,6804.10.00,,
__export__.l10n_br_fiscal_ncm_18539_d5a44090,6804.21.11,,
__export__.l10n_br_fiscal_ncm_18540_f9ee1102,6804.21.19,,
__export__.l10n_br_fiscal_ncm_18541_c76bb82a,6804.21.90,,
__export__.l10n_br_fiscal_ncm_18542_fb5ac9a1,6804.22.11,,
__export__.l10n_br_fiscal_ncm_18543_b1f6eea3,6804.22.19,,
__export__.l10n_br_fiscal_ncm_18544_60ffe82a,6804.22.90,,
__export__.l10n_br_fiscal_ncm_18545_b799411a,6804.23.00,,
__export__.l10n_br_fiscal_ncm_18546_54f6fc03,6804.30.00,,
__export__.l10n_br_fiscal_ncm_18547_db7ee3f7,6805.10.00,,
__export__.l10n_br_fiscal_ncm_18548_6c176c2b,6805.20.00,,
__export__.l10n_br_fiscal_ncm_18549_607528e1,6805.30.10,,
__export__.l10n_br_fiscal_ncm_18550_6f05827d,6805.30.20,,
__export__.l10n_br_fiscal_ncm_18551_5831e6d6,6805.30.90,,
__export__.l10n_br_fiscal_ncm_18552_8516caa2,6806.10.00,,
__export__.l10n_br_fiscal_ncm_18553_d36f78f0,6806.10.00,1,
__export__.l10n_br_fiscal_ncm_18554_0cebbed9,6806.20.00,,l10n_br_fiscal.tax_classification_200038
__export__.l10n_br_fiscal_ncm_18555_04e145c3,6806.90.10,,
__export__.l10n_br_fiscal_ncm_18556_e7064108,6806.90.90,,
__export__.l10n_br_fiscal_ncm_18557_169b7bd7,6806.90.90,1,
__export__.l10n_br_fiscal_ncm_18558_1d9130e4,6807.10.00,,
__export__.l10n_br_fiscal_ncm_18559_fab0b665,6807.90.00,,
__export__.l10n_br_fiscal_ncm_18560_ab74daa7,6807.90.00,1,
__export__.l10n_br_fiscal_ncm_18561_9779afe2,6808.00.00,,
__export__.l10n_br_fiscal_ncm_18562_c5e3109a,6809.11.00,,
__export__.l10n_br_fiscal_ncm_18563_70f32993,6809.19.00,,
__export__.l10n_br_fiscal_ncm_18564_252eee81,6809.90.00,,
__export__.l10n_br_fiscal_ncm_18565_61db039b,6810.11.00,,
__export__.l10n_br_fiscal_ncm_18566_6de4f1c7,6810.19.00,,
__export__.l10n_br_fiscal_ncm_18567_cfbe2d6e,6810.91.00,,
__export__.l10n_br_fiscal_ncm_18568_5d76a61f,6810.99.00,,
__export__.l10n_br_fiscal_ncm_18569_22b95b64,6811.40.00,,
__export__.l10n_br_fiscal_ncm_18570_6309a6be,6811.81.00,,
__export__.l10n_br_fiscal_ncm_18571_91efe0b4,6811.82.00,,
__export__.l10n_br_fiscal_ncm_18572_b5eddce5,6811.89.00,,
__export__.l10n_br_fiscal_ncm_18573_0cb59cac,6812.80.00,,
__export__.l10n_br_fiscal_ncm_18574_566a36d5,6812.91.00,,
__export__.l10n_br_fiscal_ncm_18575_4530dc26,6812.99.10,,
__export__.l10n_br_fiscal_ncm_18576_0fa81512,6812.99.20,,
__export__.l10n_br_fiscal_ncm_18577_076f2c65,6812.99.30,,
__export__.l10n_br_fiscal_ncm_18578_036a2a26,6812.99.90,,
__export__.l10n_br_fiscal_ncm_18579_f798ca26,6813.20.00,,
__export__.l10n_br_fiscal_ncm_18580_ca0bbae6,6813.20.00,1,
__export__.l10n_br_fiscal_ncm_18581_2fc72067,6813.81.10,,
__export__.l10n_br_fiscal_ncm_18582_759e1450,6813.81.90,,
__export__.l10n_br_fiscal_ncm_18583_cb82743d,6813.89.10,,
__export__.l10n_br_fiscal_ncm_18584_ec23096d,6813.89.90,,
__export__.l10n_br_fiscal_ncm_18585_9e33c3ca,6814.10.00,,
__export__.l10n_br_fiscal_ncm_18586_f0ce86a1,6814.90.00,,
__export__.l10n_br_fiscal_ncm_18587_d7e797ac,6815.11.00,,
__export__.l10n_br_fiscal_ncm_18588_4027fe25,6815.12.00,,
__export__.l10n_br_fiscal_ncm_18589_d091693e,6815.13.00,,
__export__.l10n_br_fiscal_ncm_18590_f2c36171,6815.19.00,,
__export__.l10n_br_fiscal_ncm_18591_795731ab,6815.20.00,,
__export__.l10n_br_fiscal_ncm_18592_c2c42366,6815.91.10,,
__export__.l10n_br_fiscal_ncm_18593_208a6b88,6815.91.90,,
__export__.l10n_br_fiscal_ncm_18594_7b8c0241,6815.99.11,,
__export__.l10n_br_fiscal_ncm_18595_3f1e7e9d,6815.99.12,,
__export__.l10n_br_fiscal_ncm_18596_b490c76b,6815.99.13,,
__export__.l10n_br_fiscal_ncm_18597_59b56e81,6815.99.14,,
__export__.l10n_br_fiscal_ncm_18598_02ebf925,6815.99.19,,
__export__.l10n_br_fiscal_ncm_18599_2a146c20,6815.99.90,,
__export__.l10n_br_fiscal_ncm_18600_941be2d4,6901.00.00,,
__export__.l10n_br_fiscal_ncm_18601_766a49a4,6902.10.11,,
__export__.l10n_br_fiscal_ncm_18602_2db5487d,6902.10.18,,
__export__.l10n_br_fiscal_ncm_18603_71246cd0,6902.10.19,,
__export__.l10n_br_fiscal_ncm_18604_deef985d,6902.10.90,,
__export__.l10n_br_fiscal_ncm_18605_c50a8ca0,6902.20.10,,
__export__.l10n_br_fiscal_ncm_18606_091f9bb6,6902.20.91,,
__export__.l10n_br_fiscal_ncm_18607_bf4c0e1d,6902.20.92,,
__export__.l10n_br_fiscal_ncm_18608_e4f0f3b7,6902.20.93,,
__export__.l10n_br_fiscal_ncm_18609_7dcd2ae1,6902.20.99,,
__export__.l10n_br_fiscal_ncm_18610_642d9b2c,6902.90.10,,
__export__.l10n_br_fiscal_ncm_18611_c502709d,6902.90.20,,
__export__.l10n_br_fiscal_ncm_18612_534e31d0,6902.90.30,,
__export__.l10n_br_fiscal_ncm_18613_83e9852b,6902.90.40,,
__export__.l10n_br_fiscal_ncm_18614_d4461d14,6902.90.90,,
__export__.l10n_br_fiscal_ncm_18615_410bc95f,6903.10.11,,
__export__.l10n_br_fiscal_ncm_18616_818a142c,6903.10.12,,
__export__.l10n_br_fiscal_ncm_18617_68fdac78,6903.10.19,,
__export__.l10n_br_fiscal_ncm_18618_b9e36400,6903.10.20,,
__export__.l10n_br_fiscal_ncm_18619_953dd028,6903.10.30,,
__export__.l10n_br_fiscal_ncm_18620_1960160c,6903.10.40,,
__export__.l10n_br_fiscal_ncm_18621_e509e941,6903.10.90,,
__export__.l10n_br_fiscal_ncm_18622_2e7ad654,6903.20.10,,
__export__.l10n_br_fiscal_ncm_18623_c15b0d57,6903.20.20,,
__export__.l10n_br_fiscal_ncm_18624_fb293e4a,6903.20.30,,
__export__.l10n_br_fiscal_ncm_18625_6d68a1de,6903.20.90,,
__export__.l10n_br_fiscal_ncm_18626_439d0f74,6903.90.11,,
__export__.l10n_br_fiscal_ncm_18627_bdd2085b,6903.90.12,,
__export__.l10n_br_fiscal_ncm_18628_07897f2e,6903.90.19,,
__export__.l10n_br_fiscal_ncm_18629_1a845a10,6903.90.91,,
__export__.l10n_br_fiscal_ncm_18630_b49c1700,6903.90.92,,
__export__.l10n_br_fiscal_ncm_18631_93c4cf27,6903.90.99,,
__export__.l10n_br_fiscal_ncm_18632_c8921f19,6904.10.00,,
__export__.l10n_br_fiscal_ncm_18633_64db1f76,6904.90.00,,
__export__.l10n_br_fiscal_ncm_18634_c256d228,6905.10.00,,
__export__.l10n_br_fiscal_ncm_18635_0009fe07,6905.90.00,,
__export__.l10n_br_fiscal_ncm_18636_267d0a19,6906.00.00,,
__export__.l10n_br_fiscal_ncm_18637_254d8f96,6907.21.00,,
__export__.l10n_br_fiscal_ncm_18638_e393c8af,6907.22.00,,
__export__.l10n_br_fiscal_ncm_18639_64e3c35e,6907.23.00,,
__export__.l10n_br_fiscal_ncm_18640_f32b76b6,6907.30.00,,
__export__.l10n_br_fiscal_ncm_18641_5a1c827e,6907.40.00,,
__export__.l10n_br_fiscal_ncm_18642_f33b7568,6909.11.00,,
__export__.l10n_br_fiscal_ncm_18643_dc177c64,6909.12.10,,
__export__.l10n_br_fiscal_ncm_18644_e6672f81,6909.12.20,,
__export__.l10n_br_fiscal_ncm_18645_f2486e4a,6909.12.30,,
__export__.l10n_br_fiscal_ncm_18646_66ee9041,6909.12.90,,
__export__.l10n_br_fiscal_ncm_18647_14a97f7e,6909.19.10,,
__export__.l10n_br_fiscal_ncm_18648_1fb23763,6909.19.20,,
__export__.l10n_br_fiscal_ncm_18649_601ee1b9,6909.19.30,,
__export__.l10n_br_fiscal_ncm_18650_4ef13b03,6909.19.90,,
__export__.l10n_br_fiscal_ncm_18651_e796e1d6,6909.90.00,,
__export__.l10n_br_fiscal_ncm_18652_80cc10d0,6910.10.00,,
__export__.l10n_br_fiscal_ncm_18653_ad8ee640,6910.90.00,,
__export__.l10n_br_fiscal_ncm_18654_be5f298d,6911.10.10,,
__export__.l10n_br_fiscal_ncm_18655_7b2e75ad,6911.10.90,,
__export__.l10n_br_fiscal_ncm_18656_23e23ec6,6911.90.00,,
__export__.l10n_br_fiscal_ncm_18657_0239c210,6912.00.00,,
__export__.l10n_br_fiscal_ncm_18658_2f6a9fc2,6913.10.00,,
__export__.l10n_br_fiscal_ncm_18659_151395ed,6913.90.00,,
__export__.l10n_br_fiscal_ncm_18660_5623085e,6914.10.00,,
__export__.l10n_br_fiscal_ncm_18661_09169463,6914.90.00,,
__export__.l10n_br_fiscal_ncm_18662_cbb152a5,7001.00.00,,
__export__.l10n_br_fiscal_ncm_18663_86f255fd,7001.00.00,1,
__export__.l10n_br_fiscal_ncm_18664_084ab906,7001.00.00,2,
__export__.l10n_br_fiscal_ncm_18665_e35391dd,7002.10.00,,
__export__.l10n_br_fiscal_ncm_18666_dd28d556,7002.10.00,1,
__export__.l10n_br_fiscal_ncm_18667_57e362a0,7002.20.00,,
__export__.l10n_br_fiscal_ncm_18668_d7173d89,7002.20.00,1,
__export__.l10n_br_fiscal_ncm_18669_e4170fa9,7002.31.00,,
__export__.l10n_br_fiscal_ncm_18670_72f8af5d,7002.31.00,1,
__export__.l10n_br_fiscal_ncm_18671_0644b492,7002.32.00,,
__export__.l10n_br_fiscal_ncm_18672_b76dc4b0,7002.32.00,1,
__export__.l10n_br_fiscal_ncm_18673_ed9cfd9d,7002.39.00,,
__export__.l10n_br_fiscal_ncm_18674_1c8daa69,7002.39.00,1,
__export__.l10n_br_fiscal_ncm_18675_c5000fc1,7003.12.00,,
__export__.l10n_br_fiscal_ncm_18676_eff83b52,7003.12.00,1,
__export__.l10n_br_fiscal_ncm_18677_f86b0977,7003.19.00,,
__export__.l10n_br_fiscal_ncm_18678_79cbcd96,7003.19.00,1,
__export__.l10n_br_fiscal_ncm_18679_dc908fa4,7003.20.00,,
__export__.l10n_br_fiscal_ncm_18680_63123f7a,7003.30.00,,
__export__.l10n_br_fiscal_ncm_18681_222e199a,7004.20.00,,
__export__.l10n_br_fiscal_ncm_18682_9618a78c,7004.20.00,1,
__export__.l10n_br_fiscal_ncm_18683_360de128,7004.90.00,,
__export__.l10n_br_fiscal_ncm_18684_3d857df6,7004.90.00,1,
__export__.l10n_br_fiscal_ncm_18685_cb019704,7005.10.00,,
__export__.l10n_br_fiscal_ncm_18686_d8589498,7005.10.00,1,
__export__.l10n_br_fiscal_ncm_18687_7e5bac61,7005.21.00,,
__export__.l10n_br_fiscal_ncm_18688_71a4e5ba,7005.21.00,1,
__export__.l10n_br_fiscal_ncm_18689_d196f8c8,7005.29.00,,
__export__.l10n_br_fiscal_ncm_18690_60bdbfb1,7005.29.00,1,
__export__.l10n_br_fiscal_ncm_18691_840c234a,7005.30.00,,
__export__.l10n_br_fiscal_ncm_18692_288d2f29,7006.00.00,,
__export__.l10n_br_fiscal_ncm_18693_231c9144,7006.00.00,1,
__export__.l10n_br_fiscal_ncm_18694_2f3e3444,7007.11.00,,
__export__.l10n_br_fiscal_ncm_18695_e26922f5,7007.11.00,1,
__export__.l10n_br_fiscal_ncm_18696_464ad4f1,7007.19.00,,
__export__.l10n_br_fiscal_ncm_18697_6a261ae3,7007.21.00,,
__export__.l10n_br_fiscal_ncm_18698_5924a3c2,7007.21.00,1,
__export__.l10n_br_fiscal_ncm_18699_2e842672,7007.29.00,,
__export__.l10n_br_fiscal_ncm_18700_05e1f3c0,7008.00.00,,
__export__.l10n_br_fiscal_ncm_18702_176f1093,7009.10.00,1,
__export__.l10n_br_fiscal_ncm_18701_a1f51d6d,7009.10.00,,
__export__.l10n_br_fiscal_ncm_18703_8125824d,7009.91.00,,
__export__.l10n_br_fiscal_ncm_18704_e9e20eff,7009.92.00,,
__export__.l10n_br_fiscal_ncm_18705_605b9cb3,7010.10.00,,
__export__.l10n_br_fiscal_ncm_18706_68e84ebe,7010.20.00,,
__export__.l10n_br_fiscal_ncm_18707_9abfb37c,7010.90.11,,
__export__.l10n_br_fiscal_ncm_18708_9618998e,7010.90.12,,
__export__.l10n_br_fiscal_ncm_18709_d7f89202,7010.90.21,,
__export__.l10n_br_fiscal_ncm_18710_def9b54d,7010.90.22,,
__export__.l10n_br_fiscal_ncm_18711_8c89d35b,7010.90.90,,
__export__.l10n_br_fiscal_ncm_18712_814980fc,7011.10.10,,
__export__.l10n_br_fiscal_ncm_18713_139297b4,7011.10.21,,
__export__.l10n_br_fiscal_ncm_18714_66cc73a1,7011.10.29,,
__export__.l10n_br_fiscal_ncm_18715_872a1714,7011.10.90,,
__export__.l10n_br_fiscal_ncm_18716_ef227149,7011.20.00,,
__export__.l10n_br_fiscal_ncm_18717_7842677b,7011.90.00,,
__export__.l10n_br_fiscal_ncm_18718_01fb1dba,7013.10.00,,
__export__.l10n_br_fiscal_ncm_18719_675315e2,7013.22.00,,
__export__.l10n_br_fiscal_ncm_18720_c04b7a3a,7013.28.00,,
__export__.l10n_br_fiscal_ncm_18721_a7585adf,7013.33.00,,
__export__.l10n_br_fiscal_ncm_18722_e8123055,7013.37.00,,
__export__.l10n_br_fiscal_ncm_18723_1fdfe35c,7013.41.00,,
__export__.l10n_br_fiscal_ncm_18724_39d3d400,7013.42.10,,
__export__.l10n_br_fiscal_ncm_18725_7b948e21,7013.42.90,,
__export__.l10n_br_fiscal_ncm_18726_49f4a6fe,7013.42.90,1,
__export__.l10n_br_fiscal_ncm_18727_13983425,7013.49.00,,
__export__.l10n_br_fiscal_ncm_18728_85847a71,7013.49.00,1,
__export__.l10n_br_fiscal_ncm_18729_f85fb7cd,7013.91.10,,
__export__.l10n_br_fiscal_ncm_18730_7bc9f279,7013.91.90,,
__export__.l10n_br_fiscal_ncm_18731_b678ebbd,7013.99.00,,
__export__.l10n_br_fiscal_ncm_18732_0edf4412,7014.00.00,,
__export__.l10n_br_fiscal_ncm_18733_83b9f7e3,7014.00.00,1,
__export__.l10n_br_fiscal_ncm_18734_179393b2,7015.10.10,,
__export__.l10n_br_fiscal_ncm_18735_0fba82ad,7015.10.91,,
__export__.l10n_br_fiscal_ncm_18736_cef1d016,7015.10.92,,
__export__.l10n_br_fiscal_ncm_18737_85ec12e6,7015.90.10,,
__export__.l10n_br_fiscal_ncm_18738_2a82d963,7015.90.20,,
__export__.l10n_br_fiscal_ncm_18739_6993c5e8,7015.90.30,,
__export__.l10n_br_fiscal_ncm_18740_24b2a043,7015.90.90,,
__export__.l10n_br_fiscal_ncm_18741_c1cbdea0,7016.10.00,,
__export__.l10n_br_fiscal_ncm_18742_b2cf53f7,7016.90.00,,
__export__.l10n_br_fiscal_ncm_18743_9ff15a76,7017.10.00,,
__export__.l10n_br_fiscal_ncm_18744_64eeb5e3,7017.20.00,,
__export__.l10n_br_fiscal_ncm_18745_4d042160,7017.90.00,,
__export__.l10n_br_fiscal_ncm_18746_a9671afb,7018.10.10,,
__export__.l10n_br_fiscal_ncm_18747_152a813f,7018.10.20,,
__export__.l10n_br_fiscal_ncm_18748_8309aec2,7018.10.90,,
__export__.l10n_br_fiscal_ncm_18749_ce74a231,7018.20.00,,
__export__.l10n_br_fiscal_ncm_18750_02f12405,7018.90.00,,
__export__.l10n_br_fiscal_ncm_18751_fc756640,7019.11.00,,
__export__.l10n_br_fiscal_ncm_18752_e7c88ff4,7019.12.10,,
__export__.l10n_br_fiscal_ncm_18753_edd80996,7019.12.90,,
__export__.l10n_br_fiscal_ncm_18754_b911d13c,7019.13.00,,
__export__.l10n_br_fiscal_ncm_18755_6d380bb3,7019.14.00,,
__export__.l10n_br_fiscal_ncm_18756_5a81b311,7019.15.00,,
__export__.l10n_br_fiscal_ncm_18757_9b705182,7019.19.00,,
__export__.l10n_br_fiscal_ncm_18758_1a5080e8,7019.61.00,,
__export__.l10n_br_fiscal_ncm_18759_e96970c2,7019.62.00,,
__export__.l10n_br_fiscal_ncm_18760_9d5f5740,7019.63.00,,
__export__.l10n_br_fiscal_ncm_18761_f38262fa,7019.64.00,,
__export__.l10n_br_fiscal_ncm_18762_55426cf0,7019.65.00,,
__export__.l10n_br_fiscal_ncm_18763_24dca8d9,7019.66.00,,
__export__.l10n_br_fiscal_ncm_18764_609ff8c6,7019.69.00,,
__export__.l10n_br_fiscal_ncm_18765_94f94799,7019.71.00,,
__export__.l10n_br_fiscal_ncm_18766_05d2cfbf,7019.72.00,,
__export__.l10n_br_fiscal_ncm_18767_2d38b51a,7019.73.10,,
__export__.l10n_br_fiscal_ncm_18768_ace172f5,7019.73.90,,
__export__.l10n_br_fiscal_ncm_18769_d6f2d494,7019.80.00,,
__export__.l10n_br_fiscal_ncm_18770_b3872e82,7019.90.00,,
__export__.l10n_br_fiscal_ncm_18771_fbc1e0e8,7020.00.10,,
__export__.l10n_br_fiscal_ncm_18772_c3c4fb07,7020.00.90,,
__export__.l10n_br_fiscal_ncm_18773_0099f7b1,7101.10.00,,
__export__.l10n_br_fiscal_ncm_18774_ecb87a11,7101.21.00,,
__export__.l10n_br_fiscal_ncm_18775_78f0250f,7101.22.00,,
__export__.l10n_br_fiscal_ncm_18776_8af04f8b,7102.10.00,,
__export__.l10n_br_fiscal_ncm_18777_19fe1326,7102.10.00,1,
__export__.l10n_br_fiscal_ncm_18778_c6590879,7102.21.00,,
__export__.l10n_br_fiscal_ncm_18779_cef43f26,7102.29.00,,
__export__.l10n_br_fiscal_ncm_18780_7e958acd,7102.31.00,,
__export__.l10n_br_fiscal_ncm_18781_8f733686,7102.31.00,1,
__export__.l10n_br_fiscal_ncm_18782_c93f77ba,7102.39.00,,
__export__.l10n_br_fiscal_ncm_18783_7482c47c,7103.10.00,,
__export__.l10n_br_fiscal_ncm_18784_aa43c8b4,7103.91.00,,
__export__.l10n_br_fiscal_ncm_18785_f4a4949c,7103.99.00,,
__export__.l10n_br_fiscal_ncm_18786_34c0b14c,7104.10.00,,
__export__.l10n_br_fiscal_ncm_18787_92ffa674,7104.21.00,,
__export__.l10n_br_fiscal_ncm_18788_f2091356,7104.29.00,,
__export__.l10n_br_fiscal_ncm_18789_9701905b,7104.91.00,,
__export__.l10n_br_fiscal_ncm_18790_58739251,7104.99.00,,
__export__.l10n_br_fiscal_ncm_18791_1fc16070,7105.10.00,,
__export__.l10n_br_fiscal_ncm_18792_0d8b3506,7105.90.00,,
__export__.l10n_br_fiscal_ncm_18793_62d74da7,7106.10.00,,
__export__.l10n_br_fiscal_ncm_18794_bb1ebd48,7106.91.00,,
__export__.l10n_br_fiscal_ncm_18795_55baf53c,7106.92.10,,
__export__.l10n_br_fiscal_ncm_18796_d5d52762,7106.92.20,,
__export__.l10n_br_fiscal_ncm_18797_4fdc6528,7106.92.90,,
__export__.l10n_br_fiscal_ncm_18798_606bd79d,7107.00.00,,
__export__.l10n_br_fiscal_ncm_18799_83a96301,7108.11.00,,
__export__.l10n_br_fiscal_ncm_18800_ffd247f8,7108.12.10,,
__export__.l10n_br_fiscal_ncm_18801_19e0ed39,7108.12.90,,
__export__.l10n_br_fiscal_ncm_18802_18f4ba20,7108.13.10,,
__export__.l10n_br_fiscal_ncm_18803_0888a4b8,7108.13.90,,
__export__.l10n_br_fiscal_ncm_18804_25739b8c,7108.20.00,,
__export__.l10n_br_fiscal_ncm_18805_080eccda,7109.00.00,,
__export__.l10n_br_fiscal_ncm_18806_e54699ea,7110.11.00,,
__export__.l10n_br_fiscal_ncm_18807_540fb9a9,7110.19.10,,
__export__.l10n_br_fiscal_ncm_18808_afc5b9ed,7110.19.90,,
__export__.l10n_br_fiscal_ncm_18809_0f876f31,7110.21.00,,
__export__.l10n_br_fiscal_ncm_18810_91ad846f,7110.29.00,,
__export__.l10n_br_fiscal_ncm_18811_107a7dac,7110.31.00,,
__export__.l10n_br_fiscal_ncm_18812_9c5cd8bb,7110.39.00,,
__export__.l10n_br_fiscal_ncm_18813_32c86d27,7110.41.00,,
__export__.l10n_br_fiscal_ncm_18814_f2d2ee93,7110.49.00,,
__export__.l10n_br_fiscal_ncm_18815_551f5a88,7111.00.00,,
__export__.l10n_br_fiscal_ncm_18816_d63a9b23,7112.30.10,,
__export__.l10n_br_fiscal_ncm_18817_84c02d86,7112.30.10,1,
__export__.l10n_br_fiscal_ncm_18818_c4e505db,7112.30.20,,
__export__.l10n_br_fiscal_ncm_18819_91cc0900,7112.30.20,1,
__export__.l10n_br_fiscal_ncm_18820_bcefb56e,7112.30.90,,
__export__.l10n_br_fiscal_ncm_18821_49cd09bd,7112.30.90,1,
__export__.l10n_br_fiscal_ncm_18822_99a7f776,7112.91.00,,
__export__.l10n_br_fiscal_ncm_18823_662f3029,7112.91.00,1,
__export__.l10n_br_fiscal_ncm_18824_66313673,7112.92.00,,
__export__.l10n_br_fiscal_ncm_18825_75bb7958,7112.92.00,1,
__export__.l10n_br_fiscal_ncm_18826_4cd6a30b,7112.99.00,,
__export__.l10n_br_fiscal_ncm_18827_ace7529a,7112.99.00,1,
__export__.l10n_br_fiscal_ncm_18828_c5f59155,7113.11.00,,
__export__.l10n_br_fiscal_ncm_18829_533f2245,7113.19.00,,
__export__.l10n_br_fiscal_ncm_18830_e36f27f5,7113.20.00,,
__export__.l10n_br_fiscal_ncm_18831_57575344,7114.11.00,,
__export__.l10n_br_fiscal_ncm_18832_5ef4c946,7114.19.00,,
__export__.l10n_br_fiscal_ncm_18833_9d0583f4,7114.20.00,,
__export__.l10n_br_fiscal_ncm_18834_b2878cc9,7115.10.00,,
__export__.l10n_br_fiscal_ncm_18835_9f2e9184,7115.90.00,,
__export__.l10n_br_fiscal_ncm_18836_54ec711c,7116.10.00,,
__export__.l10n_br_fiscal_ncm_18837_e9dc6317,7116.20.10,,
__export__.l10n_br_fiscal_ncm_18838_9e6ed805,7116.20.20,,
__export__.l10n_br_fiscal_ncm_18839_a9f9392f,7116.20.90,,
__export__.l10n_br_fiscal_ncm_18840_77e5da04,7117.11.00,,
__export__.l10n_br_fiscal_ncm_18841_b05f145c,7117.19.00,,
__export__.l10n_br_fiscal_ncm_18842_a65a6447,7117.90.00,,
__export__.l10n_br_fiscal_ncm_18843_c7f5fa80,7118.10.10,,
__export__.l10n_br_fiscal_ncm_18844_9af1f3d8,7118.10.90,,
__export__.l10n_br_fiscal_ncm_18845_ebb63ae5,7118.90.00,,
__export__.l10n_br_fiscal_ncm_18846_32a9ba27,7201.10.00,,
__export__.l10n_br_fiscal_ncm_18847_93b2e662,7201.20.00,,
__export__.l10n_br_fiscal_ncm_18848_efb7d7a9,7201.50.00,,
__export__.l10n_br_fiscal_ncm_18849_373b23c9,7202.11.00,,
__export__.l10n_br_fiscal_ncm_18850_d334a256,7202.19.00,,
__export__.l10n_br_fiscal_ncm_18851_6ff587c2,7202.21.00,,
__export__.l10n_br_fiscal_ncm_18852_b1edc3db,7202.29.00,,
__export__.l10n_br_fiscal_ncm_18853_2d5b8391,7202.30.00,,
__export__.l10n_br_fiscal_ncm_18854_a7b09e89,7202.41.00,,
__export__.l10n_br_fiscal_ncm_18855_fdddd0d3,7202.49.00,,
__export__.l10n_br_fiscal_ncm_18856_41513b60,7202.50.00,,
__export__.l10n_br_fiscal_ncm_18857_e7c062f2,7202.60.00,,
__export__.l10n_br_fiscal_ncm_18858_626569cd,7202.70.00,,
__export__.l10n_br_fiscal_ncm_18859_8a267467,7202.80.00,,
__export__.l10n_br_fiscal_ncm_18860_bd48736d,7202.91.00,,
__export__.l10n_br_fiscal_ncm_18861_1c1aeb66,7202.92.00,,
__export__.l10n_br_fiscal_ncm_18862_eb9e96f5,7202.93.00,,
__export__.l10n_br_fiscal_ncm_18863_50529ce2,7202.99.10,,
__export__.l10n_br_fiscal_ncm_18864_cc5cc152,7202.99.90,,
__export__.l10n_br_fiscal_ncm_18865_e4acfad1,7203.10.00,,
__export__.l10n_br_fiscal_ncm_18866_a68c20b1,7203.90.00,,
__export__.l10n_br_fiscal_ncm_18867_bd4185f4,7204.10.00,,
__export__.l10n_br_fiscal_ncm_18868_ff1bb480,7204.21.00,,
__export__.l10n_br_fiscal_ncm_18869_8b20ca75,7204.29.00,,
__export__.l10n_br_fiscal_ncm_18870_13f13636,7204.30.00,,
__export__.l10n_br_fiscal_ncm_18871_70bd1177,7204.41.00,,
__export__.l10n_br_fiscal_ncm_18872_faf0e925,7204.49.00,,
__export__.l10n_br_fiscal_ncm_18873_012c8b36,7204.50.00,,
__export__.l10n_br_fiscal_ncm_18874_e2adde1a,7205.10.00,,
__export__.l10n_br_fiscal_ncm_18875_ae2ef983,7205.21.00,,
__export__.l10n_br_fiscal_ncm_18876_bd1c5e71,7205.29.10,,
__export__.l10n_br_fiscal_ncm_18877_ba3cf903,7205.29.20,,
__export__.l10n_br_fiscal_ncm_18878_e974bf7a,7205.29.90,,
__export__.l10n_br_fiscal_ncm_18879_4b6f088e,7206.10.00,,
__export__.l10n_br_fiscal_ncm_18880_2b861008,7206.90.00,,
__export__.l10n_br_fiscal_ncm_18881_d83839f7,7207.11.10,,
__export__.l10n_br_fiscal_ncm_18882_092e356b,7207.11.90,,
__export__.l10n_br_fiscal_ncm_18883_13bb4307,7207.12.00,,
__export__.l10n_br_fiscal_ncm_18884_eeb37543,7207.19.00,,
__export__.l10n_br_fiscal_ncm_18885_93e0bda6,7207.20.00,,
__export__.l10n_br_fiscal_ncm_18886_13fb1373,7208.10.00,,
__export__.l10n_br_fiscal_ncm_18887_5d8c2cb0,7208.25.00,,
__export__.l10n_br_fiscal_ncm_18888_830cf236,7208.26.10,,
__export__.l10n_br_fiscal_ncm_18889_93a6ae54,7208.26.90,,
__export__.l10n_br_fiscal_ncm_18890_ad043d3d,7208.27.10,,
__export__.l10n_br_fiscal_ncm_18891_4489c0c9,7208.27.90,,
__export__.l10n_br_fiscal_ncm_18892_babe927e,7208.36.10,,
__export__.l10n_br_fiscal_ncm_18893_0b610b52,7208.36.90,,
__export__.l10n_br_fiscal_ncm_18894_33e52571,7208.37.00,,
__export__.l10n_br_fiscal_ncm_18895_008e4c32,7208.38.10,,
__export__.l10n_br_fiscal_ncm_18896_55ffadde,7208.38.90,,
__export__.l10n_br_fiscal_ncm_18897_5475bddf,7208.39.10,,
__export__.l10n_br_fiscal_ncm_18898_314b1d94,7208.39.90,,
__export__.l10n_br_fiscal_ncm_18899_52c0c407,7208.40.00,,
__export__.l10n_br_fiscal_ncm_18900_ac783c25,7208.51.00,,
__export__.l10n_br_fiscal_ncm_18901_2461048a,7208.52.00,,
__export__.l10n_br_fiscal_ncm_18902_a3a13ce5,7208.53.00,,
__export__.l10n_br_fiscal_ncm_18903_91380215,7208.54.00,,
__export__.l10n_br_fiscal_ncm_18904_0560281b,7208.90.00,,
__export__.l10n_br_fiscal_ncm_18905_cef63f14,7209.15.00,,
__export__.l10n_br_fiscal_ncm_18906_c239ebc9,7209.16.00,,
__export__.l10n_br_fiscal_ncm_18907_6fdcde7f,7209.17.00,,
__export__.l10n_br_fiscal_ncm_18908_efe99a17,7209.18.00,,
__export__.l10n_br_fiscal_ncm_18909_c4f483e4,7209.25.00,,
__export__.l10n_br_fiscal_ncm_18910_eb6e8c17,7209.26.00,,
__export__.l10n_br_fiscal_ncm_18911_6cd728c5,7209.27.00,,
__export__.l10n_br_fiscal_ncm_18912_11ed738c,7209.28.00,,
__export__.l10n_br_fiscal_ncm_18913_7b6e0892,7209.90.00,,
__export__.l10n_br_fiscal_ncm_18914_16217399,7210.11.00,,
__export__.l10n_br_fiscal_ncm_18915_1f34dd72,7210.12.00,,
__export__.l10n_br_fiscal_ncm_18916_800bf19b,7210.20.00,,
__export__.l10n_br_fiscal_ncm_18917_f3414fdc,7210.30.10,,
__export__.l10n_br_fiscal_ncm_18918_9b22fd84,7210.30.90,,
__export__.l10n_br_fiscal_ncm_18919_85236c57,7210.41.10,,
__export__.l10n_br_fiscal_ncm_18920_27cfd552,7210.41.90,,
__export__.l10n_br_fiscal_ncm_18921_b348684d,7210.49.10,,
__export__.l10n_br_fiscal_ncm_18922_ec684ae0,7210.49.90,,
__export__.l10n_br_fiscal_ncm_18923_e2b75204,7210.50.00,,
__export__.l10n_br_fiscal_ncm_18924_c5fa7a29,7210.61.00,,
__export__.l10n_br_fiscal_ncm_18925_e2af02f5,7210.69.11,,
__export__.l10n_br_fiscal_ncm_18926_877e81da,7210.69.19,,
__export__.l10n_br_fiscal_ncm_18927_ceed77ef,7210.69.90,,
__export__.l10n_br_fiscal_ncm_18928_7561bfc2,7210.70.10,,
__export__.l10n_br_fiscal_ncm_18929_78e826fe,7210.70.20,,
__export__.l10n_br_fiscal_ncm_18930_bf4ce4f2,7210.90.00,,
__export__.l10n_br_fiscal_ncm_18931_af8f65ca,7211.13.00,,
__export__.l10n_br_fiscal_ncm_18932_1cd8d2cb,7211.14.00,,
__export__.l10n_br_fiscal_ncm_18933_fa00c4b2,7211.19.00,,
__export__.l10n_br_fiscal_ncm_18934_ec517a13,7211.23.00,,
__export__.l10n_br_fiscal_ncm_18935_14699cc3,7211.29.10,,
__export__.l10n_br_fiscal_ncm_18936_29677860,7211.29.20,,
__export__.l10n_br_fiscal_ncm_18937_75ca8276,7211.90.10,,
__export__.l10n_br_fiscal_ncm_18938_ebb1dca8,7211.90.90,,
__export__.l10n_br_fiscal_ncm_18939_a1043845,7212.10.00,,
__export__.l10n_br_fiscal_ncm_18940_203789ac,7212.20.10,,
__export__.l10n_br_fiscal_ncm_18941_aacf32bd,7212.20.90,,
__export__.l10n_br_fiscal_ncm_18942_986ba50d,7212.30.00,,
__export__.l10n_br_fiscal_ncm_18943_5abc5392,7212.40.10,,
__export__.l10n_br_fiscal_ncm_18944_d22bc7b3,7212.40.21,,
__export__.l10n_br_fiscal_ncm_18945_f45ae4ae,7212.40.29,,
__export__.l10n_br_fiscal_ncm_18946_c8763c3e,7212.50.10,,
__export__.l10n_br_fiscal_ncm_18947_822d6274,7212.50.90,,
__export__.l10n_br_fiscal_ncm_18948_d3c0477f,7212.60.00,,
__export__.l10n_br_fiscal_ncm_18949_05c3c2ed,7213.10.00,,
__export__.l10n_br_fiscal_ncm_18950_86eb1b3c,7213.20.00,,
__export__.l10n_br_fiscal_ncm_18951_6364ba9c,7213.91.10,,
__export__.l10n_br_fiscal_ncm_18952_8be727c1,7213.91.90,,
__export__.l10n_br_fiscal_ncm_18953_b9c6c9fa,7213.99.10,,
__export__.l10n_br_fiscal_ncm_18954_23b9528c,7213.99.90,,
__export__.l10n_br_fiscal_ncm_18955_a1cb3000,7214.10.10,,
__export__.l10n_br_fiscal_ncm_18956_f34abb51,7214.10.90,,
__export__.l10n_br_fiscal_ncm_18957_687d9f9d,7214.20.00,,
__export__.l10n_br_fiscal_ncm_18958_b1513eb3,7214.30.00,,
__export__.l10n_br_fiscal_ncm_18959_25a7c29a,7214.91.00,,
__export__.l10n_br_fiscal_ncm_18960_41857eb5,7214.99.10,,
__export__.l10n_br_fiscal_ncm_18961_d10c00c0,7214.99.90,,
__export__.l10n_br_fiscal_ncm_18962_b95a1d0b,7215.10.00,,
__export__.l10n_br_fiscal_ncm_18963_b5ee39fa,7215.50.00,,
__export__.l10n_br_fiscal_ncm_18964_314640cb,7215.90.10,,
__export__.l10n_br_fiscal_ncm_18965_9fb5890f,7215.90.90,,
__export__.l10n_br_fiscal_ncm_18966_01c78304,7216.10.00,,
__export__.l10n_br_fiscal_ncm_18967_dcf17623,7216.21.00,,
__export__.l10n_br_fiscal_ncm_18968_f39c4c3f,7216.22.00,,
__export__.l10n_br_fiscal_ncm_18969_c2118905,7216.31.00,,
__export__.l10n_br_fiscal_ncm_18970_61e1bc28,7216.32.00,,
__export__.l10n_br_fiscal_ncm_18971_847b8a29,7216.33.00,,
__export__.l10n_br_fiscal_ncm_18972_cc837c21,7216.40.10,,
__export__.l10n_br_fiscal_ncm_18973_c2d10f97,7216.40.90,,
__export__.l10n_br_fiscal_ncm_18974_f11b562a,7216.50.00,,
__export__.l10n_br_fiscal_ncm_18975_3f0cbf37,7216.61.10,,
__export__.l10n_br_fiscal_ncm_18976_be68c2d9,7216.61.90,,
__export__.l10n_br_fiscal_ncm_18977_c639bb2f,7216.69.10,,
__export__.l10n_br_fiscal_ncm_18978_8dda99c7,7216.69.90,,
__export__.l10n_br_fiscal_ncm_18979_e6cd8b41,7216.91.00,,
__export__.l10n_br_fiscal_ncm_18980_4717aab1,7216.99.00,,
__export__.l10n_br_fiscal_ncm_18981_80806bee,7217.10.11,,
__export__.l10n_br_fiscal_ncm_18982_dd4f6b63,7217.10.19,,
__export__.l10n_br_fiscal_ncm_18983_c93f18ba,7217.10.90,,
__export__.l10n_br_fiscal_ncm_18984_76982b64,7217.20.10,,
__export__.l10n_br_fiscal_ncm_18985_fcf7fc21,7217.20.90,,
__export__.l10n_br_fiscal_ncm_18986_d6cb9c8b,7217.30.10,,
__export__.l10n_br_fiscal_ncm_18987_3d4676b8,7217.30.90,,
__export__.l10n_br_fiscal_ncm_18988_61f0df6c,7217.90.00,,
__export__.l10n_br_fiscal_ncm_18989_1f737758,7218.10.00,,
__export__.l10n_br_fiscal_ncm_18990_826359c8,7218.91.00,,
__export__.l10n_br_fiscal_ncm_18991_b02c25fa,7218.99.00,,
__export__.l10n_br_fiscal_ncm_18992_9ba8b785,7219.11.00,,
__export__.l10n_br_fiscal_ncm_18993_8d1bc345,7219.12.00,,
__export__.l10n_br_fiscal_ncm_18994_335169fb,7219.13.00,,
__export__.l10n_br_fiscal_ncm_18995_4470b41e,7219.14.00,,
__export__.l10n_br_fiscal_ncm_18996_74ce5eba,7219.21.00,,
__export__.l10n_br_fiscal_ncm_18997_1d678390,7219.22.00,,
__export__.l10n_br_fiscal_ncm_18998_6bfefcdf,7219.23.00,,
__export__.l10n_br_fiscal_ncm_18999_b8d440de,7219.24.00,,
__export__.l10n_br_fiscal_ncm_19000_3250cdbe,7219.31.00,,
__export__.l10n_br_fiscal_ncm_19001_a2b9bd4f,7219.32.00,,
__export__.l10n_br_fiscal_ncm_19002_676a8dbe,7219.33.00,,
__export__.l10n_br_fiscal_ncm_19003_fe70c75b,7219.34.00,,
__export__.l10n_br_fiscal_ncm_19004_ed02656a,7219.35.00,,
__export__.l10n_br_fiscal_ncm_19005_a5dd9f71,7219.90.10,,
__export__.l10n_br_fiscal_ncm_19006_f010cf8e,7219.90.90,,
__export__.l10n_br_fiscal_ncm_19007_3bfd1596,7220.11.00,,
__export__.l10n_br_fiscal_ncm_19008_ebf96edd,7220.12.10,,
__export__.l10n_br_fiscal_ncm_19009_8a0e18aa,7220.12.20,,
__export__.l10n_br_fiscal_ncm_19010_085a1165,7220.12.90,,
__export__.l10n_br_fiscal_ncm_19011_3b8e335f,7220.20.10,,
__export__.l10n_br_fiscal_ncm_19012_10f74d13,7220.20.90,,
__export__.l10n_br_fiscal_ncm_19013_515be811,7220.90.00,,
__export__.l10n_br_fiscal_ncm_19014_7fc9ac98,7221.00.00,,
__export__.l10n_br_fiscal_ncm_19015_23520327,7222.11.00,,
__export__.l10n_br_fiscal_ncm_19016_ef68d49d,7222.19.10,,
__export__.l10n_br_fiscal_ncm_19017_d364e177,7222.19.90,,
__export__.l10n_br_fiscal_ncm_19018_e2bfe950,7222.20.00,,
__export__.l10n_br_fiscal_ncm_19019_9987393b,7222.30.00,,
__export__.l10n_br_fiscal_ncm_19020_1c3db69f,7222.40.10,,
__export__.l10n_br_fiscal_ncm_19021_8e055075,7222.40.90,,
__export__.l10n_br_fiscal_ncm_19022_144b110c,7223.00.00,,
__export__.l10n_br_fiscal_ncm_19023_42f41a51,7224.10.00,,
__export__.l10n_br_fiscal_ncm_19024_20304473,7224.90.00,,
__export__.l10n_br_fiscal_ncm_19025_b57f3211,7225.11.00,,
__export__.l10n_br_fiscal_ncm_19026_29ddb959,7225.19.00,,
__export__.l10n_br_fiscal_ncm_19027_78879ae8,7225.30.00,,
__export__.l10n_br_fiscal_ncm_19028_58dd8450,7225.40.10,,
__export__.l10n_br_fiscal_ncm_19029_92f37f8e,7225.40.20,,
__export__.l10n_br_fiscal_ncm_19030_801c07fd,7225.40.90,,
__export__.l10n_br_fiscal_ncm_19031_4a6eb59c,7225.50.10,,
__export__.l10n_br_fiscal_ncm_19032_236b60b1,7225.50.90,,
__export__.l10n_br_fiscal_ncm_19033_09ac0a68,7225.91.00,,
__export__.l10n_br_fiscal_ncm_19034_83d8cad8,7225.92.00,,
__export__.l10n_br_fiscal_ncm_19035_1fbf80f9,7225.99.10,,
__export__.l10n_br_fiscal_ncm_19036_8a105792,7225.99.90,,
__export__.l10n_br_fiscal_ncm_19037_6cca3a7c,7226.11.00,,
__export__.l10n_br_fiscal_ncm_19038_bc60ac62,7226.19.00,,
__export__.l10n_br_fiscal_ncm_19039_295b757a,7226.20.10,,
__export__.l10n_br_fiscal_ncm_19040_d13f634e,7226.20.90,,
__export__.l10n_br_fiscal_ncm_19041_51e1194a,7226.91.00,,
__export__.l10n_br_fiscal_ncm_19042_7b5e66cc,7226.92.00,,
__export__.l10n_br_fiscal_ncm_19043_5f90a6c7,7226.99.00,,
__export__.l10n_br_fiscal_ncm_19044_96f850cb,7227.10.00,,
__export__.l10n_br_fiscal_ncm_19045_6e163aaa,7227.20.00,,
__export__.l10n_br_fiscal_ncm_19046_6e312bd8,7227.90.00,,
__export__.l10n_br_fiscal_ncm_19047_a7678dcd,7228.10.10,,
__export__.l10n_br_fiscal_ncm_19048_4de2e45a,7228.10.90,,
__export__.l10n_br_fiscal_ncm_19049_034357de,7228.20.00,,
__export__.l10n_br_fiscal_ncm_19050_8670678f,7228.30.00,,
__export__.l10n_br_fiscal_ncm_19051_14389710,7228.40.00,,
__export__.l10n_br_fiscal_ncm_19052_3216f925,7228.50.00,,
__export__.l10n_br_fiscal_ncm_19053_7b012286,7228.60.00,,
__export__.l10n_br_fiscal_ncm_19054_c447cb07,7228.70.00,,
__export__.l10n_br_fiscal_ncm_19055_dc9bd30e,7228.80.00,,
__export__.l10n_br_fiscal_ncm_19056_13cfd3f7,7229.20.00,,
__export__.l10n_br_fiscal_ncm_19057_a38f32ef,7229.90.00,,
__export__.l10n_br_fiscal_ncm_19058_eb062a98,7301.10.00,,
__export__.l10n_br_fiscal_ncm_19059_af86524f,7301.20.00,,
__export__.l10n_br_fiscal_ncm_19060_0be50331,7302.10.10,,
__export__.l10n_br_fiscal_ncm_19061_3c6bee30,7302.10.90,,
__export__.l10n_br_fiscal_ncm_19062_8f5dad01,7302.30.00,,
__export__.l10n_br_fiscal_ncm_19063_d8d31ba0,7302.40.00,,
__export__.l10n_br_fiscal_ncm_19064_ba7d6a2c,7302.90.00,,
__export__.l10n_br_fiscal_ncm_19065_e185132a,7303.00.00,,
__export__.l10n_br_fiscal_ncm_19066_e77d72a9,7304.11.00,,
__export__.l10n_br_fiscal_ncm_19067_84c4e71b,7304.19.00,,
__export__.l10n_br_fiscal_ncm_19068_e3bf3978,7304.22.00,,
__export__.l10n_br_fiscal_ncm_19069_c0b646ce,7304.23.10,,
__export__.l10n_br_fiscal_ncm_19070_ff1aed03,7304.23.90,,
__export__.l10n_br_fiscal_ncm_19071_9ead502b,7304.24.00,,
__export__.l10n_br_fiscal_ncm_19072_41c9b7ee,7304.29.10,,
__export__.l10n_br_fiscal_ncm_19073_46d873e7,7304.29.31,,
__export__.l10n_br_fiscal_ncm_19074_82251320,7304.29.39,,
__export__.l10n_br_fiscal_ncm_19075_bf2ba0c0,7304.29.90,,
__export__.l10n_br_fiscal_ncm_19076_595d9cd6,7304.31.10,,
__export__.l10n_br_fiscal_ncm_19077_893f3d99,7304.31.90,,
__export__.l10n_br_fiscal_ncm_19078_f8d9daa8,7304.39.10,,
__export__.l10n_br_fiscal_ncm_19079_06586745,7304.39.20,,
__export__.l10n_br_fiscal_ncm_19080_49112048,7304.39.90,,
__export__.l10n_br_fiscal_ncm_19081_fd952b86,7304.41.10,,
__export__.l10n_br_fiscal_ncm_19082_4697dd6b,7304.41.90,,
__export__.l10n_br_fiscal_ncm_19083_90073aeb,7304.49.00,,
__export__.l10n_br_fiscal_ncm_19084_5df4f191,7304.51.11,,
__export__.l10n_br_fiscal_ncm_19085_9813e434,7304.51.19,,
__export__.l10n_br_fiscal_ncm_19086_a752a473,7304.51.90,,
__export__.l10n_br_fiscal_ncm_19087_a76dca8b,7304.59.10,,
__export__.l10n_br_fiscal_ncm_19088_374504fb,7304.59.90,,
__export__.l10n_br_fiscal_ncm_19089_22dc6f02,7304.90.11,,
__export__.l10n_br_fiscal_ncm_19090_d10c41cc,7304.90.19,,
__export__.l10n_br_fiscal_ncm_19091_bbd889f1,7304.90.90,,
__export__.l10n_br_fiscal_ncm_19092_1e84e93d,7305.11.00,,
__export__.l10n_br_fiscal_ncm_19093_25fa7d6f,7305.12.00,,
__export__.l10n_br_fiscal_ncm_19094_e717a984,7305.19.00,,
__export__.l10n_br_fiscal_ncm_19095_fa7d45c5,7305.20.00,,
__export__.l10n_br_fiscal_ncm_19096_942620d3,7305.31.00,,
__export__.l10n_br_fiscal_ncm_19097_ca0105ec,7305.39.00,,
__export__.l10n_br_fiscal_ncm_19098_a1dc5c99,7305.90.00,,
__export__.l10n_br_fiscal_ncm_19099_7352a718,7306.11.00,,
__export__.l10n_br_fiscal_ncm_19100_68780115,7306.19.00,,
__export__.l10n_br_fiscal_ncm_19101_f039a6c2,7306.21.00,,
__export__.l10n_br_fiscal_ncm_19102_7937476f,7306.29.00,,
__export__.l10n_br_fiscal_ncm_19103_8586212d,7306.30.00,,
__export__.l10n_br_fiscal_ncm_19104_ce8b7434,7306.40.00,,
__export__.l10n_br_fiscal_ncm_19105_0de3f159,7306.50.00,,
__export__.l10n_br_fiscal_ncm_19106_f4eb2225,7306.61.00,,
__export__.l10n_br_fiscal_ncm_19107_9a4ad4f9,7306.69.00,,
__export__.l10n_br_fiscal_ncm_19108_74ed5459,7306.90.10,,
__export__.l10n_br_fiscal_ncm_19109_ee4c9160,7306.90.20,,
__export__.l10n_br_fiscal_ncm_19110_c655c4ab,7306.90.90,,
__export__.l10n_br_fiscal_ncm_19111_4671ad49,7307.11.00,,
__export__.l10n_br_fiscal_ncm_19112_d50ebc5f,7307.19.10,,
__export__.l10n_br_fiscal_ncm_19113_d8cafa96,7307.19.20,,
__export__.l10n_br_fiscal_ncm_19114_17f82c38,7307.19.90,,
__export__.l10n_br_fiscal_ncm_19115_fb35759c,7307.21.00,,
__export__.l10n_br_fiscal_ncm_19116_a1e59008,7307.22.00,,
__export__.l10n_br_fiscal_ncm_19117_bf373dad,7307.23.00,,
__export__.l10n_br_fiscal_ncm_19118_97d11594,7307.29.00,,
__export__.l10n_br_fiscal_ncm_19119_546c1486,7307.91.00,,
__export__.l10n_br_fiscal_ncm_19120_5e0da482,7307.92.00,,
__export__.l10n_br_fiscal_ncm_19121_ae0c0f15,7307.93.00,,
__export__.l10n_br_fiscal_ncm_19122_b5043bf8,7307.99.00,,
__export__.l10n_br_fiscal_ncm_19123_68bac563,7308.10.00,,
__export__.l10n_br_fiscal_ncm_19124_938e225f,7308.20.00,,
__export__.l10n_br_fiscal_ncm_19125_7704c5e6,7308.30.00,,
__export__.l10n_br_fiscal_ncm_19126_88e7989d,7308.40.00,,
__export__.l10n_br_fiscal_ncm_19127_5e4c73a9,7308.90.10,,
__export__.l10n_br_fiscal_ncm_19128_4b626b8b,7308.90.90,,
__export__.l10n_br_fiscal_ncm_19129_5765612f,7308.90.90,1,
__export__.l10n_br_fiscal_ncm_19130_7ee8fcc0,7309.00.10,,
__export__.l10n_br_fiscal_ncm_19131_a57fc7e6,7309.00.20,,
__export__.l10n_br_fiscal_ncm_19132_07fb41ea,7309.00.90,,
__export__.l10n_br_fiscal_ncm_19133_7f7eae1d,7310.10.10,,
__export__.l10n_br_fiscal_ncm_19134_69dae8d4,7310.10.90,,
__export__.l10n_br_fiscal_ncm_19135_61a13730,7310.21.10,,
__export__.l10n_br_fiscal_ncm_19136_c496eed3,7310.21.90,,
__export__.l10n_br_fiscal_ncm_19137_b1389896,7310.29.10,,
__export__.l10n_br_fiscal_ncm_19138_11dcb7e2,7310.29.20,,
__export__.l10n_br_fiscal_ncm_19139_29d0f279,7310.29.90,,
__export__.l10n_br_fiscal_ncm_19140_ce4631c7,7311.00.00,,
__export__.l10n_br_fiscal_ncm_19141_cca9d1a1,7312.10.10,,
__export__.l10n_br_fiscal_ncm_19142_471ac760,7312.10.90,,
__export__.l10n_br_fiscal_ncm_19143_0a2f31cc,7312.10.90,1,
__export__.l10n_br_fiscal_ncm_19144_3215a025,7312.90.00,,
__export__.l10n_br_fiscal_ncm_19145_4b3146e7,7313.00.00,,
__export__.l10n_br_fiscal_ncm_19146_6566b23b,7314.12.00,,
__export__.l10n_br_fiscal_ncm_19147_7fba3fc0,7314.14.00,,
__export__.l10n_br_fiscal_ncm_19148_5b8b1747,7314.19.00,,
__export__.l10n_br_fiscal_ncm_19149_8629c569,7314.20.00,,
__export__.l10n_br_fiscal_ncm_19150_111ad47c,7314.20.00,1,
__export__.l10n_br_fiscal_ncm_19151_b4407a13,7314.31.00,,
__export__.l10n_br_fiscal_ncm_19152_3c3d43e8,7314.39.00,,
__export__.l10n_br_fiscal_ncm_19153_23f9a0a5,7314.39.00,1,
__export__.l10n_br_fiscal_ncm_19154_5ff72a7e,7314.41.00,,
__export__.l10n_br_fiscal_ncm_19155_853d0730,7314.42.00,,
__export__.l10n_br_fiscal_ncm_19156_0eacc20a,7314.49.00,,
__export__.l10n_br_fiscal_ncm_19157_4e0f7cf6,7314.50.00,,
__export__.l10n_br_fiscal_ncm_19158_b5207948,7315.11.00,,
__export__.l10n_br_fiscal_ncm_19159_68d6164e,7315.12.10,,
__export__.l10n_br_fiscal_ncm_19160_9ecd34b3,7315.12.90,,
__export__.l10n_br_fiscal_ncm_19161_96543c01,7315.19.00,,
__export__.l10n_br_fiscal_ncm_19162_d05131a7,7315.20.00,,
__export__.l10n_br_fiscal_ncm_19163_dcd22852,7315.81.00,,
__export__.l10n_br_fiscal_ncm_19164_7ecb97c8,7315.82.00,,
__export__.l10n_br_fiscal_ncm_19165_3b17e602,7315.89.00,,
__export__.l10n_br_fiscal_ncm_19166_2d69f61c,7315.90.00,,
__export__.l10n_br_fiscal_ncm_19167_7e9d8b21,7316.00.00,,
__export__.l10n_br_fiscal_ncm_19168_4e082c95,7317.00.10,,
__export__.l10n_br_fiscal_ncm_19169_b6c0c720,7317.00.20,,
__export__.l10n_br_fiscal_ncm_19170_5f635678,7317.00.30,,
__export__.l10n_br_fiscal_ncm_19171_08a30804,7317.00.90,,
__export__.l10n_br_fiscal_ncm_19172_12d36832,7318.11.00,,
__export__.l10n_br_fiscal_ncm_19173_0be548d4,7318.12.00,,
__export__.l10n_br_fiscal_ncm_19174_af4dc1a3,7318.13.00,,
__export__.l10n_br_fiscal_ncm_19175_99b83f76,7318.14.00,,
__export__.l10n_br_fiscal_ncm_19176_91e0d82d,7318.15.00,,
__export__.l10n_br_fiscal_ncm_19177_1e7fee8d,7318.16.00,,
__export__.l10n_br_fiscal_ncm_19178_aa9273b7,7318.19.00,,
__export__.l10n_br_fiscal_ncm_19179_b32450bc,7318.21.00,,
__export__.l10n_br_fiscal_ncm_19180_fcece861,7318.22.00,,
__export__.l10n_br_fiscal_ncm_19181_7da45869,7318.23.00,,
__export__.l10n_br_fiscal_ncm_19182_401526be,7318.24.00,,
__export__.l10n_br_fiscal_ncm_19183_2b25d1e8,7318.29.00,,
__export__.l10n_br_fiscal_ncm_19184_7f7049ee,7319.40.00,,
__export__.l10n_br_fiscal_ncm_19185_d83d4fb8,7319.90.00,,
__export__.l10n_br_fiscal_ncm_19186_c037ca73,7320.10.00,,
__export__.l10n_br_fiscal_ncm_19187_3d65d943,7320.10.00,1,
__export__.l10n_br_fiscal_ncm_19188_e02c5986,7320.20.10,,
__export__.l10n_br_fiscal_ncm_19189_e8a907ba,7320.20.90,,
__export__.l10n_br_fiscal_ncm_19190_5e1e55b3,7320.90.00,,
__export__.l10n_br_fiscal_ncm_19191_39c1a630,7321.11.00,,
__export__.l10n_br_fiscal_ncm_19192_848a0a34,7321.11.00,1,
__export__.l10n_br_fiscal_ncm_19193_e9904f89,7321.12.00,,
__export__.l10n_br_fiscal_ncm_19194_f14b4851,7321.12.00,1,
__export__.l10n_br_fiscal_ncm_19195_0aaa19c1,7321.19.00,,
__export__.l10n_br_fiscal_ncm_19196_110040d3,7321.19.00,1,
__export__.l10n_br_fiscal_ncm_19197_089ce53a,7321.81.00,,
__export__.l10n_br_fiscal_ncm_19198_de9c1746,7321.82.00,,
__export__.l10n_br_fiscal_ncm_19199_12664791,7321.89.00,,
__export__.l10n_br_fiscal_ncm_19200_20a9270f,7321.90.00,,
__export__.l10n_br_fiscal_ncm_19201_147f31c1,7321.90.00,1,
__export__.l10n_br_fiscal_ncm_19202_bd98d798,7322.11.00,,
__export__.l10n_br_fiscal_ncm_19203_248e0e7c,7322.19.00,,
__export__.l10n_br_fiscal_ncm_19204_63f56f0c,7322.90.10,,
__export__.l10n_br_fiscal_ncm_19205_0b3bf55a,7322.90.90,,
__export__.l10n_br_fiscal_ncm_19206_ccfdfb9b,7323.10.00,,
__export__.l10n_br_fiscal_ncm_19207_69009f72,7323.10.00,1,
__export__.l10n_br_fiscal_ncm_19208_515091da,7323.91.00,,
__export__.l10n_br_fiscal_ncm_19209_0a2fc5d2,7323.92.00,,
__export__.l10n_br_fiscal_ncm_19210_ae994d54,7323.93.00,,
__export__.l10n_br_fiscal_ncm_19211_e9b874de,7323.94.00,,
__export__.l10n_br_fiscal_ncm_19212_8d7ca4ab,7323.99.00,,
__export__.l10n_br_fiscal_ncm_19213_386d304b,7324.10.00,,
__export__.l10n_br_fiscal_ncm_19214_8bac924c,7324.21.00,,
__export__.l10n_br_fiscal_ncm_19215_a50589d3,7324.29.00,,
__export__.l10n_br_fiscal_ncm_19216_da5a14f0,7324.90.00,,
__export__.l10n_br_fiscal_ncm_19217_1e57cc3d,7325.10.00,,
__export__.l10n_br_fiscal_ncm_19218_4c1db383,7325.91.00,,
__export__.l10n_br_fiscal_ncm_19219_98b7629e,7325.99.10,,
__export__.l10n_br_fiscal_ncm_19220_858d9df5,7325.99.90,,
__export__.l10n_br_fiscal_ncm_19221_a9c07f69,7326.11.00,,
__export__.l10n_br_fiscal_ncm_19222_89d87adb,7326.19.00,,
__export__.l10n_br_fiscal_ncm_19223_0feadfaa,7326.20.00,,
__export__.l10n_br_fiscal_ncm_19224_96225700,7326.90.10,,
__export__.l10n_br_fiscal_ncm_19225_63fbc19a,7326.90.20,,
__export__.l10n_br_fiscal_ncm_19226_eafc23ab,7326.90.90,,
__export__.l10n_br_fiscal_ncm_19227_69c9620b,7401.00.00,,
__export__.l10n_br_fiscal_ncm_19228_339d7cc4,7402.00.00,,
__export__.l10n_br_fiscal_ncm_19229_b11fd083,7403.11.00,,
__export__.l10n_br_fiscal_ncm_19230_1965e2ce,7403.12.00,,
__export__.l10n_br_fiscal_ncm_19231_eb38a905,7403.13.00,,
__export__.l10n_br_fiscal_ncm_19232_579537bf,7403.19.00,,
__export__.l10n_br_fiscal_ncm_19233_f47e66f9,7403.21.00,,
__export__.l10n_br_fiscal_ncm_19234_c7aceb53,7403.22.00,,
__export__.l10n_br_fiscal_ncm_19235_f1a2fa28,7403.29.00,,
__export__.l10n_br_fiscal_ncm_19236_c3be5136,7404.00.00,,
__export__.l10n_br_fiscal_ncm_19237_c5a9a171,7405.00.00,,
__export__.l10n_br_fiscal_ncm_19238_9c863e09,7406.10.00,,
__export__.l10n_br_fiscal_ncm_19239_9575d925,7406.20.00,,
__export__.l10n_br_fiscal_ncm_19240_c0036831,7407.10.10,,
__export__.l10n_br_fiscal_ncm_19241_1a927209,7407.10.21,,
__export__.l10n_br_fiscal_ncm_19242_517b6fd6,7407.10.29,,
__export__.l10n_br_fiscal_ncm_19243_748a300d,7407.21.10,,
__export__.l10n_br_fiscal_ncm_19244_146ffb93,7407.21.20,,
__export__.l10n_br_fiscal_ncm_19245_aaf4ab29,7407.29.10,,
__export__.l10n_br_fiscal_ncm_19246_d8da75f8,7407.29.21,,
__export__.l10n_br_fiscal_ncm_19247_ecc1698b,7407.29.29,,
__export__.l10n_br_fiscal_ncm_19248_53014393,7408.11.00,,
__export__.l10n_br_fiscal_ncm_19249_272630c4,7408.19.00,,
__export__.l10n_br_fiscal_ncm_19250_8216440a,7408.21.00,,
__export__.l10n_br_fiscal_ncm_19251_3e07490f,7408.22.00,,
__export__.l10n_br_fiscal_ncm_19252_0402da85,7408.29.12,,
__export__.l10n_br_fiscal_ncm_19253_efc17f24,7408.29.13,,
__export__.l10n_br_fiscal_ncm_19254_dbc9abba,7408.29.19,,
__export__.l10n_br_fiscal_ncm_19255_8674e1f1,7408.29.90,,
__export__.l10n_br_fiscal_ncm_19256_985ac0aa,7409.11.00,,
__export__.l10n_br_fiscal_ncm_19257_cbeaa877,7409.19.00,,
__export__.l10n_br_fiscal_ncm_19258_b1e25f87,7409.21.00,,
__export__.l10n_br_fiscal_ncm_19259_f4d304b0,7409.29.00,,
__export__.l10n_br_fiscal_ncm_19260_e794b6ba,7409.31.11,,
__export__.l10n_br_fiscal_ncm_19261_1a7d2f73,7409.31.19,,
__export__.l10n_br_fiscal_ncm_19262_2af2f4af,7409.31.90,,
__export__.l10n_br_fiscal_ncm_19263_eb6bc7d1,7409.39.00,,
__export__.l10n_br_fiscal_ncm_19264_49ffcb15,7409.40.10,,
__export__.l10n_br_fiscal_ncm_19265_9ad0ae8c,7409.40.90,,
__export__.l10n_br_fiscal_ncm_19266_087c6770,7409.90.00,,
__export__.l10n_br_fiscal_ncm_19267_541c5ee2,7410.11.12,,
__export__.l10n_br_fiscal_ncm_19268_bcb41cbc,7410.11.13,,
__export__.l10n_br_fiscal_ncm_19269_d1f85f4d,7410.11.19,,
__export__.l10n_br_fiscal_ncm_19270_b8198d8e,7410.11.90,,
__export__.l10n_br_fiscal_ncm_19271_84b8eeab,7410.12.00,,
__export__.l10n_br_fiscal_ncm_19272_584f14b7,7410.21.10,,
__export__.l10n_br_fiscal_ncm_19273_e9eed769,7410.21.20,,
__export__.l10n_br_fiscal_ncm_19274_ed578363,7410.21.30,,
__export__.l10n_br_fiscal_ncm_19275_dc48cc63,7410.21.90,,
__export__.l10n_br_fiscal_ncm_19276_c874b59c,7410.22.00,,
__export__.l10n_br_fiscal_ncm_19277_e05b129c,7411.10.10,,
__export__.l10n_br_fiscal_ncm_19278_fa7285b5,7411.10.90,,
__export__.l10n_br_fiscal_ncm_19279_91315a60,7411.21.10,,
__export__.l10n_br_fiscal_ncm_19280_2379aa2a,7411.21.90,,
__export__.l10n_br_fiscal_ncm_19281_90d784bd,7411.22.10,,
__export__.l10n_br_fiscal_ncm_19282_41655079,7411.22.90,,
__export__.l10n_br_fiscal_ncm_19283_4dd3cc64,7411.29.10,,
__export__.l10n_br_fiscal_ncm_19284_5d5b3af7,7411.29.90,,
__export__.l10n_br_fiscal_ncm_19285_1c28d3f0,7412.10.00,,
__export__.l10n_br_fiscal_ncm_19286_80f763d5,7412.20.00,,
__export__.l10n_br_fiscal_ncm_19287_c5244943,7413.00.00,,
__export__.l10n_br_fiscal_ncm_19288_b54b5250,7415.10.00,,
__export__.l10n_br_fiscal_ncm_19289_0db6bff4,7415.21.00,,
__export__.l10n_br_fiscal_ncm_19290_67ac0d67,7415.29.00,,
__export__.l10n_br_fiscal_ncm_19291_631f2d58,7415.33.00,,
__export__.l10n_br_fiscal_ncm_19292_f7288319,7415.39.00,,
__export__.l10n_br_fiscal_ncm_19293_13c734cf,7418.10.00,,
__export__.l10n_br_fiscal_ncm_19294_a59ae622,7418.20.00,,
__export__.l10n_br_fiscal_ncm_19295_175bf864,7419.20.00,,
__export__.l10n_br_fiscal_ncm_19296_3c10e1f2,7419.20.00,1,
__export__.l10n_br_fiscal_ncm_19297_c17a20d1,7419.80.10,,
__export__.l10n_br_fiscal_ncm_19298_09b32667,7419.80.20,,
__export__.l10n_br_fiscal_ncm_19299_a51a94b9,7419.80.30,,
__export__.l10n_br_fiscal_ncm_19300_d7b446d3,7419.80.40,,
__export__.l10n_br_fiscal_ncm_19301_befd915c,7419.80.90,,
__export__.l10n_br_fiscal_ncm_19302_99963d08,7419.80.90,1,
__export__.l10n_br_fiscal_ncm_19303_3a9f365e,7501.10.00,,
__export__.l10n_br_fiscal_ncm_19304_39dd06b2,7501.20.00,,
__export__.l10n_br_fiscal_ncm_19305_67595196,7502.10.10,,
__export__.l10n_br_fiscal_ncm_19306_d6d0746e,7502.10.90,,
__export__.l10n_br_fiscal_ncm_19307_605a76eb,7502.20.00,,
__export__.l10n_br_fiscal_ncm_19308_78f8f03b,7503.00.00,,
__export__.l10n_br_fiscal_ncm_19309_413fd3bf,7504.00.10,,
__export__.l10n_br_fiscal_ncm_19310_2bc80b75,7504.00.90,,
__export__.l10n_br_fiscal_ncm_19311_19cf0e4c,7505.11.10,,
__export__.l10n_br_fiscal_ncm_19312_7fb45242,7505.11.21,,
__export__.l10n_br_fiscal_ncm_19313_0486c6c7,7505.11.29,,
__export__.l10n_br_fiscal_ncm_19314_10556858,7505.12.10,,
__export__.l10n_br_fiscal_ncm_19315_14d73e2c,7505.12.21,,
__export__.l10n_br_fiscal_ncm_19316_48f3268c,7505.12.29,,
__export__.l10n_br_fiscal_ncm_19317_26a81206,7505.21.00,,
__export__.l10n_br_fiscal_ncm_19318_93785bd4,7505.22.10,,
__export__.l10n_br_fiscal_ncm_19319_4febbad3,7505.22.90,,
__export__.l10n_br_fiscal_ncm_19320_3a5f0642,7506.10.00,,
__export__.l10n_br_fiscal_ncm_19321_8f81be97,7506.20.00,,
__export__.l10n_br_fiscal_ncm_19322_b6ea6339,7507.11.00,,
__export__.l10n_br_fiscal_ncm_19323_c1737f0a,7507.12.00,,
__export__.l10n_br_fiscal_ncm_19324_24c87524,7507.20.00,,
__export__.l10n_br_fiscal_ncm_19325_805cfc49,7508.10.00,,
__export__.l10n_br_fiscal_ncm_19326_97f84098,7508.90.10,,
__export__.l10n_br_fiscal_ncm_19327_678d20d8,7508.90.90,,
__export__.l10n_br_fiscal_ncm_19328_d20bf4e6,7601.10.00,,
__export__.l10n_br_fiscal_ncm_19329_8e8ef403,7601.20.00,,
__export__.l10n_br_fiscal_ncm_19330_3a95e4cd,7602.00.00,,
__export__.l10n_br_fiscal_ncm_19331_64df99eb,7603.10.00,,
__export__.l10n_br_fiscal_ncm_19332_30f58364,7603.20.00,,
__export__.l10n_br_fiscal_ncm_19333_bbe74c4b,7604.10.10,,
__export__.l10n_br_fiscal_ncm_19334_c700a270,7604.10.21,,
__export__.l10n_br_fiscal_ncm_19335_2931b477,7604.10.29,,
__export__.l10n_br_fiscal_ncm_19336_cf0943c7,7604.21.00,,
__export__.l10n_br_fiscal_ncm_19337_dffa5a1e,7604.29.11,,
__export__.l10n_br_fiscal_ncm_19338_66a692c5,7604.29.19,,
__export__.l10n_br_fiscal_ncm_19339_7a35307d,7604.29.20,,
__export__.l10n_br_fiscal_ncm_19340_ae934f83,7605.11.10,,
__export__.l10n_br_fiscal_ncm_19341_857b37de,7605.11.90,,
__export__.l10n_br_fiscal_ncm_19342_39608920,7605.19.10,,
__export__.l10n_br_fiscal_ncm_19343_0b1e8619,7605.19.90,,
__export__.l10n_br_fiscal_ncm_19344_3c95fe1a,7605.21.10,,
__export__.l10n_br_fiscal_ncm_19345_676ff74e,7605.21.90,,
__export__.l10n_br_fiscal_ncm_19346_b3fcd31c,7605.29.10,,
__export__.l10n_br_fiscal_ncm_19347_c693cc25,7605.29.90,,
__export__.l10n_br_fiscal_ncm_19348_61e25b2c,7606.11.10,,
__export__.l10n_br_fiscal_ncm_19349_fdb3ebdf,7606.11.90,,
__export__.l10n_br_fiscal_ncm_19350_e0e124f7,7606.12.10,,
__export__.l10n_br_fiscal_ncm_19351_46958d91,7606.12.20,,
__export__.l10n_br_fiscal_ncm_19352_fc99191e,7606.12.30,,
__export__.l10n_br_fiscal_ncm_19353_7b691d23,7606.12.90,,
__export__.l10n_br_fiscal_ncm_19354_c3a8ba40,7606.91.00,,
__export__.l10n_br_fiscal_ncm_19355_3fde1f64,7606.92.00,,
__export__.l10n_br_fiscal_ncm_19356_7876a8ef,7607.11.10,,
__export__.l10n_br_fiscal_ncm_19357_ec054243,7607.11.20,,
__export__.l10n_br_fiscal_ncm_19358_24d7be7e,7607.11.90,,
__export__.l10n_br_fiscal_ncm_19359_0d7d7058,7607.19.10,,
__export__.l10n_br_fiscal_ncm_19360_920b0fdd,7607.19.90,,
__export__.l10n_br_fiscal_ncm_19361_aa180c60,7607.20.00,,
__export__.l10n_br_fiscal_ncm_19362_94afa897,7608.10.00,,
__export__.l10n_br_fiscal_ncm_19363_551b3dc0,7608.20.10,,
__export__.l10n_br_fiscal_ncm_19364_d90e21b0,7608.20.90,,
__export__.l10n_br_fiscal_ncm_19365_dc03ac3e,7609.00.00,,
__export__.l10n_br_fiscal_ncm_19366_817e8bb9,7610.10.00,,
__export__.l10n_br_fiscal_ncm_19367_0a7df510,7610.90.00,,
__export__.l10n_br_fiscal_ncm_19368_06d19fb9,7611.00.00,,
__export__.l10n_br_fiscal_ncm_19369_d40a0094,7612.10.00,,
__export__.l10n_br_fiscal_ncm_19370_c35feb7d,7612.90.11,,
__export__.l10n_br_fiscal_ncm_19371_20d94b7e,7612.90.12,,
__export__.l10n_br_fiscal_ncm_19372_329ec4c4,7612.90.19,,
__export__.l10n_br_fiscal_ncm_19373_89eef0df,7612.90.90,,
__export__.l10n_br_fiscal_ncm_19374_a1a5b71f,7613.00.00,,
__export__.l10n_br_fiscal_ncm_19375_785bcb49,7614.10.10,,
__export__.l10n_br_fiscal_ncm_19376_bc513c7b,7614.10.90,,
__export__.l10n_br_fiscal_ncm_19377_d8fed995,7614.90.10,,
__export__.l10n_br_fiscal_ncm_19378_b0979ba5,7614.90.90,,
__export__.l10n_br_fiscal_ncm_19379_f34645a9,7615.10.00,,
__export__.l10n_br_fiscal_ncm_19380_b31c4731,7615.20.00,,
__export__.l10n_br_fiscal_ncm_19381_daeac687,7616.10.00,,
__export__.l10n_br_fiscal_ncm_19382_5e5cbf69,7616.91.00,,
__export__.l10n_br_fiscal_ncm_19383_89f57251,7616.99.00,,
__export__.l10n_br_fiscal_ncm_19384_58a2d88a,7616.99.00,Ex,
__export__.l10n_br_fiscal_ncm_19385_72f14abd,7801.10.11,,
__export__.l10n_br_fiscal_ncm_19386_532c54ad,7801.10.19,,
__export__.l10n_br_fiscal_ncm_19387_1d37292e,7801.10.90,,
__export__.l10n_br_fiscal_ncm_19388_5428038a,7801.91.00,,
__export__.l10n_br_fiscal_ncm_19389_686ccabe,7801.99.00,,
__export__.l10n_br_fiscal_ncm_19390_f95c7a00,7802.00.00,,
__export__.l10n_br_fiscal_ncm_19391_51b42d93,7804.11.00,,
__export__.l10n_br_fiscal_ncm_19392_daa23111,7804.19.00,,
__export__.l10n_br_fiscal_ncm_19393_984337dd,7804.20.00,,
__export__.l10n_br_fiscal_ncm_19394_c6a5bb0f,7806.00.10,,
__export__.l10n_br_fiscal_ncm_19395_cd0e0a2d,7806.00.20,,
__export__.l10n_br_fiscal_ncm_19396_a7d54ace,7806.00.90,,
__export__.l10n_br_fiscal_ncm_19397_ee9deec1,7901.11.11,,
__export__.l10n_br_fiscal_ncm_19398_4909c9b7,7901.11.19,,
__export__.l10n_br_fiscal_ncm_19399_e85910ba,7901.11.91,,
__export__.l10n_br_fiscal_ncm_19400_2eb7cdd4,7901.11.99,,
__export__.l10n_br_fiscal_ncm_19401_413d9386,7901.12.10,,
__export__.l10n_br_fiscal_ncm_19402_c92c5337,7901.12.90,,
__export__.l10n_br_fiscal_ncm_19403_8ca4c575,7901.20.10,,
__export__.l10n_br_fiscal_ncm_19404_0745d6bf,7901.20.90,,
__export__.l10n_br_fiscal_ncm_19405_f5a416c2,7902.00.00,,
__export__.l10n_br_fiscal_ncm_19406_0b8b2dde,7903.10.00,,
__export__.l10n_br_fiscal_ncm_19407_61381b8e,7903.90.00,,
__export__.l10n_br_fiscal_ncm_19408_c3fbe875,7904.00.00,,
__export__.l10n_br_fiscal_ncm_19409_f3fe850b,7905.00.00,,
__export__.l10n_br_fiscal_ncm_19410_47b54374,7907.00.10,,
__export__.l10n_br_fiscal_ncm_19411_878e08e1,7907.00.90,,
__export__.l10n_br_fiscal_ncm_19412_43541021,8001.10.00,,
__export__.l10n_br_fiscal_ncm_19413_095949d0,8001.20.00,,
__export__.l10n_br_fiscal_ncm_19414_f1a2a532,8002.00.00,,
__export__.l10n_br_fiscal_ncm_19415_e7326a8c,8003.00.00,,
__export__.l10n_br_fiscal_ncm_19416_01438801,8007.00.10,,
__export__.l10n_br_fiscal_ncm_19417_0c292bb0,8007.00.20,,
__export__.l10n_br_fiscal_ncm_19418_2a5fc504,8007.00.30,,
__export__.l10n_br_fiscal_ncm_19419_9654985e,8007.00.90,,
__export__.l10n_br_fiscal_ncm_19420_905cb752,8101.10.00,,
__export__.l10n_br_fiscal_ncm_19421_3d15ac74,8101.94.00,,
__export__.l10n_br_fiscal_ncm_19422_c8bbaf91,8101.96.00,,
__export__.l10n_br_fiscal_ncm_19423_96d13ee6,8101.97.00,,
__export__.l10n_br_fiscal_ncm_19424_03bd6d02,8101.99.10,,
__export__.l10n_br_fiscal_ncm_19425_96368c96,8101.99.90,,
__export__.l10n_br_fiscal_ncm_19426_a0bf4e05,8102.10.00,,
__export__.l10n_br_fiscal_ncm_19427_4e77bb91,8102.94.00,,
__export__.l10n_br_fiscal_ncm_19428_0298948d,8102.95.00,,
__export__.l10n_br_fiscal_ncm_19429_51f38b2f,8102.96.00,,
__export__.l10n_br_fiscal_ncm_19430_05f5a18a,8102.97.00,,
__export__.l10n_br_fiscal_ncm_19431_6d9fdfd1,8102.99.00,,
__export__.l10n_br_fiscal_ncm_19432_4667f7ba,8103.20.00,,
__export__.l10n_br_fiscal_ncm_19433_b52f3f4d,8103.30.00,,
__export__.l10n_br_fiscal_ncm_19434_86c1924e,8103.91.00,,
__export__.l10n_br_fiscal_ncm_19435_c697421d,8103.99.00,,
__export__.l10n_br_fiscal_ncm_19436_b8ad254f,8104.11.00,,
__export__.l10n_br_fiscal_ncm_19437_37fbe28d,8104.19.00,,
__export__.l10n_br_fiscal_ncm_19438_db3a6c66,8104.20.00,,
__export__.l10n_br_fiscal_ncm_19439_cefd5e27,8104.30.00,,
__export__.l10n_br_fiscal_ncm_19440_388beea1,8104.90.00,,
__export__.l10n_br_fiscal_ncm_19441_b9dac71c,8105.20.10,,
__export__.l10n_br_fiscal_ncm_19442_3e5b1c21,8105.20.21,,
__export__.l10n_br_fiscal_ncm_19443_6b0e288d,8105.20.29,,
__export__.l10n_br_fiscal_ncm_19444_d63dea4f,8105.20.90,,
__export__.l10n_br_fiscal_ncm_19445_cde7d75e,8105.30.00,,
__export__.l10n_br_fiscal_ncm_19446_d7c399bf,8105.90.10,,
__export__.l10n_br_fiscal_ncm_19447_d2b0f3b5,8105.90.90,,
__export__.l10n_br_fiscal_ncm_19448_a44f1bbf,8106.10.00,,
__export__.l10n_br_fiscal_ncm_19449_1309f732,8106.90.00,,
__export__.l10n_br_fiscal_ncm_19450_75666cdc,8108.20.00,,
__export__.l10n_br_fiscal_ncm_19451_2e514e6e,8108.30.00,,
__export__.l10n_br_fiscal_ncm_19452_af2ef763,8108.90.00,,
__export__.l10n_br_fiscal_ncm_19453_5ae45202,8109.21.00,,
__export__.l10n_br_fiscal_ncm_19454_c07a0f2b,8109.29.00,,
__export__.l10n_br_fiscal_ncm_19455_2bfd0c08,8109.31.00,,
__export__.l10n_br_fiscal_ncm_19456_ce2f1a7a,8109.39.00,,
__export__.l10n_br_fiscal_ncm_19457_2f0a8160,8109.91.00,,
__export__.l10n_br_fiscal_ncm_19458_09438100,8109.99.00,,
__export__.l10n_br_fiscal_ncm_19459_d502e32e,8110.10.10,,
__export__.l10n_br_fiscal_ncm_19460_6fe06b82,8110.10.20,,
__export__.l10n_br_fiscal_ncm_19461_625e56f6,8110.20.00,,
__export__.l10n_br_fiscal_ncm_19462_24a5f478,8110.90.00,,
__export__.l10n_br_fiscal_ncm_19463_6c7c7f2a,8111.00.10,,
__export__.l10n_br_fiscal_ncm_19464_4f03db8b,8111.00.20,,
__export__.l10n_br_fiscal_ncm_19465_9a0ed771,8111.00.90,,
__export__.l10n_br_fiscal_ncm_19466_bd615400,8112.12.00,,
__export__.l10n_br_fiscal_ncm_19467_124e6d94,8112.13.00,,
__export__.l10n_br_fiscal_ncm_19468_f6614aa2,8112.19.00,,
__export__.l10n_br_fiscal_ncm_19469_eb8b9d20,8112.21.10,,
__export__.l10n_br_fiscal_ncm_19470_7ea7a760,8112.21.20,,
__export__.l10n_br_fiscal_ncm_19471_1500e925,8112.22.00,,
__export__.l10n_br_fiscal_ncm_19472_e2fb70f5,8112.29.00,,
__export__.l10n_br_fiscal_ncm_19473_625883e8,8112.31.00,,
__export__.l10n_br_fiscal_ncm_19474_ea3ef8d0,8112.39.00,,
__export__.l10n_br_fiscal_ncm_19475_15722a4a,8112.41.00,,
__export__.l10n_br_fiscal_ncm_19476_cd509f32,8112.49.00,,
__export__.l10n_br_fiscal_ncm_19477_b0e2acf5,8112.51.00,,
__export__.l10n_br_fiscal_ncm_19478_bb47b7e3,8112.52.00,,
__export__.l10n_br_fiscal_ncm_19479_5e36b3e6,8112.59.00,,
__export__.l10n_br_fiscal_ncm_19480_fa528ed0,8112.61.00,,
__export__.l10n_br_fiscal_ncm_19481_1ddc7966,8112.69.00,,
__export__.l10n_br_fiscal_ncm_19482_ed78bcfc,8112.92.00,,
__export__.l10n_br_fiscal_ncm_19483_aebe799c,8112.99.00,,
__export__.l10n_br_fiscal_ncm_19484_286ba2aa,8113.00.10,,
__export__.l10n_br_fiscal_ncm_19485_49ab0d71,8113.00.90,,
__export__.l10n_br_fiscal_ncm_19486_afecd928,8201.10.00,,
__export__.l10n_br_fiscal_ncm_19487_9970c723,8201.30.00,,
__export__.l10n_br_fiscal_ncm_19488_4fd9e585,8201.40.00,,
__export__.l10n_br_fiscal_ncm_19489_c3d7df31,8201.50.00,,
__export__.l10n_br_fiscal_ncm_19490_7ed2798f,8201.60.00,,
__export__.l10n_br_fiscal_ncm_19491_b5de3e36,8201.90.00,,
__export__.l10n_br_fiscal_ncm_19492_928a201b,8202.10.00,,
__export__.l10n_br_fiscal_ncm_19493_e66aec08,8202.20.00,,
__export__.l10n_br_fiscal_ncm_19494_e7e7fb25,8202.31.00,,
__export__.l10n_br_fiscal_ncm_19495_a27cc922,8202.39.00,,
__export__.l10n_br_fiscal_ncm_19496_96b929fe,8202.40.00,,
__export__.l10n_br_fiscal_ncm_19497_c876c6b2,8202.91.00,,
__export__.l10n_br_fiscal_ncm_19498_93e5eb93,8202.99.10,,
__export__.l10n_br_fiscal_ncm_19499_79529be8,8202.99.90,,
__export__.l10n_br_fiscal_ncm_19500_972ea0be,8203.10.10,,
__export__.l10n_br_fiscal_ncm_19501_fb2d4f18,8203.10.90,,
__export__.l10n_br_fiscal_ncm_19502_a4122d48,8203.20.10,,
__export__.l10n_br_fiscal_ncm_19503_9c0f789f,8203.20.90,,
__export__.l10n_br_fiscal_ncm_19504_51fe3e6e,8203.30.00,,
__export__.l10n_br_fiscal_ncm_19505_410ffe13,8203.40.00,,
__export__.l10n_br_fiscal_ncm_19506_e2fbd449,8204.11.00,,
__export__.l10n_br_fiscal_ncm_19507_352e8902,8204.12.00,,
__export__.l10n_br_fiscal_ncm_19508_feb8b6f0,8204.20.00,,
__export__.l10n_br_fiscal_ncm_19509_c1f56d10,8205.10.00,,
__export__.l10n_br_fiscal_ncm_19510_ed39d0a0,8205.20.00,,
__export__.l10n_br_fiscal_ncm_19511_4e1a89b9,8205.30.00,,
__export__.l10n_br_fiscal_ncm_19512_895979f4,8205.40.00,,
__export__.l10n_br_fiscal_ncm_19513_dc4b5e48,8205.51.00,,
__export__.l10n_br_fiscal_ncm_19514_8312e1b5,8205.59.00,,
__export__.l10n_br_fiscal_ncm_19515_b6e55ae7,8205.60.00,,
__export__.l10n_br_fiscal_ncm_19516_dc1b725d,8205.70.00,,
__export__.l10n_br_fiscal_ncm_19517_8c34da9a,8205.90.00,,
__export__.l10n_br_fiscal_ncm_19518_63a63d41,8206.00.00,,
__export__.l10n_br_fiscal_ncm_19519_df6fac02,8207.13.00,,
__export__.l10n_br_fiscal_ncm_19520_d31860c4,8207.19.10,,
__export__.l10n_br_fiscal_ncm_19521_fb58ce61,8207.19.90,,
__export__.l10n_br_fiscal_ncm_19522_04b287b0,8207.20.00,,
__export__.l10n_br_fiscal_ncm_19523_e04d16f9,8207.30.00,,
__export__.l10n_br_fiscal_ncm_19524_8d08894c,8207.40.10,,
__export__.l10n_br_fiscal_ncm_19525_02a45b4c,8207.40.20,,
__export__.l10n_br_fiscal_ncm_19526_bc1f025d,8207.50.11,,
__export__.l10n_br_fiscal_ncm_19527_405aec56,8207.50.19,,
__export__.l10n_br_fiscal_ncm_19528_d89e4aeb,8207.50.90,,
__export__.l10n_br_fiscal_ncm_19529_493edd4b,8207.60.00,,
__export__.l10n_br_fiscal_ncm_19530_32a69636,8207.70.10,,
__export__.l10n_br_fiscal_ncm_19531_3abadf57,8207.70.20,,
__export__.l10n_br_fiscal_ncm_19532_e0c5100f,8207.70.90,,
__export__.l10n_br_fiscal_ncm_19533_6b47dce7,8207.80.00,,
__export__.l10n_br_fiscal_ncm_19534_4d1b2865,8207.90.00,,
__export__.l10n_br_fiscal_ncm_19535_872b1573,8208.10.00,,
__export__.l10n_br_fiscal_ncm_19536_9e2cc928,8208.20.00,,
__export__.l10n_br_fiscal_ncm_19537_5da9e1e4,8208.30.00,,
__export__.l10n_br_fiscal_ncm_19538_25d72e2d,8208.40.00,,
__export__.l10n_br_fiscal_ncm_19539_58e4f062,8208.40.00,1,
__export__.l10n_br_fiscal_ncm_19540_5f0964a5,8208.90.00,,
__export__.l10n_br_fiscal_ncm_19541_eca92275,8209.00.11,,
__export__.l10n_br_fiscal_ncm_19542_55517554,8209.00.19,,
__export__.l10n_br_fiscal_ncm_19543_deab7567,8209.00.90,,
__export__.l10n_br_fiscal_ncm_19544_2770e6e9,8210.00.10,,
__export__.l10n_br_fiscal_ncm_19545_6a61ec54,8210.00.90,,
__export__.l10n_br_fiscal_ncm_19546_88d53f0e,8211.10.00,,
__export__.l10n_br_fiscal_ncm_19547_38833fd4,8211.91.00,,
__export__.l10n_br_fiscal_ncm_19548_50315b8f,8211.92.10,,
__export__.l10n_br_fiscal_ncm_19549_cda2ecd9,8211.92.20,,
__export__.l10n_br_fiscal_ncm_19550_3575aaaa,8211.92.90,,
__export__.l10n_br_fiscal_ncm_19551_cc68973a,8211.93.10,,
__export__.l10n_br_fiscal_ncm_19552_abf261a5,8211.93.20,,
__export__.l10n_br_fiscal_ncm_19553_e51e3292,8211.93.90,,
__export__.l10n_br_fiscal_ncm_19554_2b2f45df,8211.94.00,,
__export__.l10n_br_fiscal_ncm_19555_db139bc4,8211.95.00,,
__export__.l10n_br_fiscal_ncm_19556_7cdf5322,8212.10.10,,
__export__.l10n_br_fiscal_ncm_19557_c1472e62,8212.10.20,,
__export__.l10n_br_fiscal_ncm_19558_810b0592,8212.20.10,,
__export__.l10n_br_fiscal_ncm_19559_63eb2b20,8212.20.20,,
__export__.l10n_br_fiscal_ncm_19560_41ed398d,8212.90.00,,
__export__.l10n_br_fiscal_ncm_19561_7f27193c,8213.00.00,,
__export__.l10n_br_fiscal_ncm_19562_5e15d0dc,8214.10.00,,
__export__.l10n_br_fiscal_ncm_19563_e7e534e5,8214.20.00,,
__export__.l10n_br_fiscal_ncm_19564_e5bf3ac0,8214.90.10,,
__export__.l10n_br_fiscal_ncm_19565_5f324b81,8214.90.90,,
__export__.l10n_br_fiscal_ncm_19566_fc0e0c44,8215.10.00,,
__export__.l10n_br_fiscal_ncm_19567_72540fc4,8215.20.00,,
__export__.l10n_br_fiscal_ncm_19568_87c1d1f1,8215.91.00,,
__export__.l10n_br_fiscal_ncm_19569_461d53ee,8215.99.10,,
__export__.l10n_br_fiscal_ncm_19570_4bd2a310,8215.99.90,,
__export__.l10n_br_fiscal_ncm_19571_d6c9edc1,8301.10.00,,
__export__.l10n_br_fiscal_ncm_19572_9a4bccdf,8301.20.00,,
__export__.l10n_br_fiscal_ncm_19573_884d6e7b,8301.30.00,,
__export__.l10n_br_fiscal_ncm_19574_5100b463,8301.40.00,,
__export__.l10n_br_fiscal_ncm_19575_4bcf234c,8301.50.00,,
__export__.l10n_br_fiscal_ncm_19576_11feb22d,8301.60.00,,
__export__.l10n_br_fiscal_ncm_19577_642c32aa,8301.70.00,,
__export__.l10n_br_fiscal_ncm_19578_3be6e9ff,8302.10.00,,
__export__.l10n_br_fiscal_ncm_19579_be64c668,8302.20.00,,
__export__.l10n_br_fiscal_ncm_19580_e3015816,8302.30.00,,
__export__.l10n_br_fiscal_ncm_19581_2cdf9484,8302.41.00,,
__export__.l10n_br_fiscal_ncm_19582_620d0846,8302.42.00,,
__export__.l10n_br_fiscal_ncm_19583_974713f5,8302.49.00,,
__export__.l10n_br_fiscal_ncm_19584_fdea724d,8302.50.00,,
__export__.l10n_br_fiscal_ncm_19585_195c1368,8302.60.00,,
__export__.l10n_br_fiscal_ncm_19586_727ea495,8303.00.00,,
__export__.l10n_br_fiscal_ncm_19587_378c5839,8304.00.00,,
__export__.l10n_br_fiscal_ncm_19588_7ffd919f,8305.10.00,,
__export__.l10n_br_fiscal_ncm_19589_625985a0,8305.20.00,,
__export__.l10n_br_fiscal_ncm_19590_d9f03105,8305.90.00,,
__export__.l10n_br_fiscal_ncm_19591_a1b7b330,8306.10.00,,
__export__.l10n_br_fiscal_ncm_19592_1172eed8,8306.10.00,1,
__export__.l10n_br_fiscal_ncm_19593_a628592a,8306.21.00,,
__export__.l10n_br_fiscal_ncm_19594_0d646864,8306.29.00,,
__export__.l10n_br_fiscal_ncm_19595_a3412fbb,8306.30.00,,
__export__.l10n_br_fiscal_ncm_19596_b2dbee26,8307.10.10,,
__export__.l10n_br_fiscal_ncm_19597_37b238eb,8307.10.90,,
__export__.l10n_br_fiscal_ncm_19598_4e8221e0,8307.90.00,,
__export__.l10n_br_fiscal_ncm_19599_e026974f,8308.10.00,,
__export__.l10n_br_fiscal_ncm_19600_1753da4d,8308.20.00,,
__export__.l10n_br_fiscal_ncm_19601_2b0615d7,8308.90.10,,
__export__.l10n_br_fiscal_ncm_19602_a78f0c9d,8308.90.20,,
__export__.l10n_br_fiscal_ncm_19603_27bb1842,8308.90.90,,
__export__.l10n_br_fiscal_ncm_19604_360a36cc,8308.90.90,1,
__export__.l10n_br_fiscal_ncm_19605_52bf5cc1,8309.10.00,,
__export__.l10n_br_fiscal_ncm_19606_521c86db,8309.90.00,,
__export__.l10n_br_fiscal_ncm_19607_bec12106,8310.00.00,,
__export__.l10n_br_fiscal_ncm_19608_d0e59a70,8310.00.00,1,
__export__.l10n_br_fiscal_ncm_19609_6cbcb4d5,8311.10.00,,
__export__.l10n_br_fiscal_ncm_19610_5df9ce48,8311.20.00,,
__export__.l10n_br_fiscal_ncm_19611_ecd3a1d1,8311.30.00,,
__export__.l10n_br_fiscal_ncm_19612_83239a9c,8311.90.00,,
__export__.l10n_br_fiscal_ncm_19613_573e2c93,8401.10.00,,
__export__.l10n_br_fiscal_ncm_19614_858c0d81,8401.20.00,,
__export__.l10n_br_fiscal_ncm_19615_a20afed8,8401.30.00,,
__export__.l10n_br_fiscal_ncm_19616_1dd48cd9,8401.40.00,,
__export__.l10n_br_fiscal_ncm_19617_f6a55f20,8402.11.00,,
__export__.l10n_br_fiscal_ncm_19618_ff274b00,8402.12.00,,
__export__.l10n_br_fiscal_ncm_19619_7197f602,8402.19.00,,
__export__.l10n_br_fiscal_ncm_19620_5e7d3db1,8402.20.00,,
__export__.l10n_br_fiscal_ncm_19621_f6f88c01,8402.90.00,,
__export__.l10n_br_fiscal_ncm_19622_515fc257,8403.10.10,,
__export__.l10n_br_fiscal_ncm_19623_ae06c611,8403.10.90,,
__export__.l10n_br_fiscal_ncm_19624_0229d1ef,8403.90.00,,
__export__.l10n_br_fiscal_ncm_19625_d1af2abb,8404.10.10,,
__export__.l10n_br_fiscal_ncm_19626_c5f6a834,8404.10.20,,
__export__.l10n_br_fiscal_ncm_19627_af435b67,8404.20.00,,
__export__.l10n_br_fiscal_ncm_19628_d7deab80,8404.90.10,,
__export__.l10n_br_fiscal_ncm_19629_da484f51,8404.90.90,,
__export__.l10n_br_fiscal_ncm_19630_f557a6a5,8405.10.00,,
__export__.l10n_br_fiscal_ncm_19631_df20e424,8405.90.00,,
__export__.l10n_br_fiscal_ncm_19632_6b44c072,8406.10.00,,
__export__.l10n_br_fiscal_ncm_19633_8055084d,8406.81.00,,
__export__.l10n_br_fiscal_ncm_19634_8e1a6d5c,8406.82.00,,
__export__.l10n_br_fiscal_ncm_19635_3d4977cd,8406.90.11,,
__export__.l10n_br_fiscal_ncm_19636_b8be9658,8406.90.19,,
__export__.l10n_br_fiscal_ncm_19637_d345d20a,8406.90.21,,
__export__.l10n_br_fiscal_ncm_19638_d080e617,8406.90.29,,
__export__.l10n_br_fiscal_ncm_19639_0b197625,8406.90.90,,
__export__.l10n_br_fiscal_ncm_19640_b500d315,8407.10.00,,
__export__.l10n_br_fiscal_ncm_19641_4e34d71d,8407.21.10,,
__export__.l10n_br_fiscal_ncm_19642_1a31ffb1,8407.21.90,,
__export__.l10n_br_fiscal_ncm_19643_b149489b,8407.29.10,,
__export__.l10n_br_fiscal_ncm_19644_3e7f3b31,8407.29.90,,
__export__.l10n_br_fiscal_ncm_19645_c72ed071,8407.31.10,,
__export__.l10n_br_fiscal_ncm_19646_62eb4130,8407.31.90,,
__export__.l10n_br_fiscal_ncm_19647_0c190de9,8407.32.00,,
__export__.l10n_br_fiscal_ncm_19648_2a3bef4c,8407.33.10,,
__export__.l10n_br_fiscal_ncm_19649_1c4850bf,8407.33.90,,
__export__.l10n_br_fiscal_ncm_19650_19dd9247,8407.34.10,,
__export__.l10n_br_fiscal_ncm_19651_e4f11db5,8407.34.90,,
__export__.l10n_br_fiscal_ncm_19652_7d4a8b65,8407.90.00,,
__export__.l10n_br_fiscal_ncm_19653_7bd7be80,8408.10.10,,
__export__.l10n_br_fiscal_ncm_19654_defdcfc4,8408.10.90,,
__export__.l10n_br_fiscal_ncm_19655_721d51af,8408.20.10,,
__export__.l10n_br_fiscal_ncm_19656_e66b6145,8408.20.20,,
__export__.l10n_br_fiscal_ncm_19657_718e57d1,8408.20.20,1,
__export__.l10n_br_fiscal_ncm_19658_cbfc601e,8408.20.20,2,
__export__.l10n_br_fiscal_ncm_19659_9373bbba,8408.20.30,,
__export__.l10n_br_fiscal_ncm_19660_5cff236b,8408.20.30,1,
__export__.l10n_br_fiscal_ncm_19661_8c92b497,8408.20.30,2,
__export__.l10n_br_fiscal_ncm_19662_ca161c0c,8408.20.90,,
__export__.l10n_br_fiscal_ncm_19663_3fb07e81,8408.20.90,1,
__export__.l10n_br_fiscal_ncm_19664_3029af2c,8408.20.90,2,
__export__.l10n_br_fiscal_ncm_19665_c9cc1709,8408.90.10,,
__export__.l10n_br_fiscal_ncm_19666_1e91b07f,8408.90.90,,
__export__.l10n_br_fiscal_ncm_19667_4b0191c5,8409.10.00,,
__export__.l10n_br_fiscal_ncm_19668_56bf5ac7,8409.91.11,,
__export__.l10n_br_fiscal_ncm_19669_d7c17231,8409.91.12,,
__export__.l10n_br_fiscal_ncm_19670_ae27aead,8409.91.13,,
__export__.l10n_br_fiscal_ncm_19671_2d74721d,8409.91.14,,
__export__.l10n_br_fiscal_ncm_19672_26b785b9,8409.91.15,,
__export__.l10n_br_fiscal_ncm_19673_df7a1b04,8409.91.16,,
__export__.l10n_br_fiscal_ncm_19674_75d14c94,8409.91.17,,
__export__.l10n_br_fiscal_ncm_19675_75188fa6,8409.91.18,,
__export__.l10n_br_fiscal_ncm_19676_829574a7,8409.91.20,,
__export__.l10n_br_fiscal_ncm_19677_9b99c0e2,8409.91.30,,
__export__.l10n_br_fiscal_ncm_19678_cd72e0a0,8409.91.40,,
__export__.l10n_br_fiscal_ncm_19679_e4949c91,8409.91.90,,
__export__.l10n_br_fiscal_ncm_19680_2efb84ab,8409.99.12,,
__export__.l10n_br_fiscal_ncm_19681_95c054e4,8409.99.12,1,
__export__.l10n_br_fiscal_ncm_19682_ce637a68,8409.99.14,,
__export__.l10n_br_fiscal_ncm_19683_c7999144,8409.99.15,,
__export__.l10n_br_fiscal_ncm_19684_d32d94b0,8409.99.17,,
__export__.l10n_br_fiscal_ncm_19685_dc727503,8409.99.21,,
__export__.l10n_br_fiscal_ncm_19686_30bbaa64,8409.99.29,,
__export__.l10n_br_fiscal_ncm_19687_c5beeaa4,8409.99.30,,
__export__.l10n_br_fiscal_ncm_19688_db7ec5a1,8409.99.41,,
__export__.l10n_br_fiscal_ncm_19689_ed5ad948,8409.99.41,1,
__export__.l10n_br_fiscal_ncm_19691_775594ea,8409.99.49,1,
__export__.l10n_br_fiscal_ncm_19690_77147fab,8409.99.49,,
__export__.l10n_br_fiscal_ncm_19692_51610041,8409.99.51,,
__export__.l10n_br_fiscal_ncm_19693_47dacdf0,8409.99.51,1,
__export__.l10n_br_fiscal_ncm_19694_3f7043e1,8409.99.59,,
__export__.l10n_br_fiscal_ncm_19695_c158bb20,8409.99.59,1,
__export__.l10n_br_fiscal_ncm_19696_6d58dfec,8409.99.61,,
__export__.l10n_br_fiscal_ncm_19697_07b53e9e,8409.99.69,,
__export__.l10n_br_fiscal_ncm_19698_32667c1f,8409.99.71,,
__export__.l10n_br_fiscal_ncm_19699_df12b748,8409.99.79,,
__export__.l10n_br_fiscal_ncm_19700_38209d55,8409.99.91,,
__export__.l10n_br_fiscal_ncm_19701_53ad0d3a,8409.99.99,,
__export__.l10n_br_fiscal_ncm_19702_edae84f9,8409.99.99,1,
__export__.l10n_br_fiscal_ncm_19703_00a2da45,8410.11.00,,
__export__.l10n_br_fiscal_ncm_19704_6518c220,8410.12.00,,
__export__.l10n_br_fiscal_ncm_19705_f58e2996,8410.13.00,,
__export__.l10n_br_fiscal_ncm_19706_c228ee25,8410.90.00,,
__export__.l10n_br_fiscal_ncm_19707_89446090,8411.11.00,,
__export__.l10n_br_fiscal_ncm_19708_e72fc1e8,8411.12.00,,
__export__.l10n_br_fiscal_ncm_19709_ffa8753f,8411.21.00,,
__export__.l10n_br_fiscal_ncm_19710_eeb9b50c,8411.22.00,,
__export__.l10n_br_fiscal_ncm_19711_e3f6de1a,8411.81.00,,
__export__.l10n_br_fiscal_ncm_19712_8fe5c1cb,8411.82.00,,
__export__.l10n_br_fiscal_ncm_19713_e7a81091,8411.91.00,,
__export__.l10n_br_fiscal_ncm_19714_01af8e0d,8411.99.00,,
__export__.l10n_br_fiscal_ncm_19715_0f8f3de7,8412.10.00,,
__export__.l10n_br_fiscal_ncm_19716_a6228aec,8412.21.10,,
__export__.l10n_br_fiscal_ncm_19717_4c1bc1e0,8412.21.90,,
__export__.l10n_br_fiscal_ncm_19718_d2bfbb59,8412.29.00,,
__export__.l10n_br_fiscal_ncm_19719_447029ef,8412.31.10,,
__export__.l10n_br_fiscal_ncm_19720_f95b8b1b,8412.31.90,,
__export__.l10n_br_fiscal_ncm_19721_5311584a,8412.39.00,,
__export__.l10n_br_fiscal_ncm_19722_a0dd0984,8412.80.00,,
__export__.l10n_br_fiscal_ncm_19723_3d75fb77,8412.90.10,,
__export__.l10n_br_fiscal_ncm_19724_69029737,8412.90.20,,
__export__.l10n_br_fiscal_ncm_19725_e29fa815,8412.90.80,,
__export__.l10n_br_fiscal_ncm_19726_2d7b2fd1,8412.90.90,,
__export__.l10n_br_fiscal_ncm_19727_21de8e5b,8413.11.00,,
__export__.l10n_br_fiscal_ncm_19728_517b809b,8413.19.00,,
__export__.l10n_br_fiscal_ncm_19729_a74c540a,8413.20.00,,
__export__.l10n_br_fiscal_ncm_19730_adc20822,8413.30.10,,
__export__.l10n_br_fiscal_ncm_19731_8eba2285,8413.30.20,,
__export__.l10n_br_fiscal_ncm_19732_1e5ab9a6,8413.30.20,1,
__export__.l10n_br_fiscal_ncm_19733_7f904931,8413.30.30,,
__export__.l10n_br_fiscal_ncm_19734_65b09b71,8413.30.90,,
__export__.l10n_br_fiscal_ncm_19735_089439cf,8413.40.00,,
__export__.l10n_br_fiscal_ncm_19736_f64c04dd,8413.50.10,,
__export__.l10n_br_fiscal_ncm_19737_c0c8ba61,8413.50.90,,
__export__.l10n_br_fiscal_ncm_19738_b982e8f1,8413.60.11,,
__export__.l10n_br_fiscal_ncm_19739_a03f3c68,8413.60.19,,
__export__.l10n_br_fiscal_ncm_19740_9ce3f9b0,8413.60.90,,
__export__.l10n_br_fiscal_ncm_19741_6feb5cee,8413.70.10,,
__export__.l10n_br_fiscal_ncm_19742_53d66009,8413.70.80,,
__export__.l10n_br_fiscal_ncm_19743_215b275c,8413.70.90,,
__export__.l10n_br_fiscal_ncm_19744_6ab8733d,8413.81.00,,
__export__.l10n_br_fiscal_ncm_19745_841a5c74,8413.82.00,,
__export__.l10n_br_fiscal_ncm_19746_ba395333,8413.91.10,,
__export__.l10n_br_fiscal_ncm_19747_44ca7773,8413.91.90,,
__export__.l10n_br_fiscal_ncm_19748_046e9eb9,8413.91.90,1,
__export__.l10n_br_fiscal_ncm_19749_5153f0a9,8413.92.00,,
__export__.l10n_br_fiscal_ncm_19750_09c4cf3a,8414.10.00,,
__export__.l10n_br_fiscal_ncm_19751_3be423b5,8414.20.00,,
__export__.l10n_br_fiscal_ncm_19752_7e4c6ec9,8414.30.11,,
__export__.l10n_br_fiscal_ncm_19753_0b4530f8,8414.30.19,,
__export__.l10n_br_fiscal_ncm_19754_9fb63b24,8414.30.91,,
__export__.l10n_br_fiscal_ncm_19755_e4f35360,8414.30.99,,
__export__.l10n_br_fiscal_ncm_19756_e47de469,8414.40.10,,
__export__.l10n_br_fiscal_ncm_19757_92e8072e,8414.40.20,,
__export__.l10n_br_fiscal_ncm_19758_3582a435,8414.40.90,,
__export__.l10n_br_fiscal_ncm_19759_feef4e15,8414.51.10,,
__export__.l10n_br_fiscal_ncm_19760_939d4b6a,8414.51.20,,
__export__.l10n_br_fiscal_ncm_19761_efb87c5a,8414.51.90,,
__export__.l10n_br_fiscal_ncm_19762_a3a37718,8414.59.10,,
__export__.l10n_br_fiscal_ncm_19763_7424de3d,8414.59.90,,
__export__.l10n_br_fiscal_ncm_19764_439a0260,8414.60.00,,
__export__.l10n_br_fiscal_ncm_19765_b84c8db1,8414.60.00,1,
__export__.l10n_br_fiscal_ncm_19766_3b41b799,8414.70.00,,
__export__.l10n_br_fiscal_ncm_19767_4d0f86ee,8414.80.11,,
__export__.l10n_br_fiscal_ncm_19768_a3e0a65a,8414.80.12,,
__export__.l10n_br_fiscal_ncm_19769_67a74f49,8414.80.13,,
__export__.l10n_br_fiscal_ncm_19770_8a12dca2,8414.80.19,,
__export__.l10n_br_fiscal_ncm_19771_1e144851,8414.80.21,,
__export__.l10n_br_fiscal_ncm_19772_631ef116,8414.80.22,,
__export__.l10n_br_fiscal_ncm_19773_5cb6f187,8414.80.29,,
__export__.l10n_br_fiscal_ncm_19774_d13e385e,8414.80.31,,
__export__.l10n_br_fiscal_ncm_19775_6664f3d1,8414.80.32,,
__export__.l10n_br_fiscal_ncm_19776_63c1ffad,8414.80.33,,
__export__.l10n_br_fiscal_ncm_19777_d586007e,8414.80.38,,
__export__.l10n_br_fiscal_ncm_19778_2d106678,8414.80.39,,
__export__.l10n_br_fiscal_ncm_19779_792ffad8,8414.80.90,,
__export__.l10n_br_fiscal_ncm_19780_f156ae62,8414.90.10,,
__export__.l10n_br_fiscal_ncm_19781_a09d0f57,8414.90.20,,
__export__.l10n_br_fiscal_ncm_19782_0cab8473,8414.90.31,,
__export__.l10n_br_fiscal_ncm_19783_bf107b23,8414.90.32,,
__export__.l10n_br_fiscal_ncm_19784_44281197,8414.90.33,,
__export__.l10n_br_fiscal_ncm_19785_6b181f6a,8414.90.34,,
__export__.l10n_br_fiscal_ncm_19786_f5aa3483,8414.90.39,,
__export__.l10n_br_fiscal_ncm_19787_89d907ec,8414.90.40,,
__export__.l10n_br_fiscal_ncm_19788_6365737f,8415.10.11,,
__export__.l10n_br_fiscal_ncm_19789_c00dbde3,8415.10.11,1,
__export__.l10n_br_fiscal_ncm_19790_efac029a,8415.10.19,,
__export__.l10n_br_fiscal_ncm_19791_dfc1a735,8415.10.90,,
__export__.l10n_br_fiscal_ncm_19792_50231cc0,8415.20.10,,
__export__.l10n_br_fiscal_ncm_19793_64f89570,8415.20.90,,
__export__.l10n_br_fiscal_ncm_19794_64b9dbeb,8415.81.10,,
__export__.l10n_br_fiscal_ncm_19795_c884ed74,8415.81.90,,
__export__.l10n_br_fiscal_ncm_19796_1d9a4886,8415.82.10,,
__export__.l10n_br_fiscal_ncm_19797_1a16a554,8415.82.90,,
__export__.l10n_br_fiscal_ncm_19798_b6c0c63c,8415.83.00,,
__export__.l10n_br_fiscal_ncm_19799_b9979a00,8415.90.10,,
__export__.l10n_br_fiscal_ncm_19800_a7ece20a,8415.90.10,1,
__export__.l10n_br_fiscal_ncm_19801_8998974f,8415.90.20,,
__export__.l10n_br_fiscal_ncm_19802_74565b8e,8415.90.20,1,
__export__.l10n_br_fiscal_ncm_19803_605c5c4c,8415.90.90,,
__export__.l10n_br_fiscal_ncm_19804_41caa8c3,8416.10.00,,
__export__.l10n_br_fiscal_ncm_19805_f4617b5f,8416.20.10,,
__export__.l10n_br_fiscal_ncm_19806_084f5576,8416.20.90,,
__export__.l10n_br_fiscal_ncm_19807_3ad0da2d,8416.30.00,,
__export__.l10n_br_fiscal_ncm_19808_e521a26d,8416.90.00,,
__export__.l10n_br_fiscal_ncm_19809_eca5aaf6,8417.10.10,,
__export__.l10n_br_fiscal_ncm_19810_b89abb4e,8417.10.20,,
__export__.l10n_br_fiscal_ncm_19811_efc8c078,8417.10.90,,
__export__.l10n_br_fiscal_ncm_19812_b1bf6f02,8417.20.00,,
__export__.l10n_br_fiscal_ncm_19813_4f171100,8417.80.10,,
__export__.l10n_br_fiscal_ncm_19814_5b355512,8417.80.20,,
__export__.l10n_br_fiscal_ncm_19815_803a1cbc,8417.80.90,,
__export__.l10n_br_fiscal_ncm_19816_e75f9abc,8417.90.00,,
__export__.l10n_br_fiscal_ncm_19817_ef5dae1c,8418.10.00,,
__export__.l10n_br_fiscal_ncm_19818_6b5bbecf,8418.21.00,,
__export__.l10n_br_fiscal_ncm_19819_6d898a1e,8418.29.00,,
__export__.l10n_br_fiscal_ncm_19820_07bedb33,8418.30.00,,
__export__.l10n_br_fiscal_ncm_19821_3d3106ff,8418.30.00,1,
__export__.l10n_br_fiscal_ncm_19822_acd31354,8418.40.00,,
__export__.l10n_br_fiscal_ncm_19823_56f394ee,8418.40.00,1,
__export__.l10n_br_fiscal_ncm_19824_4d0f3efb,8418.50.10,,
__export__.l10n_br_fiscal_ncm_19825_af8ae97e,8418.50.90,,
__export__.l10n_br_fiscal_ncm_19826_81c3c18a,8418.61.00,,
__export__.l10n_br_fiscal_ncm_19827_4b13d3d6,8418.69.10,,
__export__.l10n_br_fiscal_ncm_19828_357fe802,8418.69.20,,
__export__.l10n_br_fiscal_ncm_19829_7a00df40,8418.69.31,,
__export__.l10n_br_fiscal_ncm_19830_820a3525,8418.69.31,1,
__export__.l10n_br_fiscal_ncm_19831_c88ccf5c,8418.69.32,,
__export__.l10n_br_fiscal_ncm_19832_2da51abc,8418.69.40,,
__export__.l10n_br_fiscal_ncm_19833_f4176158,8418.69.40,1,
__export__.l10n_br_fiscal_ncm_19834_38d751eb,8418.69.91,,
__export__.l10n_br_fiscal_ncm_19835_26442749,8418.69.99,,
__export__.l10n_br_fiscal_ncm_19836_fccb8ca1,8418.69.99,1,
__export__.l10n_br_fiscal_ncm_19837_98e29bab,8418.69.99,2,
__export__.l10n_br_fiscal_ncm_19838_adc5a575,8418.69.99,3,
__export__.l10n_br_fiscal_ncm_19839_bf3bb28e,8418.69.99,4,
__export__.l10n_br_fiscal_ncm_19840_4214eb33,8418.69.99,5,
__export__.l10n_br_fiscal_ncm_19841_1117162d,8418.91.00,,
__export__.l10n_br_fiscal_ncm_19842_33ecf7e6,8418.99.00,,
__export__.l10n_br_fiscal_ncm_19843_c24bab4a,8418.99.00,1,
__export__.l10n_br_fiscal_ncm_19844_02bf868e,8419.11.00,,
__export__.l10n_br_fiscal_ncm_19845_e4040efc,8419.11.00,1,
__export__.l10n_br_fiscal_ncm_19846_6a5f704c,8419.12.00,,
__export__.l10n_br_fiscal_ncm_19847_ca54a5db,8419.19.00,,
__export__.l10n_br_fiscal_ncm_19848_194bcbdd,8419.20.00,,
__export__.l10n_br_fiscal_ncm_19849_4ec1236b,8419.33.00,,
__export__.l10n_br_fiscal_ncm_19850_bab935dc,8419.34.00,,
__export__.l10n_br_fiscal_ncm_19851_03c06162,8419.35.00,,
__export__.l10n_br_fiscal_ncm_19852_ac26f2ff,8419.39.00,,
__export__.l10n_br_fiscal_ncm_19853_b95e7c36,8419.40.10,,
__export__.l10n_br_fiscal_ncm_19854_a6210f05,8419.40.20,,
__export__.l10n_br_fiscal_ncm_19855_29a71d6d,8419.40.90,,
__export__.l10n_br_fiscal_ncm_19856_1ccb0314,8419.50.10,,
__export__.l10n_br_fiscal_ncm_19857_d2dc8e7b,8419.50.21,,
__export__.l10n_br_fiscal_ncm_19858_cb516cc9,8419.50.22,,
__export__.l10n_br_fiscal_ncm_19859_2c465bc6,8419.50.29,,
__export__.l10n_br_fiscal_ncm_19860_a6239618,8419.50.90,,
__export__.l10n_br_fiscal_ncm_19861_0360c6db,8419.60.00,,
__export__.l10n_br_fiscal_ncm_19862_57315f9c,8419.81.10,,l10n_br_fiscal.tax_classification_200030
__export__.l10n_br_fiscal_ncm_19863_1df17823,8419.81.90,,
__export__.l10n_br_fiscal_ncm_19864_55ffa13e,8419.89.11,,
__export__.l10n_br_fiscal_ncm_19865_92d3ae3f,8419.89.19,,
__export__.l10n_br_fiscal_ncm_19866_c4bf864b,8419.89.19,1,
__export__.l10n_br_fiscal_ncm_19867_7da2b334,8419.89.20,,
__export__.l10n_br_fiscal_ncm_19868_696656cb,8419.89.30,,
__export__.l10n_br_fiscal_ncm_19869_284abd7f,8419.89.40,,
__export__.l10n_br_fiscal_ncm_19870_ac5d3cf2,8419.89.91,,
__export__.l10n_br_fiscal_ncm_19871_30cb69d8,8419.89.99,,l10n_br_fiscal.tax_classification_200030
__export__.l10n_br_fiscal_ncm_19872_30e252b4,8419.89.99,1,l10n_br_fiscal.tax_classification_200030
__export__.l10n_br_fiscal_ncm_19873_73f55066,8419.90.10,,
__export__.l10n_br_fiscal_ncm_19874_3a439233,8419.90.20,,
__export__.l10n_br_fiscal_ncm_19875_e2a31f17,8419.90.31,,
__export__.l10n_br_fiscal_ncm_19876_0b5ff447,8419.90.39,,
__export__.l10n_br_fiscal_ncm_19877_0b096a71,8419.90.40,,l10n_br_fiscal.tax_classification_200030
__export__.l10n_br_fiscal_ncm_19878_37490004,8419.90.90,,
__export__.l10n_br_fiscal_ncm_19879_0702bad2,8420.10.10,,
__export__.l10n_br_fiscal_ncm_19880_81d80a3c,8420.10.90,,
__export__.l10n_br_fiscal_ncm_19881_04029127,8420.91.00,,
__export__.l10n_br_fiscal_ncm_19882_9c1943a1,8420.99.00,,
__export__.l10n_br_fiscal_ncm_19883_1cef350e,8421.11.10,,
__export__.l10n_br_fiscal_ncm_19884_50d60065,8421.11.90,,
__export__.l10n_br_fiscal_ncm_19885_321d3e6e,8421.12.10,,
__export__.l10n_br_fiscal_ncm_19886_6a6bb77a,8421.12.90,,
__export__.l10n_br_fiscal_ncm_19887_470f7e11,8421.19.10,,
__export__.l10n_br_fiscal_ncm_19888_4e2456b3,8421.19.90,,
__export__.l10n_br_fiscal_ncm_19889_d487511d,8421.19.90,1,
__export__.l10n_br_fiscal_ncm_19890_377973d2,8421.21.00,,
__export__.l10n_br_fiscal_ncm_19891_5fbc857a,8421.22.00,,
__export__.l10n_br_fiscal_ncm_19892_3a7abe89,8421.23.00,,
__export__.l10n_br_fiscal_ncm_19893_8e8bdb3f,8421.23.00,1,
__export__.l10n_br_fiscal_ncm_19894_83c60b9f,8421.23.00,2,
__export__.l10n_br_fiscal_ncm_19895_2c7061c1,8421.29.11,,l10n_br_fiscal.tax_classification_200030
__export__.l10n_br_fiscal_ncm_19896_0b9616ec,8421.29.19,,
__export__.l10n_br_fiscal_ncm_19897_508d56ef,8421.29.20,,
__export__.l10n_br_fiscal_ncm_19898_0b315611,8421.29.30,,
__export__.l10n_br_fiscal_ncm_19899_a1c6524e,8421.29.90,,l10n_br_fiscal.tax_classification_200030
__export__.l10n_br_fiscal_ncm_19900_2d5c8d96,8421.31.00,,
__export__.l10n_br_fiscal_ncm_19901_cc844d94,8421.32.00,,
__export__.l10n_br_fiscal_ncm_19902_95e42458,8421.32.00,1,
__export__.l10n_br_fiscal_ncm_19903_84de5473,8421.32.00,2,
__export__.l10n_br_fiscal_ncm_19904_173833ec,8421.39.10,,
__export__.l10n_br_fiscal_ncm_19905_7be9066a,8421.39.30,,
__export__.l10n_br_fiscal_ncm_19906_a76bfed8,8421.39.90,,
__export__.l10n_br_fiscal_ncm_19907_cd4ebf49,8421.91.10,,
__export__.l10n_br_fiscal_ncm_19908_68f1bb31,8421.91.91,,
__export__.l10n_br_fiscal_ncm_19909_a74f2813,8421.91.99,,
__export__.l10n_br_fiscal_ncm_19910_f2afe5cc,8421.99.10,,
__export__.l10n_br_fiscal_ncm_19911_b36a5c51,8421.99.20,,
__export__.l10n_br_fiscal_ncm_19912_d7944412,8421.99.91,,
__export__.l10n_br_fiscal_ncm_19913_a01ec12e,8421.99.99,,
__export__.l10n_br_fiscal_ncm_19914_6ddccc9f,8422.11.00,,
__export__.l10n_br_fiscal_ncm_19915_6f8d5def,8422.19.00,,
__export__.l10n_br_fiscal_ncm_19916_177b1516,8422.19.00,1,
__export__.l10n_br_fiscal_ncm_19917_6a25a658,8422.20.00,,
__export__.l10n_br_fiscal_ncm_19918_f8f31983,8422.30.10,,
__export__.l10n_br_fiscal_ncm_19919_2f4e4ca3,8422.30.21,,
__export__.l10n_br_fiscal_ncm_19920_ea353fd0,8422.30.22,,
__export__.l10n_br_fiscal_ncm_19921_9d045988,8422.30.23,,
__export__.l10n_br_fiscal_ncm_19922_3ba3980e,8422.30.29,,
__export__.l10n_br_fiscal_ncm_19923_f5993320,8422.30.30,,
__export__.l10n_br_fiscal_ncm_19924_ba7b5d60,8422.40.10,,
__export__.l10n_br_fiscal_ncm_19925_7b1c1df2,8422.40.20,,
__export__.l10n_br_fiscal_ncm_19926_4a1b7f12,8422.40.30,,
__export__.l10n_br_fiscal_ncm_19927_fa497a08,8422.40.90,,
__export__.l10n_br_fiscal_ncm_19928_dbbb523e,8422.90.10,,
__export__.l10n_br_fiscal_ncm_19929_a5a498ed,8422.90.90,,
__export__.l10n_br_fiscal_ncm_19930_59a9265b,8423.10.00,,
__export__.l10n_br_fiscal_ncm_19931_10481dad,8423.10.00,1,
__export__.l10n_br_fiscal_ncm_19932_60f596fb,8423.20.00,,
__export__.l10n_br_fiscal_ncm_19933_52be81a8,8423.30.11,,
__export__.l10n_br_fiscal_ncm_19934_a8675321,8423.30.19,,
__export__.l10n_br_fiscal_ncm_19935_2e2e64f2,8423.30.90,,
__export__.l10n_br_fiscal_ncm_19936_1280e230,8423.81.10,,
__export__.l10n_br_fiscal_ncm_19937_327f6c65,8423.81.90,,
__export__.l10n_br_fiscal_ncm_19938_532578ad,8423.82.00,,
__export__.l10n_br_fiscal_ncm_19939_ae0a6b07,8423.89.00,,
__export__.l10n_br_fiscal_ncm_19940_e3e2f6bf,8423.90.10,,
__export__.l10n_br_fiscal_ncm_19941_8798f10e,8423.90.21,,
__export__.l10n_br_fiscal_ncm_19942_5e7a1edc,8423.90.29,,
__export__.l10n_br_fiscal_ncm_19943_8c49a528,8424.10.00,,
__export__.l10n_br_fiscal_ncm_19944_cba6dec2,8424.20.00,,
__export__.l10n_br_fiscal_ncm_19945_c5230a4c,8424.30.10,,
__export__.l10n_br_fiscal_ncm_19946_40bab48e,8424.30.20,,
__export__.l10n_br_fiscal_ncm_19947_5e473e63,8424.30.30,,
__export__.l10n_br_fiscal_ncm_19948_0b773be9,8424.30.90,,
__export__.l10n_br_fiscal_ncm_19949_b1c71d38,8424.41.00,,
__export__.l10n_br_fiscal_ncm_19950_2a063cb8,8424.49.00,,
__export__.l10n_br_fiscal_ncm_19951_d37239ab,8424.82.21,,
__export__.l10n_br_fiscal_ncm_19952_4291acca,8424.82.29,,
__export__.l10n_br_fiscal_ncm_19953_e5f8b0f0,8424.82.90,,
__export__.l10n_br_fiscal_ncm_19954_26868114,8424.89.10,,
__export__.l10n_br_fiscal_ncm_19955_7d43ad64,8424.89.20,,
__export__.l10n_br_fiscal_ncm_19956_63ecb453,8424.89.90,,
__export__.l10n_br_fiscal_ncm_19957_6fa424ca,8424.90.10,,
__export__.l10n_br_fiscal_ncm_19958_c5eb0fd4,8424.90.90,,
__export__.l10n_br_fiscal_ncm_19959_bca2084a,8425.11.00,,
__export__.l10n_br_fiscal_ncm_19960_5021c152,8425.19.10,,
__export__.l10n_br_fiscal_ncm_19961_a3f08b2a,8425.19.90,,
__export__.l10n_br_fiscal_ncm_19962_ff4f7d97,8425.31.10,,l10n_br_fiscal.tax_classification_200031
__export__.l10n_br_fiscal_ncm_19963_482cf12b,8425.31.90,,
__export__.l10n_br_fiscal_ncm_19964_8342c72a,8425.39.10,,
__export__.l10n_br_fiscal_ncm_19965_0be131f0,8425.39.90,,
__export__.l10n_br_fiscal_ncm_19966_4cca2cbb,8425.41.00,,
__export__.l10n_br_fiscal_ncm_19967_dcf6dd2a,8425.42.00,,
__export__.l10n_br_fiscal_ncm_19968_e87da35f,8425.49.10,,
__export__.l10n_br_fiscal_ncm_19969_a7402d03,8425.49.90,,
__export__.l10n_br_fiscal_ncm_19970_fb3df696,8426.11.00,,
__export__.l10n_br_fiscal_ncm_19971_cfe281a9,8426.12.00,,
__export__.l10n_br_fiscal_ncm_19972_e41c654c,8426.19.00,,
__export__.l10n_br_fiscal_ncm_19973_2121314e,8426.20.00,,
__export__.l10n_br_fiscal_ncm_19974_a4d0735a,8426.30.00,,
__export__.l10n_br_fiscal_ncm_19975_a07f4dba,8426.41.10,,
__export__.l10n_br_fiscal_ncm_19976_8a7f47f6,8426.41.90,,
__export__.l10n_br_fiscal_ncm_19977_6dfc8d50,8426.49.10,,
__export__.l10n_br_fiscal_ncm_19978_8638c15f,8426.49.90,,
__export__.l10n_br_fiscal_ncm_19979_ac621616,8426.91.00,,
__export__.l10n_br_fiscal_ncm_19980_5ff6658a,8426.99.00,,
__export__.l10n_br_fiscal_ncm_19981_bae53648,8427.10.11,,
__export__.l10n_br_fiscal_ncm_19982_8f2a3a79,8427.10.19,,
__export__.l10n_br_fiscal_ncm_19983_c4c102c0,8427.10.90,,
__export__.l10n_br_fiscal_ncm_19984_f748b6b3,8427.20.10,,
__export__.l10n_br_fiscal_ncm_19985_ff8313a0,8427.20.90,,
__export__.l10n_br_fiscal_ncm_19986_89225e74,8427.90.00,,
__export__.l10n_br_fiscal_ncm_19987_7b5fcf95,8428.10.00,,
__export__.l10n_br_fiscal_ncm_19988_af01805e,8428.20.10,,
__export__.l10n_br_fiscal_ncm_19989_6852521e,8428.20.90,,
__export__.l10n_br_fiscal_ncm_19990_c7fd08a8,8428.31.00,,
__export__.l10n_br_fiscal_ncm_19991_7f76464f,8428.32.00,,
__export__.l10n_br_fiscal_ncm_19992_aceb54ab,8428.33.00,,
__export__.l10n_br_fiscal_ncm_19993_e428ecb4,8428.39.10,,
__export__.l10n_br_fiscal_ncm_19994_e9679203,8428.39.20,,
__export__.l10n_br_fiscal_ncm_19995_2a8cb74a,8428.39.30,,
__export__.l10n_br_fiscal_ncm_19996_bbf557f6,8428.39.90,,
__export__.l10n_br_fiscal_ncm_19997_ba84cc92,8428.40.00,,
__export__.l10n_br_fiscal_ncm_19998_e5006a50,8428.60.00,,
__export__.l10n_br_fiscal_ncm_19999_9e45c0f1,8428.60.00,1,
__export__.l10n_br_fiscal_ncm_20000_aea66b01,8428.70.00,,
__export__.l10n_br_fiscal_ncm_20001_4af3607d,8428.90.10,,
__export__.l10n_br_fiscal_ncm_20002_232bca73,8428.90.20,,
__export__.l10n_br_fiscal_ncm_20003_897238a2,8428.90.30,,
__export__.l10n_br_fiscal_ncm_20004_00a77190,8428.90.90,,l10n_br_fiscal.tax_classification_200031
__export__.l10n_br_fiscal_ncm_20005_2cb70221,8429.11.10,,
__export__.l10n_br_fiscal_ncm_20006_6026d8e9,8429.11.90,,
__export__.l10n_br_fiscal_ncm_20007_6ab2294c,8429.19.10,,
__export__.l10n_br_fiscal_ncm_20008_a587c136,8429.19.90,,
__export__.l10n_br_fiscal_ncm_20009_6cf0e0c0,8429.20.10,,
__export__.l10n_br_fiscal_ncm_20010_2006b45a,8429.20.90,,
__export__.l10n_br_fiscal_ncm_20011_474a4a19,8429.30.00,,
__export__.l10n_br_fiscal_ncm_20012_2a79438d,8429.40.00,,
__export__.l10n_br_fiscal_ncm_20013_956f5585,8429.51.11,,
__export__.l10n_br_fiscal_ncm_20014_366b0a70,8429.51.19,,
__export__.l10n_br_fiscal_ncm_20015_5da4a681,8429.51.21,,
__export__.l10n_br_fiscal_ncm_20016_9442aa06,8429.51.29,,
__export__.l10n_br_fiscal_ncm_20017_5926cc4c,8429.51.91,,
__export__.l10n_br_fiscal_ncm_20018_b63dea24,8429.51.92,,
__export__.l10n_br_fiscal_ncm_20019_3a120364,8429.51.99,,
__export__.l10n_br_fiscal_ncm_20020_f90538b0,8429.52.11,,
__export__.l10n_br_fiscal_ncm_20021_23c55457,8429.52.12,,
__export__.l10n_br_fiscal_ncm_20022_917beedf,8429.52.19,,
__export__.l10n_br_fiscal_ncm_20023_e32083a3,8429.52.20,,
__export__.l10n_br_fiscal_ncm_20024_5eb5ebe1,8429.52.90,,
__export__.l10n_br_fiscal_ncm_20025_9290047e,8429.59.00,,
__export__.l10n_br_fiscal_ncm_20026_5aac6cb7,8430.10.00,,
__export__.l10n_br_fiscal_ncm_20027_8de856e3,8430.20.00,,
__export__.l10n_br_fiscal_ncm_20028_c5a50f85,8430.31.10,,
__export__.l10n_br_fiscal_ncm_20029_27a171fc,8430.31.90,,
__export__.l10n_br_fiscal_ncm_20030_49652509,8430.39.10,,
__export__.l10n_br_fiscal_ncm_20031_4b78964c,8430.39.90,,
__export__.l10n_br_fiscal_ncm_20032_a0892d18,8430.41.10,,
__export__.l10n_br_fiscal_ncm_20033_9daa2cbc,8430.41.20,,
__export__.l10n_br_fiscal_ncm_20034_cfd33c6a,8430.41.30,,
__export__.l10n_br_fiscal_ncm_20035_4fdee15e,8430.41.90,,
__export__.l10n_br_fiscal_ncm_20036_42803f63,8430.49.10,,
__export__.l10n_br_fiscal_ncm_20037_dcd7c057,8430.49.20,,
__export__.l10n_br_fiscal_ncm_20038_81433f96,8430.49.90,,
__export__.l10n_br_fiscal_ncm_20039_826b7044,8430.50.00,,
__export__.l10n_br_fiscal_ncm_20040_59184ebe,8430.61.00,,
__export__.l10n_br_fiscal_ncm_20041_a692abcb,8430.69.11,,
__export__.l10n_br_fiscal_ncm_20042_d73d5b29,8430.69.19,,
__export__.l10n_br_fiscal_ncm_20043_ba13363a,8430.69.90,,
__export__.l10n_br_fiscal_ncm_20044_68cace2e,8431.10.10,,
__export__.l10n_br_fiscal_ncm_20045_2e09e073,8431.10.90,,
__export__.l10n_br_fiscal_ncm_20046_1218e62d,8431.20.11,,
__export__.l10n_br_fiscal_ncm_20047_56c915c9,8431.20.19,,
__export__.l10n_br_fiscal_ncm_20048_2ed2cd7f,8431.20.90,,
__export__.l10n_br_fiscal_ncm_20049_256fda3f,8431.31.10,,
__export__.l10n_br_fiscal_ncm_20050_795962ef,8431.31.90,,
__export__.l10n_br_fiscal_ncm_20051_c33f24e1,8431.39.00,,
__export__.l10n_br_fiscal_ncm_20052_f0c19bc3,8431.41.00,,
__export__.l10n_br_fiscal_ncm_20053_828e2ffb,8431.42.00,,
__export__.l10n_br_fiscal_ncm_20054_1d369f27,8431.43.10,,
__export__.l10n_br_fiscal_ncm_20055_1bd8feec,8431.43.90,,
__export__.l10n_br_fiscal_ncm_20056_51cf9518,8431.49.10,,
__export__.l10n_br_fiscal_ncm_20057_2a904002,8431.49.21,,
__export__.l10n_br_fiscal_ncm_20058_091aff77,8431.49.22,,
__export__.l10n_br_fiscal_ncm_20059_df5672bd,8431.49.23,,
__export__.l10n_br_fiscal_ncm_20060_0ef0e323,8431.49.29,,
__export__.l10n_br_fiscal_ncm_20061_c6df8562,8432.10.00,,
__export__.l10n_br_fiscal_ncm_20062_afd4dd5b,8432.21.00,,
__export__.l10n_br_fiscal_ncm_20063_24d40a99,8432.29.00,,
__export__.l10n_br_fiscal_ncm_20064_7dc0061a,8432.31.10,,
__export__.l10n_br_fiscal_ncm_20065_95fd8d1c,8432.31.90,,
__export__.l10n_br_fiscal_ncm_20066_9be42bd6,8432.39.10,,
__export__.l10n_br_fiscal_ncm_20067_b796221f,8432.39.90,,
__export__.l10n_br_fiscal_ncm_20068_fd9d2521,8432.41.00,,
__export__.l10n_br_fiscal_ncm_20069_2b11131b,8432.42.00,,
__export__.l10n_br_fiscal_ncm_20071_813eae60,8432.80.00,1,
__export__.l10n_br_fiscal_ncm_20070_199d1ec0,8432.80.00,,
__export__.l10n_br_fiscal_ncm_20072_fbfd722d,8432.90.00,,
__export__.l10n_br_fiscal_ncm_20073_327c2d12,8433.11.00,,
__export__.l10n_br_fiscal_ncm_20074_f48dd05e,8433.19.00,,
__export__.l10n_br_fiscal_ncm_20075_f019a830,8433.20.10,,
__export__.l10n_br_fiscal_ncm_20076_3308def6,8433.20.90,,
__export__.l10n_br_fiscal_ncm_20077_c466bf48,8433.30.00,,
__export__.l10n_br_fiscal_ncm_20078_bb470d63,8433.40.00,,
__export__.l10n_br_fiscal_ncm_20079_65ad752b,8433.51.00,,
__export__.l10n_br_fiscal_ncm_20080_29ff255d,8433.52.00,,
__export__.l10n_br_fiscal_ncm_20081_16d040ab,8433.53.00,,
__export__.l10n_br_fiscal_ncm_20082_796bd457,8433.59.11,,
__export__.l10n_br_fiscal_ncm_20083_923bba6c,8433.59.19,,
__export__.l10n_br_fiscal_ncm_20084_f42d16b7,8433.59.90,,
__export__.l10n_br_fiscal_ncm_20085_d9844eb6,8433.60.10,,
__export__.l10n_br_fiscal_ncm_20086_31052189,8433.60.21,,
__export__.l10n_br_fiscal_ncm_20087_2a689e94,8433.60.29,,
__export__.l10n_br_fiscal_ncm_20088_e62f0f39,8433.60.90,,
__export__.l10n_br_fiscal_ncm_20089_8a172612,8433.90.10,,
__export__.l10n_br_fiscal_ncm_20090_f6153c03,8433.90.90,,
__export__.l10n_br_fiscal_ncm_20091_93c88a2a,8433.90.90,1,
__export__.l10n_br_fiscal_ncm_20092_040cb2c8,8434.10.00,,
__export__.l10n_br_fiscal_ncm_20093_049c5e01,8434.20.10,,
__export__.l10n_br_fiscal_ncm_20094_c928885b,8434.20.90,,
__export__.l10n_br_fiscal_ncm_20095_80d748de,8434.90.00,,
__export__.l10n_br_fiscal_ncm_20096_7e4e8634,8435.10.00,,
__export__.l10n_br_fiscal_ncm_20097_60227f6a,8435.90.00,,
__export__.l10n_br_fiscal_ncm_20098_2ebcd007,8436.10.00,,
__export__.l10n_br_fiscal_ncm_20099_878d22a8,8436.21.00,,
__export__.l10n_br_fiscal_ncm_20100_94efb91c,8436.29.00,,
__export__.l10n_br_fiscal_ncm_20101_9d715f41,8436.80.00,,
__export__.l10n_br_fiscal_ncm_20102_2b4fa88d,8436.91.00,,
__export__.l10n_br_fiscal_ncm_20103_87a288a8,8436.99.00,,
__export__.l10n_br_fiscal_ncm_20104_143c88ac,8437.10.00,,
__export__.l10n_br_fiscal_ncm_20105_66fa5bfa,8437.80.10,,
__export__.l10n_br_fiscal_ncm_20106_e1233dba,8437.80.90,,
__export__.l10n_br_fiscal_ncm_20107_ebc8925a,8437.90.00,,
__export__.l10n_br_fiscal_ncm_20108_3a56ae41,8438.10.00,,
__export__.l10n_br_fiscal_ncm_20109_00bb4bb9,8438.20.11,,
__export__.l10n_br_fiscal_ncm_20110_53a25272,8438.20.19,,
__export__.l10n_br_fiscal_ncm_20111_9341ddba,8438.20.90,,
__export__.l10n_br_fiscal_ncm_20112_110cc827,8438.30.00,,
__export__.l10n_br_fiscal_ncm_20113_c33263ee,8438.40.00,,
__export__.l10n_br_fiscal_ncm_20114_fe264e3f,8438.50.00,,
__export__.l10n_br_fiscal_ncm_20115_393cd57f,8438.60.00,,
__export__.l10n_br_fiscal_ncm_20116_21a1028c,8438.80.10,,
__export__.l10n_br_fiscal_ncm_20117_2a62f7fd,8438.80.20,,
__export__.l10n_br_fiscal_ncm_20118_b1dfcb8c,8438.80.90,,
__export__.l10n_br_fiscal_ncm_20119_cc51e850,8438.90.00,,
__export__.l10n_br_fiscal_ncm_20120_2284be62,8439.10.10,,
__export__.l10n_br_fiscal_ncm_20121_044a8e4d,8439.10.20,,
__export__.l10n_br_fiscal_ncm_20122_4b31ffc8,8439.10.30,,
__export__.l10n_br_fiscal_ncm_20123_8346aed1,8439.10.90,,
__export__.l10n_br_fiscal_ncm_20124_6ed504cf,8439.20.00,,
__export__.l10n_br_fiscal_ncm_20125_7c0aab39,8439.30.10,,
__export__.l10n_br_fiscal_ncm_20126_1a6c052a,8439.30.20,,
__export__.l10n_br_fiscal_ncm_20127_081bab3d,8439.30.30,,
__export__.l10n_br_fiscal_ncm_20128_e3ef9fbc,8439.30.90,,
__export__.l10n_br_fiscal_ncm_20129_2b09d573,8439.91.00,,
__export__.l10n_br_fiscal_ncm_20130_78208037,8439.99.10,,
__export__.l10n_br_fiscal_ncm_20131_a4a375d3,8439.99.90,,
__export__.l10n_br_fiscal_ncm_20132_76488a55,8440.10.11,,
__export__.l10n_br_fiscal_ncm_20133_f747f15f,8440.10.19,,
__export__.l10n_br_fiscal_ncm_20134_a4c3147f,8440.10.20,,
__export__.l10n_br_fiscal_ncm_20135_f9c0b543,8440.10.90,,
__export__.l10n_br_fiscal_ncm_20136_15b993d7,8440.90.00,,
__export__.l10n_br_fiscal_ncm_20137_bcfb5e5b,8441.10.10,,
__export__.l10n_br_fiscal_ncm_20138_2a419060,8441.10.90,,
__export__.l10n_br_fiscal_ncm_20139_8ebea0b3,8441.20.00,,
__export__.l10n_br_fiscal_ncm_20140_fb9bf45e,8441.30.10,,
__export__.l10n_br_fiscal_ncm_20141_a093ca99,8441.30.90,,
__export__.l10n_br_fiscal_ncm_20142_d12ccf3d,8441.40.00,,
__export__.l10n_br_fiscal_ncm_20143_4623ce2b,8441.80.00,,
__export__.l10n_br_fiscal_ncm_20144_05168cdc,8441.90.00,,
__export__.l10n_br_fiscal_ncm_20145_ff8deb8a,8442.30.10,,
__export__.l10n_br_fiscal_ncm_20146_a371eb62,8442.30.20,,
__export__.l10n_br_fiscal_ncm_20147_3fcf9223,8442.30.90,,
__export__.l10n_br_fiscal_ncm_20148_14502c64,8442.40.10,,
__export__.l10n_br_fiscal_ncm_20149_ea115ead,8442.40.20,,
__export__.l10n_br_fiscal_ncm_20150_7bb33506,8442.40.90,,
__export__.l10n_br_fiscal_ncm_20151_35a792dc,8442.50.00,,
__export__.l10n_br_fiscal_ncm_20152_a46fbf1f,8443.11.10,,
__export__.l10n_br_fiscal_ncm_20153_3a8db9ae,8443.11.90,,
__export__.l10n_br_fiscal_ncm_20154_3a3e1a99,8443.12.00,,
__export__.l10n_br_fiscal_ncm_20155_0b443c87,8443.13.10,,
__export__.l10n_br_fiscal_ncm_20156_4383dd2f,8443.13.21,,
__export__.l10n_br_fiscal_ncm_20157_748a5427,8443.13.29,,
__export__.l10n_br_fiscal_ncm_20158_fb0577f6,8443.13.90,,
__export__.l10n_br_fiscal_ncm_20159_de8db1da,8443.14.00,,
__export__.l10n_br_fiscal_ncm_20160_ff80d0f6,8443.15.00,,
__export__.l10n_br_fiscal_ncm_20161_7d594740,8443.16.00,,
__export__.l10n_br_fiscal_ncm_20162_e930b6e5,8443.17.10,,
__export__.l10n_br_fiscal_ncm_20163_5b6a43a2,8443.17.90,,
__export__.l10n_br_fiscal_ncm_20164_0aadbd78,8443.19.10,,
__export__.l10n_br_fiscal_ncm_20165_072c3176,8443.19.90,,
__export__.l10n_br_fiscal_ncm_20166_dfaae851,8443.31.11,,
__export__.l10n_br_fiscal_ncm_20167_fe531443,8443.31.12,,
__export__.l10n_br_fiscal_ncm_20168_3892cf9e,8443.31.13,,
__export__.l10n_br_fiscal_ncm_20169_e2bfadc5,8443.31.14,,
__export__.l10n_br_fiscal_ncm_20170_bacc7e80,8443.31.15,,
__export__.l10n_br_fiscal_ncm_20171_839059ef,8443.31.16,,
__export__.l10n_br_fiscal_ncm_20172_530691fb,8443.31.19,,
__export__.l10n_br_fiscal_ncm_20173_8d69b5f6,8443.31.91,,
__export__.l10n_br_fiscal_ncm_20174_c79bcabc,8443.31.99,,
__export__.l10n_br_fiscal_ncm_20175_6ad326a0,8443.32.21,,
__export__.l10n_br_fiscal_ncm_20176_95ebc1ce,8443.32.22,,l10n_br_fiscal.tax_classification_200031
__export__.l10n_br_fiscal_ncm_20177_5419ef37,8443.32.23,,
__export__.l10n_br_fiscal_ncm_20178_a0ea60cd,8443.32.29,,
__export__.l10n_br_fiscal_ncm_20179_47036700,8443.32.31,,
__export__.l10n_br_fiscal_ncm_20180_aa068191,8443.32.32,,
__export__.l10n_br_fiscal_ncm_20181_9c6ea48c,8443.32.33,,
__export__.l10n_br_fiscal_ncm_20182_744de5db,8443.32.34,,
__export__.l10n_br_fiscal_ncm_20183_d374973b,8443.32.35,,
__export__.l10n_br_fiscal_ncm_20184_1a701df9,8443.32.36,,
__export__.l10n_br_fiscal_ncm_20185_09b6d839,8443.32.37,,
__export__.l10n_br_fiscal_ncm_20186_d651985c,8443.32.38,,
__export__.l10n_br_fiscal_ncm_20187_71ef03ee,8443.32.39,,
__export__.l10n_br_fiscal_ncm_20188_a97e879e,8443.32.40,,
__export__.l10n_br_fiscal_ncm_20189_99fe8136,8443.32.51,,
__export__.l10n_br_fiscal_ncm_20190_e61c4992,8443.32.52,,
__export__.l10n_br_fiscal_ncm_20191_12e90862,8443.32.59,,
__export__.l10n_br_fiscal_ncm_20192_acdea7fc,8443.32.91,,
__export__.l10n_br_fiscal_ncm_20193_0011b4f2,8443.32.99,,
__export__.l10n_br_fiscal_ncm_20194_e1498223,8443.39.10,,
__export__.l10n_br_fiscal_ncm_20195_56203465,8443.39.21,,
__export__.l10n_br_fiscal_ncm_20196_317fbc65,8443.39.28,,
__export__.l10n_br_fiscal_ncm_20197_54762e0d,8443.39.29,,
__export__.l10n_br_fiscal_ncm_20198_095eb4c0,8443.39.30,,
__export__.l10n_br_fiscal_ncm_20199_f2dc9408,8443.39.90,,
__export__.l10n_br_fiscal_ncm_20200_7cd9af3b,8443.91.10,,
__export__.l10n_br_fiscal_ncm_20201_5d911b45,8443.91.91,,
__export__.l10n_br_fiscal_ncm_20202_5fedbf14,8443.91.92,,
__export__.l10n_br_fiscal_ncm_20203_b6cf2330,8443.91.99,,
__export__.l10n_br_fiscal_ncm_20204_ea39e00c,8443.99.11,,
__export__.l10n_br_fiscal_ncm_20205_a2d26326,8443.99.12,,
__export__.l10n_br_fiscal_ncm_20206_32c3e1e6,8443.99.19,,
__export__.l10n_br_fiscal_ncm_20207_16c1e86b,8443.99.21,,
__export__.l10n_br_fiscal_ncm_20208_21000ba8,8443.99.22,,
__export__.l10n_br_fiscal_ncm_20209_147b1841,8443.99.23,,
__export__.l10n_br_fiscal_ncm_20210_c346b560,8443.99.29,,
__export__.l10n_br_fiscal_ncm_20211_23db98bd,8443.99.31,,
__export__.l10n_br_fiscal_ncm_20212_88e03c45,8443.99.32,,
__export__.l10n_br_fiscal_ncm_20213_a1faed97,8443.99.33,,
__export__.l10n_br_fiscal_ncm_20214_fbcd0059,8443.99.39,,
__export__.l10n_br_fiscal_ncm_20215_83ef341b,8443.99.41,,
__export__.l10n_br_fiscal_ncm_20216_e9349769,8443.99.42,,
__export__.l10n_br_fiscal_ncm_20217_dda08707,8443.99.49,,
__export__.l10n_br_fiscal_ncm_20218_5f31dc1b,8443.99.50,,
__export__.l10n_br_fiscal_ncm_20219_cb4f14e2,8443.99.60,,
__export__.l10n_br_fiscal_ncm_20220_afe75268,8443.99.70,,
__export__.l10n_br_fiscal_ncm_20221_c5bdcd0e,8443.99.80,,
__export__.l10n_br_fiscal_ncm_20222_e0d4c2d9,8443.99.90,,
__export__.l10n_br_fiscal_ncm_20223_c5a7ea3e,8444.00.10,,
__export__.l10n_br_fiscal_ncm_20224_38999177,8444.00.20,,
__export__.l10n_br_fiscal_ncm_20225_43bff056,8444.00.90,,
__export__.l10n_br_fiscal_ncm_20226_91d1c1cb,8445.11.10,,
__export__.l10n_br_fiscal_ncm_20227_d09cbfd7,8445.11.20,,
__export__.l10n_br_fiscal_ncm_20228_7da89f2d,8445.11.90,,
__export__.l10n_br_fiscal_ncm_20229_921bd887,8445.12.00,,
__export__.l10n_br_fiscal_ncm_20230_b5096181,8445.13.00,,
__export__.l10n_br_fiscal_ncm_20231_26f0f5a1,8445.19.10,,
__export__.l10n_br_fiscal_ncm_20232_f28feac6,8445.19.21,,
__export__.l10n_br_fiscal_ncm_20233_d3bd6e92,8445.19.22,,
__export__.l10n_br_fiscal_ncm_20234_20c89f71,8445.19.23,,
__export__.l10n_br_fiscal_ncm_20235_19d2c46d,8445.19.24,,
__export__.l10n_br_fiscal_ncm_20236_7ce71059,8445.19.25,,
__export__.l10n_br_fiscal_ncm_20237_46d77f10,8445.19.26,,
__export__.l10n_br_fiscal_ncm_20238_4b5261f7,8445.19.27,,
__export__.l10n_br_fiscal_ncm_20239_77407eda,8445.19.29,,
__export__.l10n_br_fiscal_ncm_20240_db76011d,8445.20.00,,
__export__.l10n_br_fiscal_ncm_20241_15692fe1,8445.30.10,,
__export__.l10n_br_fiscal_ncm_20242_0791995f,8445.30.90,,
__export__.l10n_br_fiscal_ncm_20243_47824ca3,8445.40.11,,
__export__.l10n_br_fiscal_ncm_20244_c83ae8c5,8445.40.12,,
__export__.l10n_br_fiscal_ncm_20245_a2539920,8445.40.18,,
__export__.l10n_br_fiscal_ncm_20246_7d65d361,8445.40.19,,
__export__.l10n_br_fiscal_ncm_20247_c64e90b2,8445.40.21,,
__export__.l10n_br_fiscal_ncm_20248_e423714b,8445.40.29,,
__export__.l10n_br_fiscal_ncm_20249_525eb5e1,8445.40.31,,
__export__.l10n_br_fiscal_ncm_20250_f2bd39fe,8445.40.39,,
__export__.l10n_br_fiscal_ncm_20251_fb94e11f,8445.40.40,,
__export__.l10n_br_fiscal_ncm_20252_4d66d3c9,8445.40.90,,
__export__.l10n_br_fiscal_ncm_20253_b139858d,8445.90.10,,
__export__.l10n_br_fiscal_ncm_20254_fc0b3e95,8445.90.20,,
__export__.l10n_br_fiscal_ncm_20255_a59dad7e,8445.90.30,,
__export__.l10n_br_fiscal_ncm_20256_e0ca519f,8445.90.40,,
__export__.l10n_br_fiscal_ncm_20257_504bfd72,8445.90.90,,
__export__.l10n_br_fiscal_ncm_20258_2b00d0f0,8446.10.10,,
__export__.l10n_br_fiscal_ncm_20259_2134d758,8446.10.90,,
__export__.l10n_br_fiscal_ncm_20260_4b72ba45,8446.21.00,,
__export__.l10n_br_fiscal_ncm_20261_bd6dcbeb,8446.29.00,,
__export__.l10n_br_fiscal_ncm_20262_cf9e2f0d,8446.30.10,,
__export__.l10n_br_fiscal_ncm_20263_8c0b6d33,8446.30.20,,
__export__.l10n_br_fiscal_ncm_20264_8e1b1cb4,8446.30.30,,
__export__.l10n_br_fiscal_ncm_20265_ca0cff3b,8446.30.40,,
__export__.l10n_br_fiscal_ncm_20266_d6e72dba,8446.30.90,,
__export__.l10n_br_fiscal_ncm_20267_60404046,8447.11.00,,
__export__.l10n_br_fiscal_ncm_20268_35d55a6f,8447.12.00,,
__export__.l10n_br_fiscal_ncm_20269_65485c7d,8447.20.10,,
__export__.l10n_br_fiscal_ncm_20270_f8e8e991,8447.20.21,,
__export__.l10n_br_fiscal_ncm_20271_91ed4296,8447.20.29,,
__export__.l10n_br_fiscal_ncm_20272_3fd99a32,8447.20.30,,
__export__.l10n_br_fiscal_ncm_20273_6d215975,8447.90.10,,
__export__.l10n_br_fiscal_ncm_20274_3f0b3fbc,8447.90.20,,
__export__.l10n_br_fiscal_ncm_20275_f746ea38,8447.90.90,,
__export__.l10n_br_fiscal_ncm_20276_74868739,8448.11.10,,
__export__.l10n_br_fiscal_ncm_20277_e9787e7f,8448.11.20,,
__export__.l10n_br_fiscal_ncm_20278_3ae1e7f5,8448.11.90,,
__export__.l10n_br_fiscal_ncm_20279_63c7a53a,8448.19.00,,
__export__.l10n_br_fiscal_ncm_20280_197071d2,8448.20.10,,
__export__.l10n_br_fiscal_ncm_20281_1ab8b96f,8448.20.20,,
__export__.l10n_br_fiscal_ncm_20282_b3aa62bc,8448.20.30,,
__export__.l10n_br_fiscal_ncm_20283_8dc81e52,8448.20.90,,
__export__.l10n_br_fiscal_ncm_20284_8b2f3ad6,8448.31.00,,
__export__.l10n_br_fiscal_ncm_20285_32a7ab24,8448.32.11,,
__export__.l10n_br_fiscal_ncm_20286_e594a18b,8448.32.19,,
__export__.l10n_br_fiscal_ncm_20287_ff507b4d,8448.32.20,,
__export__.l10n_br_fiscal_ncm_20288_d5a94a73,8448.32.30,,
__export__.l10n_br_fiscal_ncm_20289_aa3de959,8448.32.40,,
__export__.l10n_br_fiscal_ncm_20290_a557c45b,8448.32.50,,
__export__.l10n_br_fiscal_ncm_20291_f1036f24,8448.32.90,,
__export__.l10n_br_fiscal_ncm_20292_d4ac883a,8448.33.10,,
__export__.l10n_br_fiscal_ncm_20293_a41f4d8d,8448.33.90,,
__export__.l10n_br_fiscal_ncm_20294_613c9c34,8448.39.11,,
__export__.l10n_br_fiscal_ncm_20295_e6b777fb,8448.39.12,,
__export__.l10n_br_fiscal_ncm_20296_8733db2e,8448.39.17,,
__export__.l10n_br_fiscal_ncm_20297_5cbebdaa,8448.39.19,,
__export__.l10n_br_fiscal_ncm_20298_5cc032d4,8448.39.21,,
__export__.l10n_br_fiscal_ncm_20299_d893cc13,8448.39.22,,
__export__.l10n_br_fiscal_ncm_20300_bf8c1f87,8448.39.23,,
__export__.l10n_br_fiscal_ncm_20301_642a8b28,8448.39.29,,
__export__.l10n_br_fiscal_ncm_20302_a86a945a,8448.39.91,,
__export__.l10n_br_fiscal_ncm_20303_ee717370,8448.39.92,,
__export__.l10n_br_fiscal_ncm_20304_1d71dca3,8448.39.99,,
__export__.l10n_br_fiscal_ncm_20305_c0f92760,8448.42.00,,
__export__.l10n_br_fiscal_ncm_20306_91331dc1,8448.49.10,,
__export__.l10n_br_fiscal_ncm_20307_563ddc6e,8448.49.20,,
__export__.l10n_br_fiscal_ncm_20308_0652313c,8448.49.90,,
__export__.l10n_br_fiscal_ncm_20309_e73f8200,8448.51.10,,
__export__.l10n_br_fiscal_ncm_20310_7e65578b,8448.51.90,,
__export__.l10n_br_fiscal_ncm_20311_4e33f7f1,8448.59.10,,
__export__.l10n_br_fiscal_ncm_20312_ad0cf5e3,8448.59.21,,
__export__.l10n_br_fiscal_ncm_20313_64e0afa3,8448.59.22,,
__export__.l10n_br_fiscal_ncm_20314_be55e128,8448.59.29,,
__export__.l10n_br_fiscal_ncm_20315_73480df1,8448.59.30,,
__export__.l10n_br_fiscal_ncm_20316_0d724546,8448.59.40,,
__export__.l10n_br_fiscal_ncm_20317_aebfcbfe,8448.59.90,,
__export__.l10n_br_fiscal_ncm_20318_f7c08c33,8449.00.10,,
__export__.l10n_br_fiscal_ncm_20319_5be16d42,8449.00.20,,
__export__.l10n_br_fiscal_ncm_20320_53a00614,8449.00.80,,
__export__.l10n_br_fiscal_ncm_20321_6259b1a0,8449.00.91,,
__export__.l10n_br_fiscal_ncm_20322_f2243843,8449.00.99,,
__export__.l10n_br_fiscal_ncm_20323_92fffb06,8450.11.00,,
__export__.l10n_br_fiscal_ncm_20324_e3d62cbf,8450.11.00,1,
__export__.l10n_br_fiscal_ncm_20325_762b7f01,8450.12.00,,
__export__.l10n_br_fiscal_ncm_20326_4bc9bba8,8450.12.00,1,
__export__.l10n_br_fiscal_ncm_20327_c71ae77f,8450.19.00,,
__export__.l10n_br_fiscal_ncm_20328_8129cad1,8450.19.00,1,
__export__.l10n_br_fiscal_ncm_20329_892e6695,8450.20.10,,
__export__.l10n_br_fiscal_ncm_20330_5f56922f,8450.20.90,,
__export__.l10n_br_fiscal_ncm_20331_813aed91,8450.20.90,1,
__export__.l10n_br_fiscal_ncm_20332_943d2be7,8450.90.10,,
__export__.l10n_br_fiscal_ncm_20333_4842e129,8450.90.90,,
__export__.l10n_br_fiscal_ncm_20334_a046e4f0,8451.10.00,,
__export__.l10n_br_fiscal_ncm_20335_b79051d9,8451.21.00,,
__export__.l10n_br_fiscal_ncm_20336_6a817c90,8451.21.00,1,
__export__.l10n_br_fiscal_ncm_20337_9d9ae1c6,8451.29.10,,
__export__.l10n_br_fiscal_ncm_20338_79a5ea22,8451.29.90,,
__export__.l10n_br_fiscal_ncm_20339_b95283d4,8451.30.10,,
__export__.l10n_br_fiscal_ncm_20340_599939dc,8451.30.91,,
__export__.l10n_br_fiscal_ncm_20341_beaaa404,8451.30.99,,
__export__.l10n_br_fiscal_ncm_20342_6e15c199,8451.40.10,,
__export__.l10n_br_fiscal_ncm_20343_cb4c1a7c,8451.40.21,,
__export__.l10n_br_fiscal_ncm_20344_ecf4c1f6,8451.40.29,,
__export__.l10n_br_fiscal_ncm_20345_4f5baa90,8451.40.90,,
__export__.l10n_br_fiscal_ncm_20346_f97b9d87,8451.50.10,,
__export__.l10n_br_fiscal_ncm_20347_dea7a1ff,8451.50.20,,
__export__.l10n_br_fiscal_ncm_20348_ec94ea8e,8451.50.90,,
__export__.l10n_br_fiscal_ncm_20349_51bc812f,8451.80.00,,
__export__.l10n_br_fiscal_ncm_20350_70d4749d,8451.80.00,1,
__export__.l10n_br_fiscal_ncm_20351_ff0f7961,8451.90.10,,
__export__.l10n_br_fiscal_ncm_20352_664590f5,8451.90.90,,
__export__.l10n_br_fiscal_ncm_20353_159f9221,8452.10.00,,
__export__.l10n_br_fiscal_ncm_20354_edbab18f,8452.21.10,,
__export__.l10n_br_fiscal_ncm_20355_70c19469,8452.21.20,,
__export__.l10n_br_fiscal_ncm_20356_31997afc,8452.21.90,,
__export__.l10n_br_fiscal_ncm_20357_2bb03593,8452.29.10,,
__export__.l10n_br_fiscal_ncm_20358_2e6b7b89,8452.29.21,,
__export__.l10n_br_fiscal_ncm_20359_5cd97bbb,8452.29.22,,
__export__.l10n_br_fiscal_ncm_20360_12ea1467,8452.29.23,,
__export__.l10n_br_fiscal_ncm_20361_c6b7ca7d,8452.29.24,,
__export__.l10n_br_fiscal_ncm_20362_4ce51ffb,8452.29.25,,
__export__.l10n_br_fiscal_ncm_20363_61f5fc12,8452.29.29,,
__export__.l10n_br_fiscal_ncm_20364_4b6ca692,8452.29.90,,
__export__.l10n_br_fiscal_ncm_20365_fc7c1c66,8452.30.00,,
__export__.l10n_br_fiscal_ncm_20366_fad1f751,8452.90.20,,
__export__.l10n_br_fiscal_ncm_20367_3ce8b8c2,8452.90.20,1,
__export__.l10n_br_fiscal_ncm_20368_b90800a2,8452.90.81,,
__export__.l10n_br_fiscal_ncm_20369_087422aa,8452.90.89,,
__export__.l10n_br_fiscal_ncm_20370_7700c3c0,8452.90.91,,
__export__.l10n_br_fiscal_ncm_20371_541f9986,8452.90.92,,
__export__.l10n_br_fiscal_ncm_20372_8c416e22,8452.90.93,,
__export__.l10n_br_fiscal_ncm_20373_ff520832,8452.90.94,,
__export__.l10n_br_fiscal_ncm_20374_2b2e8190,8452.90.99,,
__export__.l10n_br_fiscal_ncm_20375_1c1f7bb1,8453.10.10,,
__export__.l10n_br_fiscal_ncm_20376_ff054c67,8453.10.90,,
__export__.l10n_br_fiscal_ncm_20377_a6f95be5,8453.20.00,,
__export__.l10n_br_fiscal_ncm_20378_832ee0d1,8453.80.00,,
__export__.l10n_br_fiscal_ncm_20379_44c4485e,8453.90.00,,
__export__.l10n_br_fiscal_ncm_20380_d6290e9f,8454.10.00,,
__export__.l10n_br_fiscal_ncm_20381_6f456312,8454.20.10,,
__export__.l10n_br_fiscal_ncm_20382_e2858439,8454.20.90,,
__export__.l10n_br_fiscal_ncm_20383_79168f99,8454.30.10,,
__export__.l10n_br_fiscal_ncm_20384_5914768f,8454.30.20,,
__export__.l10n_br_fiscal_ncm_20385_f2115bc0,8454.30.90,,
__export__.l10n_br_fiscal_ncm_20386_ad086c86,8454.90.10,,
__export__.l10n_br_fiscal_ncm_20387_51a291ef,8454.90.90,,
__export__.l10n_br_fiscal_ncm_20388_adeb4c14,8455.10.00,,
__export__.l10n_br_fiscal_ncm_20389_5e609cdc,8455.21.10,,
__export__.l10n_br_fiscal_ncm_20390_1fdb9f89,8455.21.90,,
__export__.l10n_br_fiscal_ncm_20391_ae6de9ef,8455.22.10,,
__export__.l10n_br_fiscal_ncm_20392_dd993a9f,8455.22.90,,
__export__.l10n_br_fiscal_ncm_20393_90ab177f,8455.30.10,,
__export__.l10n_br_fiscal_ncm_20394_c9f70a74,8455.30.20,,
__export__.l10n_br_fiscal_ncm_20395_147e03de,8455.30.90,,
__export__.l10n_br_fiscal_ncm_20396_10d9d623,8455.90.00,,
__export__.l10n_br_fiscal_ncm_20397_ac254bcb,8456.11.11,,
__export__.l10n_br_fiscal_ncm_20398_029aead5,8456.11.19,,
__export__.l10n_br_fiscal_ncm_20399_43b35558,8456.11.90,,
__export__.l10n_br_fiscal_ncm_20400_3f81193c,8456.12.11,,
__export__.l10n_br_fiscal_ncm_20401_c030a138,8456.12.19,,
__export__.l10n_br_fiscal_ncm_20402_48789d89,8456.12.90,,
__export__.l10n_br_fiscal_ncm_20403_0e314b3e,8456.20.10,,
__export__.l10n_br_fiscal_ncm_20404_c59a2b5b,8456.20.90,,
__export__.l10n_br_fiscal_ncm_20405_0991613f,8456.30.11,,
__export__.l10n_br_fiscal_ncm_20406_ca762082,8456.30.19,,
__export__.l10n_br_fiscal_ncm_20407_cec4b421,8456.30.90,,
__export__.l10n_br_fiscal_ncm_20408_9e95c833,8456.40.00,,
__export__.l10n_br_fiscal_ncm_20409_c676e640,8456.50.00,,
__export__.l10n_br_fiscal_ncm_20410_878a797d,8456.90.00,,
__export__.l10n_br_fiscal_ncm_20411_ee3e7d25,8457.10.00,,
__export__.l10n_br_fiscal_ncm_20412_3e608f3c,8457.20.10,,
__export__.l10n_br_fiscal_ncm_20413_39b2833a,8457.20.90,,
__export__.l10n_br_fiscal_ncm_20414_e050877a,8457.30.10,,
__export__.l10n_br_fiscal_ncm_20415_386b2395,8457.30.90,,
__export__.l10n_br_fiscal_ncm_20416_b2f44e03,8458.11.10,,
__export__.l10n_br_fiscal_ncm_20417_82a6c32b,8458.11.91,,
__export__.l10n_br_fiscal_ncm_20418_6023d87f,8458.11.99,,
__export__.l10n_br_fiscal_ncm_20419_3ebf8fe7,8458.19.10,,
__export__.l10n_br_fiscal_ncm_20420_bdcf8045,8458.19.90,,
__export__.l10n_br_fiscal_ncm_20421_67b7fd65,8458.91.00,,
__export__.l10n_br_fiscal_ncm_20422_32fb38a1,8458.99.00,,
__export__.l10n_br_fiscal_ncm_20423_b1ae490a,8459.10.00,,
__export__.l10n_br_fiscal_ncm_20424_93e07089,8459.21.10,,
__export__.l10n_br_fiscal_ncm_20425_849c41a0,8459.21.91,,
__export__.l10n_br_fiscal_ncm_20426_757add98,8459.21.99,,
__export__.l10n_br_fiscal_ncm_20427_9c0c9d83,8459.29.00,,
__export__.l10n_br_fiscal_ncm_20428_ed2cf19b,8459.31.00,,
__export__.l10n_br_fiscal_ncm_20429_83d03a04,8459.39.00,,
__export__.l10n_br_fiscal_ncm_20430_3a6143f9,8459.41.00,,
__export__.l10n_br_fiscal_ncm_20431_9ad4dc38,8459.49.00,,
__export__.l10n_br_fiscal_ncm_20432_09e63c66,8459.51.00,,
__export__.l10n_br_fiscal_ncm_20433_109b5e4e,8459.59.00,,
__export__.l10n_br_fiscal_ncm_20434_0455a7dc,8459.61.00,,
__export__.l10n_br_fiscal_ncm_20435_68808b60,8459.69.00,,
__export__.l10n_br_fiscal_ncm_20436_62994fc8,8459.70.00,,
__export__.l10n_br_fiscal_ncm_20437_c461e5ae,8460.12.00,,
__export__.l10n_br_fiscal_ncm_20438_fdbfec13,8460.19.00,,
__export__.l10n_br_fiscal_ncm_20439_124496ae,8460.22.00,,
__export__.l10n_br_fiscal_ncm_20440_e5b7082d,8460.23.00,,
__export__.l10n_br_fiscal_ncm_20441_2d6c638e,8460.24.00,,
__export__.l10n_br_fiscal_ncm_20442_1d4bf07d,8460.29.00,,
__export__.l10n_br_fiscal_ncm_20443_aec91092,8460.31.00,,
__export__.l10n_br_fiscal_ncm_20444_c2f199d4,8460.39.00,,
__export__.l10n_br_fiscal_ncm_20445_5e6379e5,8460.40.11,,
__export__.l10n_br_fiscal_ncm_20446_1fed1fe6,8460.40.19,,
__export__.l10n_br_fiscal_ncm_20447_69032326,8460.40.91,,
__export__.l10n_br_fiscal_ncm_20448_79b05780,8460.40.99,,
__export__.l10n_br_fiscal_ncm_20449_7b9cc7d3,8460.90.11,,
__export__.l10n_br_fiscal_ncm_20450_d8be1cc6,8460.90.12,,
__export__.l10n_br_fiscal_ncm_20451_970ef97a,8460.90.19,,
__export__.l10n_br_fiscal_ncm_20452_963b4804,8460.90.90,,
__export__.l10n_br_fiscal_ncm_20453_45686292,8461.20.10,,
__export__.l10n_br_fiscal_ncm_20454_44a60454,8461.20.90,,
__export__.l10n_br_fiscal_ncm_20455_568a5d7c,8461.30.10,,
__export__.l10n_br_fiscal_ncm_20456_71f4f6d6,8461.30.90,,
__export__.l10n_br_fiscal_ncm_20457_3b2803eb,8461.40.10,,
__export__.l10n_br_fiscal_ncm_20458_2e32bd34,8461.40.91,,
__export__.l10n_br_fiscal_ncm_20459_4932fe17,8461.40.99,,
__export__.l10n_br_fiscal_ncm_20460_ab70d36d,8461.50.10,,
__export__.l10n_br_fiscal_ncm_20461_e60aca0f,8461.50.20,,
__export__.l10n_br_fiscal_ncm_20462_bc62833a,8461.50.90,,
__export__.l10n_br_fiscal_ncm_20463_e53cd0b9,8461.90.10,,
__export__.l10n_br_fiscal_ncm_20464_056d073c,8461.90.90,,
__export__.l10n_br_fiscal_ncm_20465_bf2ca614,8462.11.00,,
__export__.l10n_br_fiscal_ncm_20466_6232e0c0,8462.19.00,,
__export__.l10n_br_fiscal_ncm_20467_bd5f4824,8462.22.00,,
__export__.l10n_br_fiscal_ncm_20468_370ef823,8462.23.00,,
__export__.l10n_br_fiscal_ncm_20469_75270e42,8462.24.00,,
__export__.l10n_br_fiscal_ncm_20470_7ebdbba7,8462.25.00,,
__export__.l10n_br_fiscal_ncm_20471_2d5b0c04,8462.26.00,,
__export__.l10n_br_fiscal_ncm_20472_62610e92,8462.29.00,,
__export__.l10n_br_fiscal_ncm_20473_21d24c68,8462.32.00,,
__export__.l10n_br_fiscal_ncm_20474_d6b0e3d7,8462.33.00,,
__export__.l10n_br_fiscal_ncm_20475_fb47b30c,8462.39.00,,
__export__.l10n_br_fiscal_ncm_20476_f5d55db9,8462.42.00,,
__export__.l10n_br_fiscal_ncm_20477_099332f9,8462.49.00,,
__export__.l10n_br_fiscal_ncm_20478_90ea31af,8462.51.00,,
__export__.l10n_br_fiscal_ncm_20479_9b997872,8462.59.00,,
__export__.l10n_br_fiscal_ncm_20480_928c1204,8462.61.00,,
__export__.l10n_br_fiscal_ncm_20481_9c97011a,8462.62.00,,
__export__.l10n_br_fiscal_ncm_20482_5686fb19,8462.63.00,,
__export__.l10n_br_fiscal_ncm_20483_8f46fe9c,8462.69.00,,
__export__.l10n_br_fiscal_ncm_20484_f6b3fa54,8462.90.00,,
__export__.l10n_br_fiscal_ncm_20485_64095b6f,8463.10.10,,
__export__.l10n_br_fiscal_ncm_20486_c19bfb64,8463.10.90,,
__export__.l10n_br_fiscal_ncm_20487_d3ef6f50,8463.20.10,,
__export__.l10n_br_fiscal_ncm_20488_8479dbf4,8463.20.91,,
__export__.l10n_br_fiscal_ncm_20489_680ccd50,8463.20.99,,
__export__.l10n_br_fiscal_ncm_20490_a28f0fe2,8463.30.00,,
__export__.l10n_br_fiscal_ncm_20491_6a448634,8463.90.10,,
__export__.l10n_br_fiscal_ncm_20492_57c5220f,8463.90.90,,
__export__.l10n_br_fiscal_ncm_20493_599a8910,8464.10.00,,
__export__.l10n_br_fiscal_ncm_20494_43c74ae1,8464.20.10,,
__export__.l10n_br_fiscal_ncm_20495_5d62db81,8464.20.21,,
__export__.l10n_br_fiscal_ncm_20496_7ebe6e20,8464.20.29,,
__export__.l10n_br_fiscal_ncm_20497_2c6144e5,8464.20.90,,
__export__.l10n_br_fiscal_ncm_20498_38f2f928,8464.90.11,,
__export__.l10n_br_fiscal_ncm_20499_d578d0de,8464.90.19,,
__export__.l10n_br_fiscal_ncm_20500_381d3ac2,8464.90.90,,
__export__.l10n_br_fiscal_ncm_20501_87b933c1,8465.10.00,,
__export__.l10n_br_fiscal_ncm_20502_2844b473,8465.20.00,,
__export__.l10n_br_fiscal_ncm_20503_7f16016f,8465.91.10,,
__export__.l10n_br_fiscal_ncm_20504_96e338a0,8465.91.20,,
__export__.l10n_br_fiscal_ncm_20505_58022be4,8465.91.90,,
__export__.l10n_br_fiscal_ncm_20506_1403b084,8465.92.11,,
__export__.l10n_br_fiscal_ncm_20507_0aa20370,8465.92.19,,
__export__.l10n_br_fiscal_ncm_20508_53565f1f,8465.92.90,,
__export__.l10n_br_fiscal_ncm_20509_975a8306,8465.93.10,,
__export__.l10n_br_fiscal_ncm_20510_2280e1bf,8465.93.90,,
__export__.l10n_br_fiscal_ncm_20511_236e3034,8465.94.00,,
__export__.l10n_br_fiscal_ncm_20512_29574fab,8465.95.11,,
__export__.l10n_br_fiscal_ncm_20513_89d95099,8465.95.12,,
__export__.l10n_br_fiscal_ncm_20514_37c066fe,8465.95.91,,
__export__.l10n_br_fiscal_ncm_20515_71f5ea76,8465.95.92,,
__export__.l10n_br_fiscal_ncm_20516_f3e8a890,8465.96.00,,
__export__.l10n_br_fiscal_ncm_20517_6208cd0c,8465.99.00,,
__export__.l10n_br_fiscal_ncm_20518_5abd8c19,8466.10.00,,
__export__.l10n_br_fiscal_ncm_20519_0735f7c5,8466.20.10,,
__export__.l10n_br_fiscal_ncm_20520_60a3866d,8466.20.90,,
__export__.l10n_br_fiscal_ncm_20521_394f077c,8466.30.00,,
__export__.l10n_br_fiscal_ncm_20522_27be01ba,8466.91.00,,
__export__.l10n_br_fiscal_ncm_20523_6b483284,8466.92.00,,
__export__.l10n_br_fiscal_ncm_20524_496b7545,8466.93.11,,
__export__.l10n_br_fiscal_ncm_20525_9ebbb752,8466.93.19,,
__export__.l10n_br_fiscal_ncm_20526_0ee2e005,8466.93.20,,
__export__.l10n_br_fiscal_ncm_20527_f7fbdf9e,8466.93.30,,
__export__.l10n_br_fiscal_ncm_20528_421e7081,8466.93.40,,
__export__.l10n_br_fiscal_ncm_20529_66f825a7,8466.93.50,,
__export__.l10n_br_fiscal_ncm_20530_d2074dd3,8466.93.60,,
__export__.l10n_br_fiscal_ncm_20531_5fd07819,8466.94.10,,
__export__.l10n_br_fiscal_ncm_20532_e311cae2,8466.94.20,,
__export__.l10n_br_fiscal_ncm_20533_29e57e3c,8466.94.90,,
__export__.l10n_br_fiscal_ncm_20534_beb2d98d,8467.11.10,,
__export__.l10n_br_fiscal_ncm_20535_3d31f637,8467.11.90,,
__export__.l10n_br_fiscal_ncm_20536_35e19aad,8467.19.00,,
__export__.l10n_br_fiscal_ncm_20537_6e0b7e37,8467.21.00,,
__export__.l10n_br_fiscal_ncm_20538_07aaa1b0,8467.22.00,,
__export__.l10n_br_fiscal_ncm_20539_a2173964,8467.29.10,,
__export__.l10n_br_fiscal_ncm_20540_fa086a8b,8467.29.91,,
__export__.l10n_br_fiscal_ncm_20541_3767fc99,8467.29.92,,
__export__.l10n_br_fiscal_ncm_20542_3c108089,8467.29.93,,
__export__.l10n_br_fiscal_ncm_20543_6e561821,8467.29.99,,
__export__.l10n_br_fiscal_ncm_20544_b83d0a72,8467.81.00,,
__export__.l10n_br_fiscal_ncm_20545_747ad7b3,8467.89.00,,
__export__.l10n_br_fiscal_ncm_20546_13fe32b3,8467.91.00,,
__export__.l10n_br_fiscal_ncm_20547_0f78ae16,8467.92.00,,
__export__.l10n_br_fiscal_ncm_20548_ed86f194,8467.99.00,,
__export__.l10n_br_fiscal_ncm_20549_8031db17,8468.10.00,,
__export__.l10n_br_fiscal_ncm_20550_2884dc06,8468.20.00,,
__export__.l10n_br_fiscal_ncm_20551_e048d1c8,8468.80.10,,
__export__.l10n_br_fiscal_ncm_20552_a1de72f4,8468.80.90,,
__export__.l10n_br_fiscal_ncm_20553_e2ce3960,8468.90.10,,
__export__.l10n_br_fiscal_ncm_20554_90045e80,8468.90.20,,
__export__.l10n_br_fiscal_ncm_20555_e8e94b7f,8468.90.90,,
__export__.l10n_br_fiscal_ncm_20556_dbc1b3ee,8470.10.00,,l10n_br_fiscal.tax_classification_200031
__export__.l10n_br_fiscal_ncm_20557_09d37269,8470.10.00,1,l10n_br_fiscal.tax_classification_200031
__export__.l10n_br_fiscal_ncm_20558_786726fc,8470.21.00,,
__export__.l10n_br_fiscal_ncm_20559_439ee08c,8470.29.00,,l10n_br_fiscal.tax_classification_200031
__export__.l10n_br_fiscal_ncm_20560_dde46841,8470.30.00,,
__export__.l10n_br_fiscal_ncm_20561_148454b9,8470.50.10,,
__export__.l10n_br_fiscal_ncm_20562_9b50d48f,8470.50.90,,
__export__.l10n_br_fiscal_ncm_20563_3df3517b,8470.90.10,,
__export__.l10n_br_fiscal_ncm_20564_caba6b7e,8470.90.90,,
__export__.l10n_br_fiscal_ncm_20565_97a04312,8471.30.11,,
__export__.l10n_br_fiscal_ncm_20566_8be614ca,8471.30.12,,
__export__.l10n_br_fiscal_ncm_20567_03cf8718,8471.30.19,,
__export__.l10n_br_fiscal_ncm_20568_8df5f086,8471.30.90,,
__export__.l10n_br_fiscal_ncm_20569_845c113d,8471.41.00,,
__export__.l10n_br_fiscal_ncm_20570_55d5dc81,8471.49.00,,
__export__.l10n_br_fiscal_ncm_20571_1245ec37,8471.50.10,,
__export__.l10n_br_fiscal_ncm_20572_b6f3ad9f,8471.50.20,,
__export__.l10n_br_fiscal_ncm_20573_150a7bed,8471.50.30,,
__export__.l10n_br_fiscal_ncm_20574_18cd40e4,8471.50.40,,
__export__.l10n_br_fiscal_ncm_20575_fa31dc91,8471.50.90,,
__export__.l10n_br_fiscal_ncm_20577_bb5a3d85,8471.60.52,1,
__export__.l10n_br_fiscal_ncm_20576_0af93658,8471.60.52,,
__export__.l10n_br_fiscal_ncm_20578_cace46dd,8471.60.53,,l10n_br_fiscal.tax_classification_200031
__export__.l10n_br_fiscal_ncm_20579_cc85c7c0,8471.60.53,1,l10n_br_fiscal.tax_classification_200031
__export__.l10n_br_fiscal_ncm_20580_ed44c436,8471.60.53,2,l10n_br_fiscal.tax_classification_200031
__export__.l10n_br_fiscal_ncm_20581_7e0f1add,8471.60.54,,
__export__.l10n_br_fiscal_ncm_20582_0f67a708,8471.60.59,,
__export__.l10n_br_fiscal_ncm_20583_6064fd45,8471.60.61,,
__export__.l10n_br_fiscal_ncm_20584_2db6f31f,8471.60.62,,
__export__.l10n_br_fiscal_ncm_20585_8f5c3272,8471.60.80,,
__export__.l10n_br_fiscal_ncm_20586_56ea451f,8471.60.90,,l10n_br_fiscal.tax_classification_200031
__export__.l10n_br_fiscal_ncm_20587_60700c41,8471.60.90,1,l10n_br_fiscal.tax_classification_200031
__export__.l10n_br_fiscal_ncm_20588_4e2a10b7,8471.70.10,,
__export__.l10n_br_fiscal_ncm_20589_c411d261,8471.70.10,1,
__export__.l10n_br_fiscal_ncm_20590_14df2bdf,8471.70.20,,
__export__.l10n_br_fiscal_ncm_20591_64a543dd,8471.70.30,,
__export__.l10n_br_fiscal_ncm_20592_89ec0672,8471.70.40,,
__export__.l10n_br_fiscal_ncm_20593_bc4395f7,8471.70.90,,
__export__.l10n_br_fiscal_ncm_20594_08ba256c,8471.80.00,,l10n_br_fiscal.tax_classification_200031
__export__.l10n_br_fiscal_ncm_20595_25aeff7b,8471.90.11,,
__export__.l10n_br_fiscal_ncm_20596_3d8c6de7,8471.90.12,,
__export__.l10n_br_fiscal_ncm_20597_da853b85,8471.90.13,,
__export__.l10n_br_fiscal_ncm_20598_4f9cd700,8471.90.14,,
__export__.l10n_br_fiscal_ncm_20599_0645cb56,8471.90.14,1,
__export__.l10n_br_fiscal_ncm_20600_ad555ff7,8471.90.19,,
__export__.l10n_br_fiscal_ncm_20601_54c7830e,8471.90.90,,
__export__.l10n_br_fiscal_ncm_20602_3eeedd02,8472.10.00,,
__export__.l10n_br_fiscal_ncm_20603_14d1badc,8472.10.00,1,
__export__.l10n_br_fiscal_ncm_20604_073164e0,8472.30.10,,
__export__.l10n_br_fiscal_ncm_20605_3e1381e8,8472.30.20,,
__export__.l10n_br_fiscal_ncm_20606_b6672290,8472.30.30,,
__export__.l10n_br_fiscal_ncm_20607_25721517,8472.30.90,,
__export__.l10n_br_fiscal_ncm_20608_f99f2ee8,8472.90.10,,
__export__.l10n_br_fiscal_ncm_20609_f3ce0335,8472.90.20,,
__export__.l10n_br_fiscal_ncm_20610_5397c41f,8472.90.30,,
__export__.l10n_br_fiscal_ncm_20611_8eb45e60,8472.90.40,,
__export__.l10n_br_fiscal_ncm_20612_0d9172a1,8472.90.51,,
__export__.l10n_br_fiscal_ncm_20613_0b9dcc17,8472.90.59,,
__export__.l10n_br_fiscal_ncm_20614_a9f728d4,8472.90.91,,
__export__.l10n_br_fiscal_ncm_20615_a82d166e,8472.90.99,,l10n_br_fiscal.tax_classification_200031
__export__.l10n_br_fiscal_ncm_20616_487d865a,8472.90.99,1,l10n_br_fiscal.tax_classification_200031
__export__.l10n_br_fiscal_ncm_20617_096e71fb,8473.21.00,,
__export__.l10n_br_fiscal_ncm_20618_3782b1b6,8473.29.10,,
__export__.l10n_br_fiscal_ncm_20619_faf2a4ab,8473.29.20,,
__export__.l10n_br_fiscal_ncm_20620_02622a0a,8473.29.90,,
__export__.l10n_br_fiscal_ncm_20621_d1cf20f0,8473.30.11,,
__export__.l10n_br_fiscal_ncm_20622_6a26f287,8473.30.19,,
__export__.l10n_br_fiscal_ncm_20623_00910cb1,8473.30.31,,
__export__.l10n_br_fiscal_ncm_20624_bf241b3a,8473.30.32,,
__export__.l10n_br_fiscal_ncm_20625_8f96e02f,8473.30.33,,
__export__.l10n_br_fiscal_ncm_20626_bb3823d5,8473.30.34,,
__export__.l10n_br_fiscal_ncm_20627_adf7046d,8473.30.39,,
__export__.l10n_br_fiscal_ncm_20628_8de35294,8473.30.41,,
__export__.l10n_br_fiscal_ncm_20629_5d24fb64,8473.30.42,,
__export__.l10n_br_fiscal_ncm_20630_a5cd2c28,8473.30.49,,
__export__.l10n_br_fiscal_ncm_20631_2510cfc5,8473.30.90,,
__export__.l10n_br_fiscal_ncm_20632_a4121436,8473.40.10,,
__export__.l10n_br_fiscal_ncm_20633_20be39f1,8473.40.70,,
__export__.l10n_br_fiscal_ncm_20635_ee611fef,8473.40.90,1,
__export__.l10n_br_fiscal_ncm_20634_7005f9ae,8473.40.90,,
__export__.l10n_br_fiscal_ncm_20636_8ce060a7,8473.50.10,,
__export__.l10n_br_fiscal_ncm_20637_609f78f8,8473.50.40,,
__export__.l10n_br_fiscal_ncm_20638_f60508d0,8473.50.50,,
__export__.l10n_br_fiscal_ncm_20639_895fa42d,8473.50.90,,
__export__.l10n_br_fiscal_ncm_20640_1973dd65,8474.10.00,,
__export__.l10n_br_fiscal_ncm_20641_d28b9b0a,8474.20.10,,
__export__.l10n_br_fiscal_ncm_20642_25703d03,8474.20.90,,
__export__.l10n_br_fiscal_ncm_20643_a58718fc,8474.31.00,,
__export__.l10n_br_fiscal_ncm_20644_cfb6ffdf,8474.32.00,,
__export__.l10n_br_fiscal_ncm_20645_304fbec5,8474.39.00,,
__export__.l10n_br_fiscal_ncm_20646_7b81fb91,8474.80.10,,
__export__.l10n_br_fiscal_ncm_20647_d0d95848,8474.80.90,,
__export__.l10n_br_fiscal_ncm_20648_a1a758ec,8474.90.00,,
__export__.l10n_br_fiscal_ncm_20649_1c803082,8475.10.00,,
__export__.l10n_br_fiscal_ncm_20650_13229b1a,8475.21.00,,
__export__.l10n_br_fiscal_ncm_20651_736e1059,8475.29.10,,
__export__.l10n_br_fiscal_ncm_20652_21d70e0e,8475.29.90,,
__export__.l10n_br_fiscal_ncm_20653_f0ddd585,8475.90.00,,
__export__.l10n_br_fiscal_ncm_20654_7398b1ec,8476.21.00,,
__export__.l10n_br_fiscal_ncm_20655_ede1155f,8476.29.00,,
__export__.l10n_br_fiscal_ncm_20656_7338f54f,8476.81.00,,
__export__.l10n_br_fiscal_ncm_20657_f7b8f890,8476.89.10,,
__export__.l10n_br_fiscal_ncm_20658_6f63fd6f,8476.89.90,,
__export__.l10n_br_fiscal_ncm_20659_7ed24f22,8476.90.00,,
__export__.l10n_br_fiscal_ncm_20660_7d651a32,8477.10.11,,
__export__.l10n_br_fiscal_ncm_20661_4f48cdf5,8477.10.19,,
__export__.l10n_br_fiscal_ncm_20662_d2dc8965,8477.10.21,,
__export__.l10n_br_fiscal_ncm_20663_61019324,8477.10.29,,
__export__.l10n_br_fiscal_ncm_20664_e9667aaa,8477.10.91,,
__export__.l10n_br_fiscal_ncm_20665_0b6cc463,8477.10.99,,
__export__.l10n_br_fiscal_ncm_20666_6fc7069a,8477.20.10,,
__export__.l10n_br_fiscal_ncm_20667_680ee93a,8477.20.90,,
__export__.l10n_br_fiscal_ncm_20668_2f41be39,8477.30.10,,
__export__.l10n_br_fiscal_ncm_20669_387a0c03,8477.30.90,,
__export__.l10n_br_fiscal_ncm_20670_24645ed4,8477.40.10,,
__export__.l10n_br_fiscal_ncm_20671_8608de79,8477.40.90,,
__export__.l10n_br_fiscal_ncm_20672_77b4a9b0,8477.51.00,,
__export__.l10n_br_fiscal_ncm_20673_01976b34,8477.59.11,,
__export__.l10n_br_fiscal_ncm_20674_a86ff73b,8477.59.19,,
__export__.l10n_br_fiscal_ncm_20675_c0e731ec,8477.59.90,,
__export__.l10n_br_fiscal_ncm_20676_46a81c3d,8477.80.10,,
__export__.l10n_br_fiscal_ncm_20677_30db20e5,8477.80.90,,
__export__.l10n_br_fiscal_ncm_20678_be297b90,8477.90.00,,
__export__.l10n_br_fiscal_ncm_20679_4624601f,8478.10.10,,
__export__.l10n_br_fiscal_ncm_20680_40408f26,8478.10.90,,
__export__.l10n_br_fiscal_ncm_20681_1d9135a1,8478.90.00,,
__export__.l10n_br_fiscal_ncm_20682_9090a86a,8479.10.10,,
__export__.l10n_br_fiscal_ncm_20683_c9aabb28,8479.10.90,,
__export__.l10n_br_fiscal_ncm_20684_e77f9984,8479.20.00,,
__export__.l10n_br_fiscal_ncm_20685_5d3f0ade,8479.30.00,,
__export__.l10n_br_fiscal_ncm_20686_a83d0659,8479.40.00,,
__export__.l10n_br_fiscal_ncm_20687_158f22d7,8479.50.00,,
__export__.l10n_br_fiscal_ncm_20688_5438ab35,8479.60.00,,
__export__.l10n_br_fiscal_ncm_20689_c3656564,8479.71.00,,
__export__.l10n_br_fiscal_ncm_20690_c102ef30,8479.79.00,,
__export__.l10n_br_fiscal_ncm_20691_34d6d308,8479.81.10,,
__export__.l10n_br_fiscal_ncm_20692_79e26ffe,8479.81.90,,
__export__.l10n_br_fiscal_ncm_20693_2fdeaff4,8479.82.10,,
__export__.l10n_br_fiscal_ncm_20694_25f25a57,8479.82.90,,
__export__.l10n_br_fiscal_ncm_20695_044d1b4a,8479.83.00,,
__export__.l10n_br_fiscal_ncm_20696_c7361256,8479.89.11,,
__export__.l10n_br_fiscal_ncm_20697_a13896ec,8479.89.12,,l10n_br_fiscal.tax_classification_200030
__export__.l10n_br_fiscal_ncm_20698_8dca3f0d,8479.89.21,,
__export__.l10n_br_fiscal_ncm_20699_877261cd,8479.89.22,,
__export__.l10n_br_fiscal_ncm_20700_2255ec94,8479.89.31,,
__export__.l10n_br_fiscal_ncm_20701_2fe1aea4,8479.89.32,,
__export__.l10n_br_fiscal_ncm_20702_d2491e3e,8479.89.40,,
__export__.l10n_br_fiscal_ncm_20703_5e37af61,8479.89.91,,
__export__.l10n_br_fiscal_ncm_20704_87eb6c88,8479.89.92,,
__export__.l10n_br_fiscal_ncm_20705_c40214ee,8479.89.99,,l10n_br_fiscal.tax_classification_200030
__export__.l10n_br_fiscal_ncm_20706_11d53619,8479.90.10,,
__export__.l10n_br_fiscal_ncm_20707_d96a8107,8479.90.90,,
__export__.l10n_br_fiscal_ncm_20708_ab480ebf,8480.10.00,,
__export__.l10n_br_fiscal_ncm_20709_542aa057,8480.20.00,,
__export__.l10n_br_fiscal_ncm_20710_d3c7d3aa,8480.30.00,,
__export__.l10n_br_fiscal_ncm_20711_98289441,8480.41.00,,
__export__.l10n_br_fiscal_ncm_20712_7d4a0ce3,8480.49.10,,
__export__.l10n_br_fiscal_ncm_20713_fb63073c,8480.49.90,,
__export__.l10n_br_fiscal_ncm_20714_3885d21a,8480.50.00,,
__export__.l10n_br_fiscal_ncm_20715_d3d99b90,8480.60.00,,
__export__.l10n_br_fiscal_ncm_20716_c225b7bb,8480.71.00,,
__export__.l10n_br_fiscal_ncm_20717_c36cfcb5,8480.79.10,,
__export__.l10n_br_fiscal_ncm_20718_9f7d62fe,8480.79.90,,
__export__.l10n_br_fiscal_ncm_20719_58874d48,8481.10.00,,
__export__.l10n_br_fiscal_ncm_20720_d3648631,8481.20.11,,
__export__.l10n_br_fiscal_ncm_20721_a2251368,8481.20.19,,
__export__.l10n_br_fiscal_ncm_20722_13091449,8481.20.90,,
__export__.l10n_br_fiscal_ncm_20723_3e8bbae5,8481.30.00,,
__export__.l10n_br_fiscal_ncm_20724_834838a0,8481.40.00,,
__export__.l10n_br_fiscal_ncm_20725_467de2d3,8481.80.11,,
__export__.l10n_br_fiscal_ncm_20726_2bc3496c,8481.80.19,,
__export__.l10n_br_fiscal_ncm_20727_a6562e4d,8481.80.21,,
__export__.l10n_br_fiscal_ncm_20728_c8b5b3e3,8481.80.29,,
__export__.l10n_br_fiscal_ncm_20729_a9114fe1,8481.80.29,1,
__export__.l10n_br_fiscal_ncm_20730_d1fb71cf,8481.80.31,,
__export__.l10n_br_fiscal_ncm_20731_c80979fe,8481.80.39,,
__export__.l10n_br_fiscal_ncm_20732_430b17ef,8481.80.91,,
__export__.l10n_br_fiscal_ncm_20733_ded8b257,8481.80.92,,
__export__.l10n_br_fiscal_ncm_20734_557adb06,8481.80.93,,
__export__.l10n_br_fiscal_ncm_20735_85654939,8481.80.94,,
__export__.l10n_br_fiscal_ncm_20736_623d66ca,8481.80.95,,
__export__.l10n_br_fiscal_ncm_20737_fb6b2362,8481.80.96,,
__export__.l10n_br_fiscal_ncm_20738_6f5c46e4,8481.80.97,,
__export__.l10n_br_fiscal_ncm_20739_88a0c867,8481.80.99,,
__export__.l10n_br_fiscal_ncm_20740_53ad9573,8481.90.10,,
__export__.l10n_br_fiscal_ncm_20741_805170f3,8481.90.10,1,
__export__.l10n_br_fiscal_ncm_20742_0c29ec1f,8481.90.90,,
__export__.l10n_br_fiscal_ncm_20743_be102180,8482.10.10,,
__export__.l10n_br_fiscal_ncm_20744_ee4e919e,8482.10.90,,
__export__.l10n_br_fiscal_ncm_20745_b3c69cdc,8482.20.10,,
__export__.l10n_br_fiscal_ncm_20746_fbd5e8a8,8482.20.90,,
__export__.l10n_br_fiscal_ncm_20747_b1b517c6,8482.30.00,,
__export__.l10n_br_fiscal_ncm_20748_a50ff4a5,8482.40.00,,
__export__.l10n_br_fiscal_ncm_20749_a0e6183b,8482.50.10,,
__export__.l10n_br_fiscal_ncm_20750_3920aae9,8482.50.90,,
__export__.l10n_br_fiscal_ncm_20751_56b6aacf,8482.80.00,,
__export__.l10n_br_fiscal_ncm_20752_03d33e26,8482.91.11,,
__export__.l10n_br_fiscal_ncm_20753_0b4c8087,8482.91.19,,
__export__.l10n_br_fiscal_ncm_20754_506a2195,8482.91.20,,
__export__.l10n_br_fiscal_ncm_20755_a6b2889a,8482.91.30,,
__export__.l10n_br_fiscal_ncm_20756_14e0ba71,8482.91.90,,
__export__.l10n_br_fiscal_ncm_20757_388dd5f0,8482.99.10,,
__export__.l10n_br_fiscal_ncm_20758_7dac41ce,8482.99.90,,
__export__.l10n_br_fiscal_ncm_20759_fafd540b,8483.10.11,,
__export__.l10n_br_fiscal_ncm_20760_56259296,8483.10.19,,
__export__.l10n_br_fiscal_ncm_20761_1f6a648a,8483.10.19,1,
__export__.l10n_br_fiscal_ncm_20762_03360880,8483.10.20,,
__export__.l10n_br_fiscal_ncm_20763_6bb6b5da,8483.10.30,,
__export__.l10n_br_fiscal_ncm_20764_fd394682,8483.10.40,,
__export__.l10n_br_fiscal_ncm_20765_9ad274b6,8483.10.50,,
__export__.l10n_br_fiscal_ncm_20766_b79a934e,8483.10.90,,
__export__.l10n_br_fiscal_ncm_20767_fa9ebe0e,8483.20.00,,
__export__.l10n_br_fiscal_ncm_20768_5c1303a4,8483.30.10,,
__export__.l10n_br_fiscal_ncm_20769_f934d266,8483.30.21,,
__export__.l10n_br_fiscal_ncm_20770_eebdc1ba,8483.30.29,,
__export__.l10n_br_fiscal_ncm_20771_9982b8d9,8483.30.90,,
__export__.l10n_br_fiscal_ncm_20772_d1f469a4,8483.40.10,,
__export__.l10n_br_fiscal_ncm_20773_c302674f,8483.40.90,,
__export__.l10n_br_fiscal_ncm_20774_adcdbce7,8483.50.10,,
__export__.l10n_br_fiscal_ncm_20775_dcfb87de,8483.50.90,,
__export__.l10n_br_fiscal_ncm_20776_87766a94,8483.60.11,,
__export__.l10n_br_fiscal_ncm_20777_b93c2492,8483.60.19,,
__export__.l10n_br_fiscal_ncm_20778_907284b7,8483.60.90,,
__export__.l10n_br_fiscal_ncm_20779_6fbbe1b0,8483.90.00,,
__export__.l10n_br_fiscal_ncm_20780_e956d48d,8484.10.00,,
__export__.l10n_br_fiscal_ncm_20781_dd0fe204,8484.20.00,,
__export__.l10n_br_fiscal_ncm_20782_586cf09a,8484.90.00,,
__export__.l10n_br_fiscal_ncm_20783_95b575aa,8485.10.00,,
__export__.l10n_br_fiscal_ncm_20784_8ebe021a,8485.20.00,,
__export__.l10n_br_fiscal_ncm_20785_92739059,8485.30.00,,
__export__.l10n_br_fiscal_ncm_20786_6a283dea,8485.80.00,,
__export__.l10n_br_fiscal_ncm_20787_1b6c3fd9,8485.90.00,,
__export__.l10n_br_fiscal_ncm_20788_26e212b8,8485.90.00,1,
__export__.l10n_br_fiscal_ncm_20789_e719dd71,8486.10.00,,
__export__.l10n_br_fiscal_ncm_20790_3f35ce61,8486.20.00,,
__export__.l10n_br_fiscal_ncm_20791_df1b410f,8486.30.00,,
__export__.l10n_br_fiscal_ncm_20792_bc2977cd,8486.40.00,,
__export__.l10n_br_fiscal_ncm_20793_ca468ad9,8486.90.00,,
__export__.l10n_br_fiscal_ncm_20794_652eef92,8487.10.00,,
__export__.l10n_br_fiscal_ncm_20795_255a0241,8487.90.00,,
__export__.l10n_br_fiscal_ncm_20796_3fe09aea,8501.10.11,,
__export__.l10n_br_fiscal_ncm_20797_00e38594,8501.10.11,1,
__export__.l10n_br_fiscal_ncm_20798_0fd49cc4,8501.10.19,,
__export__.l10n_br_fiscal_ncm_20799_6713d466,8501.10.21,,
__export__.l10n_br_fiscal_ncm_20800_e7750558,8501.10.29,,
__export__.l10n_br_fiscal_ncm_20801_319a623a,8501.10.30,,
__export__.l10n_br_fiscal_ncm_20802_67753f7a,8501.20.00,,
__export__.l10n_br_fiscal_ncm_20803_aaefb0e2,8501.31.10,,
__export__.l10n_br_fiscal_ncm_20804_59aac93e,8501.31.20,,
__export__.l10n_br_fiscal_ncm_20805_e8745a45,8501.32.10,,
__export__.l10n_br_fiscal_ncm_20806_f87c66bc,8501.32.20,,
__export__.l10n_br_fiscal_ncm_20807_87e9e6ff,8501.33.10,,
__export__.l10n_br_fiscal_ncm_20808_1f2a75a6,8501.33.20,,
__export__.l10n_br_fiscal_ncm_20809_ef4dbbd1,8501.34.11,,
__export__.l10n_br_fiscal_ncm_20810_78afb2d0,8501.34.19,,
__export__.l10n_br_fiscal_ncm_20811_cb6e8b43,8501.34.20,,
__export__.l10n_br_fiscal_ncm_20812_56503c44,8501.40.11,,
__export__.l10n_br_fiscal_ncm_20813_e46d7749,8501.40.19,,
__export__.l10n_br_fiscal_ncm_20814_037545c5,8501.40.21,,
__export__.l10n_br_fiscal_ncm_20815_62f3d61d,8501.40.29,,
__export__.l10n_br_fiscal_ncm_20816_0a67c373,8501.51.10,,
__export__.l10n_br_fiscal_ncm_20817_2f86e174,8501.51.10,1,
__export__.l10n_br_fiscal_ncm_20818_c0eaae70,8501.51.20,,
__export__.l10n_br_fiscal_ncm_20819_ed11c750,8501.51.90,,
__export__.l10n_br_fiscal_ncm_20820_f7559787,8501.52.10,,
__export__.l10n_br_fiscal_ncm_20821_32d8caae,8501.52.20,,
__export__.l10n_br_fiscal_ncm_20822_adc41cad,8501.52.90,,
__export__.l10n_br_fiscal_ncm_20823_5d9aae63,8501.53.10,,
__export__.l10n_br_fiscal_ncm_20824_d7d0208a,8501.53.20,,
__export__.l10n_br_fiscal_ncm_20825_370f0c8a,8501.53.30,,
__export__.l10n_br_fiscal_ncm_20826_052714af,8501.53.90,,
__export__.l10n_br_fiscal_ncm_20827_928d7ffd,8501.61.00,,
__export__.l10n_br_fiscal_ncm_20828_fa9bce50,8501.62.00,,
__export__.l10n_br_fiscal_ncm_20829_b451d31c,8501.63.00,,
__export__.l10n_br_fiscal_ncm_20830_c658a6cd,8501.64.00,,
__export__.l10n_br_fiscal_ncm_20831_12530366,8501.71.00,,
__export__.l10n_br_fiscal_ncm_20832_be0c25c1,8501.72.10,,
__export__.l10n_br_fiscal_ncm_20833_b778fcd2,8501.72.90,,
__export__.l10n_br_fiscal_ncm_20834_3e5d21df,8501.80.00,,
__export__.l10n_br_fiscal_ncm_20835_9df0430e,8502.11.10,,
__export__.l10n_br_fiscal_ncm_20836_255e1238,8502.11.90,,
__export__.l10n_br_fiscal_ncm_20837_8cf13c3c,8502.12.10,,
__export__.l10n_br_fiscal_ncm_20838_76797a9c,8502.12.90,,
__export__.l10n_br_fiscal_ncm_20839_820e272b,8502.13.11,,
__export__.l10n_br_fiscal_ncm_20840_7d59de05,8502.13.19,,
__export__.l10n_br_fiscal_ncm_20841_99a00f0b,8502.13.90,,
__export__.l10n_br_fiscal_ncm_20842_92606aef,8502.20.11,,
__export__.l10n_br_fiscal_ncm_20843_3e62e101,8502.20.19,,
__export__.l10n_br_fiscal_ncm_20844_71314c7d,8502.20.90,,
__export__.l10n_br_fiscal_ncm_20845_bce61a7d,8502.31.00,,
__export__.l10n_br_fiscal_ncm_20846_593c17dc,8502.39.00,,
__export__.l10n_br_fiscal_ncm_20847_35b9a642,8502.40.10,,
__export__.l10n_br_fiscal_ncm_20848_ac51c04c,8502.40.90,,
__export__.l10n_br_fiscal_ncm_20849_9ba78f16,8503.00.10,,
__export__.l10n_br_fiscal_ncm_20850_2190755a,8503.00.90,,
__export__.l10n_br_fiscal_ncm_20851_0f6a3e6b,8503.00.90,1,
__export__.l10n_br_fiscal_ncm_20852_22472b26,8504.10.00,,
__export__.l10n_br_fiscal_ncm_20853_3e1a0c0c,8504.21.00,,
__export__.l10n_br_fiscal_ncm_20854_8e31e769,8504.22.00,,
__export__.l10n_br_fiscal_ncm_20855_2740843b,8504.23.00,,
__export__.l10n_br_fiscal_ncm_20856_f5418b4d,8504.31.11,,
__export__.l10n_br_fiscal_ncm_20857_9432b00b,8504.31.19,,
__export__.l10n_br_fiscal_ncm_20858_d74239d5,8504.31.91,,
__export__.l10n_br_fiscal_ncm_20859_450374d3,8504.31.92,,
__export__.l10n_br_fiscal_ncm_20860_5ef99b3c,8504.31.99,,
__export__.l10n_br_fiscal_ncm_20861_599b50ca,8504.31.99,1,
__export__.l10n_br_fiscal_ncm_20862_0bdf9fa6,8504.32.11,,
__export__.l10n_br_fiscal_ncm_20863_31fbca66,8504.32.19,,
__export__.l10n_br_fiscal_ncm_20864_0822c0f5,8504.32.21,,
__export__.l10n_br_fiscal_ncm_20865_d6a6890e,8504.32.29,,
__export__.l10n_br_fiscal_ncm_20866_905abc58,8504.33.00,,
__export__.l10n_br_fiscal_ncm_20867_50c17fda,8504.34.00,,
__export__.l10n_br_fiscal_ncm_20868_50001715,8504.40.10,,
__export__.l10n_br_fiscal_ncm_20869_86066b4e,8504.40.21,,
__export__.l10n_br_fiscal_ncm_20870_64995909,8504.40.22,,
__export__.l10n_br_fiscal_ncm_20871_d0c23ae0,8504.40.29,,
__export__.l10n_br_fiscal_ncm_20872_cbacb1f9,8504.40.30,,
__export__.l10n_br_fiscal_ncm_20873_9a7249d1,8504.40.40,,
__export__.l10n_br_fiscal_ncm_20874_3315beab,8504.40.50,,
__export__.l10n_br_fiscal_ncm_20875_3e0101c9,8504.40.60,,
__export__.l10n_br_fiscal_ncm_20876_f75207a5,8504.40.90,,
__export__.l10n_br_fiscal_ncm_20877_eae8532c,8504.50.00,,
__export__.l10n_br_fiscal_ncm_20878_364fdec1,8504.90.10,,
__export__.l10n_br_fiscal_ncm_20879_898dbc23,8504.90.20,,
__export__.l10n_br_fiscal_ncm_20880_3762f073,8504.90.30,,
__export__.l10n_br_fiscal_ncm_20881_f2d8aa16,8504.90.40,,
__export__.l10n_br_fiscal_ncm_20882_d81382f4,8504.90.90,,
__export__.l10n_br_fiscal_ncm_20883_2bf39d5d,8505.11.00,,
__export__.l10n_br_fiscal_ncm_20884_700171fc,8505.19.10,,
__export__.l10n_br_fiscal_ncm_20885_601b53c1,8505.19.90,,
__export__.l10n_br_fiscal_ncm_20886_6cd8b062,8505.20.10,,
__export__.l10n_br_fiscal_ncm_20887_4e9c0158,8505.20.90,,
__export__.l10n_br_fiscal_ncm_20888_24b6a76b,8505.20.90,1,
__export__.l10n_br_fiscal_ncm_20889_d10e322e,8505.90.10,,
__export__.l10n_br_fiscal_ncm_20890_0fef870f,8505.90.80,,
__export__.l10n_br_fiscal_ncm_20891_d6f6405f,8505.90.90,,
__export__.l10n_br_fiscal_ncm_20892_208c04c6,8506.10.11,,
__export__.l10n_br_fiscal_ncm_20893_c10f84f3,8506.10.12,,
__export__.l10n_br_fiscal_ncm_20894_aaf314d8,8506.10.19,,
__export__.l10n_br_fiscal_ncm_20895_84f02a83,8506.10.20,,
__export__.l10n_br_fiscal_ncm_20896_b2166142,8506.10.31,,
__export__.l10n_br_fiscal_ncm_20897_c7778276,8506.10.32,,
__export__.l10n_br_fiscal_ncm_20898_4e906a6a,8506.10.39,,
__export__.l10n_br_fiscal_ncm_20899_a00df72a,8506.30.10,,
__export__.l10n_br_fiscal_ncm_20900_e0b70a8d,8506.30.90,,
__export__.l10n_br_fiscal_ncm_20901_ed6a8768,8506.40.10,,
__export__.l10n_br_fiscal_ncm_20902_cb00da77,8506.40.90,,
__export__.l10n_br_fiscal_ncm_20903_5c7e75b1,8506.50.10,,
__export__.l10n_br_fiscal_ncm_20904_cb0fa3c0,8506.50.90,,
__export__.l10n_br_fiscal_ncm_20905_3c5da37c,8506.60.10,,
__export__.l10n_br_fiscal_ncm_20906_79e95eec,8506.60.90,,
__export__.l10n_br_fiscal_ncm_20907_31aa54b9,8506.80.10,,
__export__.l10n_br_fiscal_ncm_20908_02fa7cba,8506.80.90,,
__export__.l10n_br_fiscal_ncm_20909_fa3d13cb,8506.90.00,,
__export__.l10n_br_fiscal_ncm_20910_35376f5d,8507.10.10,,
__export__.l10n_br_fiscal_ncm_20911_6a636668,8507.10.90,,
__export__.l10n_br_fiscal_ncm_20912_c6af91b3,8507.10.90,1,
__export__.l10n_br_fiscal_ncm_20913_4141d467,8507.20.10,,
__export__.l10n_br_fiscal_ncm_20914_be2f9638,8507.20.90,,
__export__.l10n_br_fiscal_ncm_20915_9443f32d,8507.30.11,,
__export__.l10n_br_fiscal_ncm_20916_42396e45,8507.30.19,,
__export__.l10n_br_fiscal_ncm_20917_87ffbb34,8507.30.90,,
__export__.l10n_br_fiscal_ncm_20918_6d3ce2c7,8507.50.10,,
__export__.l10n_br_fiscal_ncm_20919_4a7525c5,8507.50.20,,
__export__.l10n_br_fiscal_ncm_20920_3dff3a1e,8507.50.90,,
__export__.l10n_br_fiscal_ncm_20921_a5522853,8507.60.00,,
__export__.l10n_br_fiscal_ncm_20922_d004b3d9,8507.80.00,,
__export__.l10n_br_fiscal_ncm_20923_dc46b3bc,8507.90.10,,
__export__.l10n_br_fiscal_ncm_20924_ada8c343,8507.90.20,,
__export__.l10n_br_fiscal_ncm_20925_d51d72fb,8507.90.90,,
__export__.l10n_br_fiscal_ncm_20926_f2c918b0,8508.11.00,,
__export__.l10n_br_fiscal_ncm_20927_41eec633,8508.19.00,,
__export__.l10n_br_fiscal_ncm_20928_4e8be577,8508.60.00,,
__export__.l10n_br_fiscal_ncm_20929_ff6acae8,8508.70.00,,
__export__.l10n_br_fiscal_ncm_20930_b675b94e,8509.40.10,,
__export__.l10n_br_fiscal_ncm_20931_f8c03359,8509.40.20,,
__export__.l10n_br_fiscal_ncm_20932_cbd53640,8509.40.30,,
__export__.l10n_br_fiscal_ncm_20933_e2bb121d,8509.40.40,,
__export__.l10n_br_fiscal_ncm_20934_7c0ef896,8509.40.50,,
__export__.l10n_br_fiscal_ncm_20935_3363bceb,8509.40.90,,
__export__.l10n_br_fiscal_ncm_20936_62b139cf,8509.80.10,,
__export__.l10n_br_fiscal_ncm_20937_440686c5,8509.80.90,,
__export__.l10n_br_fiscal_ncm_20938_e0f5e6bc,8509.90.00,,
__export__.l10n_br_fiscal_ncm_20939_97615e3e,8510.10.00,,
__export__.l10n_br_fiscal_ncm_20940_c92a73c6,8510.20.00,,
__export__.l10n_br_fiscal_ncm_20941_64a16835,8510.30.00,,
__export__.l10n_br_fiscal_ncm_20942_64c45b88,8510.90.11,,
__export__.l10n_br_fiscal_ncm_20943_2f8abcae,8510.90.19,,
__export__.l10n_br_fiscal_ncm_20944_19909e68,8510.90.20,,
__export__.l10n_br_fiscal_ncm_20945_06c28097,8510.90.90,,
__export__.l10n_br_fiscal_ncm_20946_1ff42799,8511.10.00,,
__export__.l10n_br_fiscal_ncm_20947_1904db61,8511.20.10,,
__export__.l10n_br_fiscal_ncm_20948_b80a547d,8511.20.90,,
__export__.l10n_br_fiscal_ncm_20949_81ceac27,8511.30.10,,
__export__.l10n_br_fiscal_ncm_20950_c2e871f7,8511.30.20,,
__export__.l10n_br_fiscal_ncm_20951_c3656568,8511.40.00,,
__export__.l10n_br_fiscal_ncm_20952_54affb89,8511.40.00,1,
__export__.l10n_br_fiscal_ncm_20953_79be6488,8511.50.10,,
__export__.l10n_br_fiscal_ncm_20954_14199ccd,8511.50.10,1,
__export__.l10n_br_fiscal_ncm_20955_9925e303,8511.50.90,,
__export__.l10n_br_fiscal_ncm_20956_d89fa9b9,8511.80.10,,
__export__.l10n_br_fiscal_ncm_20957_679d3f3f,8511.80.20,,
__export__.l10n_br_fiscal_ncm_20958_069856c6,8511.80.30,,
__export__.l10n_br_fiscal_ncm_20959_5031492f,8511.80.90,,
__export__.l10n_br_fiscal_ncm_20960_696d14e6,8511.90.00,,
__export__.l10n_br_fiscal_ncm_20961_09205bde,8512.10.00,,
__export__.l10n_br_fiscal_ncm_20963_e6bac82c,8512.20.11,1,
__export__.l10n_br_fiscal_ncm_20962_bbd15bcc,8512.20.11,,
__export__.l10n_br_fiscal_ncm_20964_81818766,8512.20.19,,
__export__.l10n_br_fiscal_ncm_20965_d896e1ee,8512.20.21,,
__export__.l10n_br_fiscal_ncm_20966_0131ae60,8512.20.21,1,
__export__.l10n_br_fiscal_ncm_20967_e9c76134,8512.20.22,,
__export__.l10n_br_fiscal_ncm_20968_848f9ca0,8512.20.23,,
__export__.l10n_br_fiscal_ncm_20969_5a832f07,8512.20.29,,
__export__.l10n_br_fiscal_ncm_20970_f730b6eb,8512.30.00,,
__export__.l10n_br_fiscal_ncm_20971_4282abd3,8512.40.10,,
__export__.l10n_br_fiscal_ncm_20972_6fe4d657,8512.40.20,,
__export__.l10n_br_fiscal_ncm_20973_a1988079,8512.90.00,,
__export__.l10n_br_fiscal_ncm_20974_b85a7242,8513.10.10,,
__export__.l10n_br_fiscal_ncm_20975_6e63f05d,8513.10.90,,
__export__.l10n_br_fiscal_ncm_20976_35d6579e,8513.90.00,,
__export__.l10n_br_fiscal_ncm_20977_298269dd,8514.11.00,,
__export__.l10n_br_fiscal_ncm_20978_657a3e1e,8514.11.00,1,
__export__.l10n_br_fiscal_ncm_20979_e7ebde99,8514.19.00,,
__export__.l10n_br_fiscal_ncm_20980_f319cc17,8514.19.00,1,
__export__.l10n_br_fiscal_ncm_20981_99ee0c0d,8514.20.11,,
__export__.l10n_br_fiscal_ncm_20982_7f5023f1,8514.20.19,,
__export__.l10n_br_fiscal_ncm_20983_a98abf81,8514.20.20,,
__export__.l10n_br_fiscal_ncm_20984_48dbcb55,8514.20.20,1,
__export__.l10n_br_fiscal_ncm_20985_662f8414,8514.31.00,,
__export__.l10n_br_fiscal_ncm_20986_b2111633,8514.32.00,,
__export__.l10n_br_fiscal_ncm_20987_df3d28a9,8514.32.00,1,
__export__.l10n_br_fiscal_ncm_20988_1b7c116e,8514.32.00,2,
__export__.l10n_br_fiscal_ncm_20989_d357d28c,8514.39.00,,
__export__.l10n_br_fiscal_ncm_20990_5fbfc177,8514.39.00,1,
__export__.l10n_br_fiscal_ncm_20991_3c825117,8514.40.00,,
__export__.l10n_br_fiscal_ncm_20992_1a47b968,8514.90.00,,
__export__.l10n_br_fiscal_ncm_20993_83001b16,8515.11.00,,
__export__.l10n_br_fiscal_ncm_20994_9ea9ec66,8515.19.00,,
__export__.l10n_br_fiscal_ncm_20995_9ee5038f,8515.21.00,,
__export__.l10n_br_fiscal_ncm_20996_c7e97cc5,8515.29.00,,
__export__.l10n_br_fiscal_ncm_20997_a370630d,8515.31.10,,
__export__.l10n_br_fiscal_ncm_20998_baf636d1,8515.31.90,,
__export__.l10n_br_fiscal_ncm_20999_548c9acd,8515.39.00,,
__export__.l10n_br_fiscal_ncm_21000_7647fb57,8515.80.10,,
__export__.l10n_br_fiscal_ncm_21001_7fd96900,8515.80.90,,
__export__.l10n_br_fiscal_ncm_21002_b12a27e7,8515.90.00,,
__export__.l10n_br_fiscal_ncm_21003_e5b3b49f,8516.10.00,,
__export__.l10n_br_fiscal_ncm_21004_f214dbbd,8516.10.00,1,
__export__.l10n_br_fiscal_ncm_21005_8a508e49,8516.21.00,,
__export__.l10n_br_fiscal_ncm_21006_14c5e4ee,8516.29.00,,
__export__.l10n_br_fiscal_ncm_21007_ce85822b,8516.31.00,,
__export__.l10n_br_fiscal_ncm_21008_0fd4de91,8516.32.00,,
__export__.l10n_br_fiscal_ncm_21009_573d13e1,8516.33.00,,
__export__.l10n_br_fiscal_ncm_21010_075ef21b,8516.40.00,,
__export__.l10n_br_fiscal_ncm_21011_2335c86a,8516.50.00,,
__export__.l10n_br_fiscal_ncm_21012_13bff2d9,8516.60.00,,
__export__.l10n_br_fiscal_ncm_21013_816f14db,8516.60.00,1,
__export__.l10n_br_fiscal_ncm_21014_1f96ddb3,8516.71.00,,
__export__.l10n_br_fiscal_ncm_21015_de92bf2e,8516.72.00,,
__export__.l10n_br_fiscal_ncm_21016_e0fa6092,8516.79.10,,
__export__.l10n_br_fiscal_ncm_21017_28edd0fa,8516.79.20,,
__export__.l10n_br_fiscal_ncm_21018_fe749a34,8516.79.90,,
__export__.l10n_br_fiscal_ncm_21019_91b556de,8516.80.10,,
__export__.l10n_br_fiscal_ncm_21020_a8b8b0a3,8516.80.90,,
__export__.l10n_br_fiscal_ncm_21021_39f5d466,8516.90.00,,
__export__.l10n_br_fiscal_ncm_21022_85420694,8516.90.00,1,
__export__.l10n_br_fiscal_ncm_21023_93f59786,8517.11.00,,l10n_br_fiscal.tax_classification_200031
__export__.l10n_br_fiscal_ncm_21024_7246ab19,8517.13.00,,l10n_br_fiscal.tax_classification_200031
__export__.l10n_br_fiscal_ncm_21025_d65cc222,8517.14.10,,l10n_br_fiscal.tax_classification_200031
__export__.l10n_br_fiscal_ncm_21026_e9c9b704,8517.14.31,,l10n_br_fiscal.tax_classification_200031
__export__.l10n_br_fiscal_ncm_21027_9830f0f4,8517.14.32,,l10n_br_fiscal.tax_classification_200031
__export__.l10n_br_fiscal_ncm_21028_b7a3f7c3,8517.14.39,,l10n_br_fiscal.tax_classification_200031
__export__.l10n_br_fiscal_ncm_21029_9499e301,8517.14.41,,l10n_br_fiscal.tax_classification_200031
__export__.l10n_br_fiscal_ncm_21030_99527892,8517.14.49,,l10n_br_fiscal.tax_classification_200031
__export__.l10n_br_fiscal_ncm_21031_2e232f5d,8517.14.90,,l10n_br_fiscal.tax_classification_200031
__export__.l10n_br_fiscal_ncm_21032_dad0de4c,8517.18.30,,l10n_br_fiscal.tax_classification_200031
__export__.l10n_br_fiscal_ncm_21033_067e25e1,8517.18.90,,l10n_br_fiscal.tax_classification_200031
__export__.l10n_br_fiscal_ncm_21034_451d49e3,8517.18.90,1,l10n_br_fiscal.tax_classification_200031
__export__.l10n_br_fiscal_ncm_21035_527fcb28,8517.61.30,,
__export__.l10n_br_fiscal_ncm_21036_1df16b64,8517.61.41,,
__export__.l10n_br_fiscal_ncm_21037_ebe98bc7,8517.61.42,,
__export__.l10n_br_fiscal_ncm_21038_d8925596,8517.61.43,,
__export__.l10n_br_fiscal_ncm_21039_8f8bbf36,8517.61.49,,
__export__.l10n_br_fiscal_ncm_21040_42d77459,8517.61.91,,
__export__.l10n_br_fiscal_ncm_21041_7c72fdf1,8517.61.92,,
__export__.l10n_br_fiscal_ncm_21042_10c162d5,8517.61.99,,
__export__.l10n_br_fiscal_ncm_21043_f6b33c48,8517.62.14,,
__export__.l10n_br_fiscal_ncm_21044_fc458a9d,8517.62.15,,
__export__.l10n_br_fiscal_ncm_21045_3c903047,8517.62.15,1,
__export__.l10n_br_fiscal_ncm_21046_631b55f7,8517.62.15,2,
__export__.l10n_br_fiscal_ncm_21047_4bfaa1a7,8517.62.21,,
__export__.l10n_br_fiscal_ncm_21048_2087560f,8517.62.29,,
__export__.l10n_br_fiscal_ncm_21049_304673a3,8517.62.34,,
__export__.l10n_br_fiscal_ncm_21050_9f798f4f,8517.62.39,,
__export__.l10n_br_fiscal_ncm_21051_1f6a6c5d,8517.62.41,,
__export__.l10n_br_fiscal_ncm_21052_c4f532b1,8517.62.49,,
__export__.l10n_br_fiscal_ncm_21053_40b14dcb,8517.62.51,,
__export__.l10n_br_fiscal_ncm_21054_cf1a1480,8517.62.52,,
__export__.l10n_br_fiscal_ncm_21055_b975ff12,8517.62.53,,
__export__.l10n_br_fiscal_ncm_21056_72d43b03,8517.62.54,,
__export__.l10n_br_fiscal_ncm_21057_148e01a8,8517.62.55,,
__export__.l10n_br_fiscal_ncm_21058_20f5bf7b,8517.62.55,1,
__export__.l10n_br_fiscal_ncm_21059_91bbe0ae,8517.62.56,,
__export__.l10n_br_fiscal_ncm_21060_49c0017c,8517.62.59,,
__export__.l10n_br_fiscal_ncm_21061_32eec836,8517.62.62,,
__export__.l10n_br_fiscal_ncm_21062_5335a22a,8517.62.64,,
__export__.l10n_br_fiscal_ncm_21063_2d501d2d,8517.62.65,,
__export__.l10n_br_fiscal_ncm_21064_602c8a4a,8517.62.72,,
__export__.l10n_br_fiscal_ncm_21065_4f820de0,8517.62.73,,
__export__.l10n_br_fiscal_ncm_21066_e9b0ace1,8517.62.77,,
__export__.l10n_br_fiscal_ncm_21067_a9b48522,8517.62.78,,
__export__.l10n_br_fiscal_ncm_21068_0178766b,8517.62.79,,
__export__.l10n_br_fiscal_ncm_21069_19e49bc1,8517.62.91,,
__export__.l10n_br_fiscal_ncm_21070_aca05309,8517.62.94,,
__export__.l10n_br_fiscal_ncm_21071_cb98507e,8517.62.96,,
__export__.l10n_br_fiscal_ncm_21072_53218e9e,8517.62.99,,
__export__.l10n_br_fiscal_ncm_21073_fb3a330f,8517.62.99,1,
__export__.l10n_br_fiscal_ncm_21074_f6abfda4,8517.69.00,,
__export__.l10n_br_fiscal_ncm_21075_a401c20d,8517.71.10,,
__export__.l10n_br_fiscal_ncm_21076_295c6bce,8517.71.90,,
__export__.l10n_br_fiscal_ncm_21077_2c1eed1d,8517.79.00,,
__export__.l10n_br_fiscal_ncm_21078_d0077467,8517.79.00,1,
__export__.l10n_br_fiscal_ncm_21079_968a7023,8518.10.10,,
__export__.l10n_br_fiscal_ncm_21080_e372082d,8518.10.90,,
__export__.l10n_br_fiscal_ncm_21081_ee2859b0,8518.21.00,,
__export__.l10n_br_fiscal_ncm_21082_2e565e19,8518.22.00,,
__export__.l10n_br_fiscal_ncm_21083_cca9cb36,8518.29.10,,
__export__.l10n_br_fiscal_ncm_21084_cac45d60,8518.29.90,,
__export__.l10n_br_fiscal_ncm_21085_4975d8a0,8518.30.00,,
__export__.l10n_br_fiscal_ncm_21086_f60a945d,8518.40.00,,
__export__.l10n_br_fiscal_ncm_21087_6aa882f5,8518.50.00,,
__export__.l10n_br_fiscal_ncm_21088_de80171b,8518.90.10,,
__export__.l10n_br_fiscal_ncm_21089_0e8e63c8,8518.90.90,,
__export__.l10n_br_fiscal_ncm_21090_619a832f,8519.20.00,,
__export__.l10n_br_fiscal_ncm_21091_75652027,8519.30.00,,
__export__.l10n_br_fiscal_ncm_21092_50639b8f,8519.81.10,,
__export__.l10n_br_fiscal_ncm_21093_62dc47d4,8519.81.20,,
__export__.l10n_br_fiscal_ncm_21095_799070dd,8519.81.90,1,
__export__.l10n_br_fiscal_ncm_21096_3a8cd7e0,8519.81.90,2,
__export__.l10n_br_fiscal_ncm_21094_cc3731a3,8519.81.90,,
__export__.l10n_br_fiscal_ncm_21097_69f96dbe,8519.81.90,3,
__export__.l10n_br_fiscal_ncm_21098_d30f515e,8519.89.00,,
__export__.l10n_br_fiscal_ncm_21099_3c0b252f,8519.89.00,1,
__export__.l10n_br_fiscal_ncm_21100_ed37b8ce,8521.10.10,,
__export__.l10n_br_fiscal_ncm_21101_f6f3410c,8521.10.81,,
__export__.l10n_br_fiscal_ncm_21102_7d8f344c,8521.10.89,,
__export__.l10n_br_fiscal_ncm_21103_e6239b7b,8521.10.90,,
__export__.l10n_br_fiscal_ncm_21104_09ba00c9,8521.90.00,,
__export__.l10n_br_fiscal_ncm_21105_226e6016,8521.90.00,1,
__export__.l10n_br_fiscal_ncm_21106_6d7bf8a1,8522.10.00,,
__export__.l10n_br_fiscal_ncm_21107_37171eba,8522.90.00,,
__export__.l10n_br_fiscal_ncm_21108_28db2462,8523.21.10,,
__export__.l10n_br_fiscal_ncm_21109_4b231619,8523.21.20,,
__export__.l10n_br_fiscal_ncm_21110_afbdae24,8523.29.11,,
__export__.l10n_br_fiscal_ncm_21111_bfdb167b,8523.29.19,,
__export__.l10n_br_fiscal_ncm_21112_e63bc2ed,8523.29.90,,
__export__.l10n_br_fiscal_ncm_21113_aaa22f6d,8523.29.90,1,
__export__.l10n_br_fiscal_ncm_21114_592b1dc7,8523.29.90,2,
__export__.l10n_br_fiscal_ncm_21115_76a9159e,8523.29.90,3,
__export__.l10n_br_fiscal_ncm_21116_ae61841f,8523.41.10,,
__export__.l10n_br_fiscal_ncm_21117_ae212e81,8523.41.90,,
__export__.l10n_br_fiscal_ncm_21118_9a484803,8523.49.10,,
__export__.l10n_br_fiscal_ncm_21119_4f99c71e,8523.49.20,,
__export__.l10n_br_fiscal_ncm_21120_47be03a4,8523.49.90,,
__export__.l10n_br_fiscal_ncm_21121_d9668772,8523.51.10,,
__export__.l10n_br_fiscal_ncm_21122_2a1fe4ae,8523.51.10,1,
__export__.l10n_br_fiscal_ncm_21123_89f4b9f0,8523.51.10,2,
__export__.l10n_br_fiscal_ncm_21124_154aac19,8523.51.90,,
__export__.l10n_br_fiscal_ncm_21125_aa530a7f,8523.52.10,,
__export__.l10n_br_fiscal_ncm_21126_61bf2e8d,8523.52.90,,
__export__.l10n_br_fiscal_ncm_21127_547e1d97,8523.59.00,,
__export__.l10n_br_fiscal_ncm_21128_3da6d598,8523.80.00,,
__export__.l10n_br_fiscal_ncm_21129_721d999f,8524.11.00,,
__export__.l10n_br_fiscal_ncm_21130_2ebd8533,8524.12.00,,
__export__.l10n_br_fiscal_ncm_21131_4ec60426,8524.19.00,,
__export__.l10n_br_fiscal_ncm_21132_90b8a9de,8524.91.00,,
__export__.l10n_br_fiscal_ncm_21133_53d5d644,8524.92.00,,
__export__.l10n_br_fiscal_ncm_21134_c7270c60,8524.99.00,,
__export__.l10n_br_fiscal_ncm_21135_17b7e429,8525.50.11,,
__export__.l10n_br_fiscal_ncm_21136_5ef55798,8525.50.19,,
__export__.l10n_br_fiscal_ncm_21137_113f86a9,8525.50.21,,
__export__.l10n_br_fiscal_ncm_21138_ff28434c,8525.50.22,,
__export__.l10n_br_fiscal_ncm_21139_32e8ab8b,8525.50.23,,
__export__.l10n_br_fiscal_ncm_21140_d338c168,8525.50.24,,
__export__.l10n_br_fiscal_ncm_21143_cf3f472d,8525.50.29,2,
__export__.l10n_br_fiscal_ncm_21142_d8de96bc,8525.50.29,1,
__export__.l10n_br_fiscal_ncm_21141_2f2333b3,8525.50.29,,
__export__.l10n_br_fiscal_ncm_21144_e041e4f4,8525.60.10,,
__export__.l10n_br_fiscal_ncm_21145_7ec46057,8525.60.20,,
__export__.l10n_br_fiscal_ncm_21146_b9741672,8525.60.20,1,
__export__.l10n_br_fiscal_ncm_21147_403d361e,8525.60.90,,
__export__.l10n_br_fiscal_ncm_21148_66c28d1b,8525.60.90,1,
__export__.l10n_br_fiscal_ncm_21149_9a9b59b7,8525.60.90,2,
__export__.l10n_br_fiscal_ncm_21150_e5147708,8525.81.00,,
__export__.l10n_br_fiscal_ncm_21151_380b0a23,8525.82.00,,
__export__.l10n_br_fiscal_ncm_21152_1f7a9fbc,8525.83.00,,
__export__.l10n_br_fiscal_ncm_21153_00ee80c7,8525.89.11,,
__export__.l10n_br_fiscal_ncm_21154_2a1e17ab,8525.89.12,,
__export__.l10n_br_fiscal_ncm_21155_a8d18b6f,8525.89.13,,
__export__.l10n_br_fiscal_ncm_21156_6edc3d80,8525.89.14,,
__export__.l10n_br_fiscal_ncm_21157_623c0b4e,8525.89.19,,
__export__.l10n_br_fiscal_ncm_21158_71d0e209,8525.89.19,1,
__export__.l10n_br_fiscal_ncm_21159_3e31cd07,8525.89.21,,
__export__.l10n_br_fiscal_ncm_21160_dc447046,8525.89.22,,
__export__.l10n_br_fiscal_ncm_21161_a1105c90,8525.89.29,,
__export__.l10n_br_fiscal_ncm_21162_7d1771d1,8525.89.29,1,
__export__.l10n_br_fiscal_ncm_21163_668eba09,8526.10.00,,
__export__.l10n_br_fiscal_ncm_21164_f5ef3495,8526.91.00,,
__export__.l10n_br_fiscal_ncm_21165_4c03ed72,8526.92.00,,
__export__.l10n_br_fiscal_ncm_21166_079685b3,8527.12.00,,
__export__.l10n_br_fiscal_ncm_21167_49faa768,8527.13.00,,
__export__.l10n_br_fiscal_ncm_21168_103672a4,8527.19.00,,
__export__.l10n_br_fiscal_ncm_21169_ca1372ab,8527.21.00,,
__export__.l10n_br_fiscal_ncm_21170_af7cb4b9,8527.29.00,,
__export__.l10n_br_fiscal_ncm_21171_7a63910b,8527.91.00,,
__export__.l10n_br_fiscal_ncm_21172_b56290b8,8527.91.00,1,
__export__.l10n_br_fiscal_ncm_21173_e0ef9304,8527.92.00,,
__export__.l10n_br_fiscal_ncm_21174_f465eb73,8527.99.10,,
__export__.l10n_br_fiscal_ncm_21175_60878cf0,8527.99.90,,
__export__.l10n_br_fiscal_ncm_21176_f3d2da26,8528.42.00,,
__export__.l10n_br_fiscal_ncm_21177_0eb17256,8528.49.30,,
__export__.l10n_br_fiscal_ncm_21178_6bc29b5f,8528.49.90,,
__export__.l10n_br_fiscal_ncm_21179_bb586f10,8528.52.00,,
__export__.l10n_br_fiscal_ncm_21180_1c7385f4,8528.59.00,,
__export__.l10n_br_fiscal_ncm_21181_69f54a7e,8528.62.00,,
__export__.l10n_br_fiscal_ncm_21182_d05f125c,8528.69.10,,
__export__.l10n_br_fiscal_ncm_21183_087da1d0,8528.69.90,,
__export__.l10n_br_fiscal_ncm_21184_5655fce9,8528.71.11,,
__export__.l10n_br_fiscal_ncm_21185_01ed7519,8528.71.19,,
__export__.l10n_br_fiscal_ncm_21186_fcf9c7a0,8528.71.19,1,
__export__.l10n_br_fiscal_ncm_21187_761a6885,8528.71.90,,
__export__.l10n_br_fiscal_ncm_21188_c4c97c4b,8528.71.90,1,
__export__.l10n_br_fiscal_ncm_21189_04393b80,8528.72.00,,
__export__.l10n_br_fiscal_ncm_21190_46560109,8528.73.00,,
__export__.l10n_br_fiscal_ncm_21191_e6ba4fe4,8529.10.20,,
__export__.l10n_br_fiscal_ncm_21192_2e9d128f,8529.10.90,,
__export__.l10n_br_fiscal_ncm_21193_2ff62bd4,8529.90.11,,
__export__.l10n_br_fiscal_ncm_21194_9eec5b51,8529.90.12,,
__export__.l10n_br_fiscal_ncm_21195_b94b704e,8529.90.19,,
__export__.l10n_br_fiscal_ncm_21196_a24ab96a,8529.90.19,1,
__export__.l10n_br_fiscal_ncm_21197_e44b6f93,8529.90.20,,
__export__.l10n_br_fiscal_ncm_21198_a1c256e3,8529.90.20,1,
__export__.l10n_br_fiscal_ncm_21199_ae302cd1,8529.90.30,,
__export__.l10n_br_fiscal_ncm_21200_2bd2a3d4,8529.90.40,,
__export__.l10n_br_fiscal_ncm_21201_06001406,8529.90.50,,
__export__.l10n_br_fiscal_ncm_21202_646f349d,8529.90.90,,
__export__.l10n_br_fiscal_ncm_21203_acd61b92,8530.10.10,,
__export__.l10n_br_fiscal_ncm_21204_ff959b47,8530.10.90,,
__export__.l10n_br_fiscal_ncm_21205_cc91a42d,8530.80.10,,
__export__.l10n_br_fiscal_ncm_21206_17ddea99,8530.80.90,,
__export__.l10n_br_fiscal_ncm_21207_abd88490,8530.90.00,,
__export__.l10n_br_fiscal_ncm_21208_7a1c486e,8531.10.10,,
__export__.l10n_br_fiscal_ncm_21209_355297e2,8531.10.90,,
__export__.l10n_br_fiscal_ncm_21210_9815cc61,8531.20.00,,
__export__.l10n_br_fiscal_ncm_21211_d1dc0784,8531.20.00,1,
__export__.l10n_br_fiscal_ncm_21212_dbd3ad27,8531.80.00,,
__export__.l10n_br_fiscal_ncm_21213_93368010,8531.90.00,,
__export__.l10n_br_fiscal_ncm_21214_608b4140,8532.10.00,,
__export__.l10n_br_fiscal_ncm_21215_2bea0065,8532.21.11,,
__export__.l10n_br_fiscal_ncm_21216_6aae1c67,8532.21.19,,
__export__.l10n_br_fiscal_ncm_21217_85ebc7f8,8532.21.20,,
__export__.l10n_br_fiscal_ncm_21218_5339cf76,8532.21.90,,
__export__.l10n_br_fiscal_ncm_21219_e1102bb5,8532.22.00,,
__export__.l10n_br_fiscal_ncm_21220_3ad64043,8532.23.10,,
__export__.l10n_br_fiscal_ncm_21221_d9a327e8,8532.23.90,,
__export__.l10n_br_fiscal_ncm_21222_de650507,8532.24.10,,
__export__.l10n_br_fiscal_ncm_21223_e790e8e0,8532.24.20,,
__export__.l10n_br_fiscal_ncm_21224_56c6385d,8532.24.90,,
__export__.l10n_br_fiscal_ncm_21225_8d0ad19a,8532.25.10,,
__export__.l10n_br_fiscal_ncm_21226_e17ef757,8532.25.90,,
__export__.l10n_br_fiscal_ncm_21227_6918a371,8532.29.10,,
__export__.l10n_br_fiscal_ncm_21228_43123523,8532.29.90,,
__export__.l10n_br_fiscal_ncm_21229_310c21d4,8532.30.10,,
__export__.l10n_br_fiscal_ncm_21230_60ae1d8a,8532.30.90,,
__export__.l10n_br_fiscal_ncm_21231_56a31c94,8532.90.00,,
__export__.l10n_br_fiscal_ncm_21232_daa57610,8533.10.00,,
__export__.l10n_br_fiscal_ncm_21233_b1831b13,8533.21.10,,
__export__.l10n_br_fiscal_ncm_21234_d4230c9b,8533.21.20,,
__export__.l10n_br_fiscal_ncm_21235_b58c4f26,8533.21.90,,
__export__.l10n_br_fiscal_ncm_21236_12891998,8533.29.00,,
__export__.l10n_br_fiscal_ncm_21237_ae95317e,8533.31.10,,
__export__.l10n_br_fiscal_ncm_21238_91874256,8533.31.90,,
__export__.l10n_br_fiscal_ncm_21239_972fcf03,8533.39.10,,
__export__.l10n_br_fiscal_ncm_21240_7da7ec6e,8533.39.90,,
__export__.l10n_br_fiscal_ncm_21241_3ec3c35c,8533.40.11,,
__export__.l10n_br_fiscal_ncm_21242_ccb0f698,8533.40.12,,
__export__.l10n_br_fiscal_ncm_21243_be10331f,8533.40.13,,
__export__.l10n_br_fiscal_ncm_21244_3147a1a2,8533.40.19,,
__export__.l10n_br_fiscal_ncm_21245_85a54323,8533.40.91,,
__export__.l10n_br_fiscal_ncm_21246_daea8a1a,8533.40.92,,
__export__.l10n_br_fiscal_ncm_21247_32e26d57,8533.40.99,,
__export__.l10n_br_fiscal_ncm_21248_0a7c6756,8533.90.00,,
__export__.l10n_br_fiscal_ncm_21249_23beb328,8534.00.11,,
__export__.l10n_br_fiscal_ncm_21250_a2ecc2b3,8534.00.12,,
__export__.l10n_br_fiscal_ncm_21251_e21b8b9b,8534.00.13,,
__export__.l10n_br_fiscal_ncm_21252_97072617,8534.00.19,,
__export__.l10n_br_fiscal_ncm_21253_6e18f371,8534.00.20,,
__export__.l10n_br_fiscal_ncm_21254_faa946e4,8534.00.31,,
__export__.l10n_br_fiscal_ncm_21255_223e3c98,8534.00.32,,
__export__.l10n_br_fiscal_ncm_21256_a37e14b8,8534.00.33,,
__export__.l10n_br_fiscal_ncm_21257_eec155ad,8534.00.39,,
__export__.l10n_br_fiscal_ncm_21258_901c5b75,8534.00.40,,
__export__.l10n_br_fiscal_ncm_21259_16f730cf,8534.00.51,,
__export__.l10n_br_fiscal_ncm_21260_d60c76c9,8534.00.59,,
__export__.l10n_br_fiscal_ncm_21261_1527bde2,8535.10.00,,
__export__.l10n_br_fiscal_ncm_21262_aa9d8c42,8535.21.00,,
__export__.l10n_br_fiscal_ncm_21263_fca834b3,8535.29.00,,
__export__.l10n_br_fiscal_ncm_21264_5f71c4bb,8535.30.13,,
__export__.l10n_br_fiscal_ncm_21265_c74f97fb,8535.30.17,,
__export__.l10n_br_fiscal_ncm_21266_5c4d2f1a,8535.30.18,,
__export__.l10n_br_fiscal_ncm_21267_8d0c913f,8535.30.19,,
__export__.l10n_br_fiscal_ncm_21268_dcc7b78b,8535.30.23,,
__export__.l10n_br_fiscal_ncm_21269_ff4b1b5e,8535.30.27,,
__export__.l10n_br_fiscal_ncm_21270_c8e61e66,8535.30.28,,
__export__.l10n_br_fiscal_ncm_21271_89b13762,8535.30.29,,
__export__.l10n_br_fiscal_ncm_21272_96e07e07,8535.40.10,,
__export__.l10n_br_fiscal_ncm_21273_721adae2,8535.40.90,,
__export__.l10n_br_fiscal_ncm_21274_f46046b3,8535.90.10,,
__export__.l10n_br_fiscal_ncm_21275_a7f8bb9b,8535.90.90,,
__export__.l10n_br_fiscal_ncm_21276_b1291a7a,8536.10.00,,
__export__.l10n_br_fiscal_ncm_21277_c95bfb3e,8536.20.00,,
__export__.l10n_br_fiscal_ncm_21278_12324d42,8536.30.10,,
__export__.l10n_br_fiscal_ncm_21279_059001ee,8536.30.90,,
__export__.l10n_br_fiscal_ncm_21280_c1e99020,8536.30.90,1,
__export__.l10n_br_fiscal_ncm_21281_2cc503d1,8536.41.00,,
__export__.l10n_br_fiscal_ncm_21282_7b011606,8536.49.00,,
__export__.l10n_br_fiscal_ncm_21283_7a9216c7,8536.50.10,,
__export__.l10n_br_fiscal_ncm_21284_d4978b67,8536.50.20,,
__export__.l10n_br_fiscal_ncm_21285_a9016e83,8536.50.30,,
__export__.l10n_br_fiscal_ncm_21286_0aee3b20,8536.50.90,,
__export__.l10n_br_fiscal_ncm_21287_33e99811,8536.50.90,1,
__export__.l10n_br_fiscal_ncm_21288_5a9de780,8536.50.90,2,
__export__.l10n_br_fiscal_ncm_21289_147b95a5,8536.50.90,3,
__export__.l10n_br_fiscal_ncm_21290_4a7b8317,8536.61.00,,
__export__.l10n_br_fiscal_ncm_21291_bec17309,8536.69.10,,
__export__.l10n_br_fiscal_ncm_21292_3f01034d,8536.69.90,,
__export__.l10n_br_fiscal_ncm_21293_769654ce,8536.70.00,,
__export__.l10n_br_fiscal_ncm_21294_4b08af31,8536.90.10,,
__export__.l10n_br_fiscal_ncm_21295_0f6abcb4,8536.90.20,,
__export__.l10n_br_fiscal_ncm_21296_8bf89e41,8536.90.30,,
__export__.l10n_br_fiscal_ncm_21297_1a354a1a,8536.90.40,,
__export__.l10n_br_fiscal_ncm_21298_5f441902,8536.90.50,,
__export__.l10n_br_fiscal_ncm_21299_3011fa81,8536.90.60,,
__export__.l10n_br_fiscal_ncm_21300_2d599e5b,8536.90.90,,
__export__.l10n_br_fiscal_ncm_21301_4f334333,8537.10.11,,
__export__.l10n_br_fiscal_ncm_21302_0dca87d0,8537.10.19,,
__export__.l10n_br_fiscal_ncm_21303_24d327ee,8537.10.20,,
__export__.l10n_br_fiscal_ncm_21304_cc19b197,8537.10.30,,
__export__.l10n_br_fiscal_ncm_21305_c0d89b23,8537.10.90,,
__export__.l10n_br_fiscal_ncm_21306_c63b3761,8537.20.10,,
__export__.l10n_br_fiscal_ncm_21307_c285d9ea,8537.20.90,,
__export__.l10n_br_fiscal_ncm_21308_ba6f9d6f,8538.10.00,,
__export__.l10n_br_fiscal_ncm_21309_576addc8,8538.90.10,,
__export__.l10n_br_fiscal_ncm_21310_9b8b7401,8538.90.20,,
__export__.l10n_br_fiscal_ncm_21311_029115c3,8538.90.90,,
__export__.l10n_br_fiscal_ncm_21312_4ef176b0,8539.10.10,,
__export__.l10n_br_fiscal_ncm_21313_4b0a7a78,8539.10.90,,
__export__.l10n_br_fiscal_ncm_21314_f3f9c1c2,8539.21.10,,
__export__.l10n_br_fiscal_ncm_21315_a4a58d58,8539.21.10,1,
__export__.l10n_br_fiscal_ncm_21316_c74eed74,8539.21.90,,
__export__.l10n_br_fiscal_ncm_21317_9baa206b,8539.21.90,1,
__export__.l10n_br_fiscal_ncm_21318_0ab23a6e,8539.22.00,,
__export__.l10n_br_fiscal_ncm_21319_7e96ebfe,8539.22.00,1,
__export__.l10n_br_fiscal_ncm_21320_317ed97c,8539.29.10,,
__export__.l10n_br_fiscal_ncm_21321_9ba8561d,8539.29.10,1,
__export__.l10n_br_fiscal_ncm_21322_8c9ee0bb,8539.29.90,,
__export__.l10n_br_fiscal_ncm_21323_d2c38108,8539.29.90,1,
__export__.l10n_br_fiscal_ncm_21324_5d02dfb4,8539.29.90,2,
__export__.l10n_br_fiscal_ncm_21325_c197e672,8539.31.11,,
__export__.l10n_br_fiscal_ncm_21326_4e8cff5e,8539.31.11,1,
__export__.l10n_br_fiscal_ncm_21327_a4cd28ab,8539.31.19,,
__export__.l10n_br_fiscal_ncm_21328_60ffdcf2,8539.31.19,1,
__export__.l10n_br_fiscal_ncm_21329_23b4c559,8539.31.20,,
__export__.l10n_br_fiscal_ncm_21330_f2255b28,8539.31.20,1,
__export__.l10n_br_fiscal_ncm_21331_8cefe358,8539.31.31,,
__export__.l10n_br_fiscal_ncm_21332_878ad9d7,8539.31.32,,
__export__.l10n_br_fiscal_ncm_21333_15a7b40a,8539.31.39,,
__export__.l10n_br_fiscal_ncm_21334_cd7f288f,8539.32.10,,
__export__.l10n_br_fiscal_ncm_21335_eb3af749,8539.32.10,1,
__export__.l10n_br_fiscal_ncm_21336_513efe8c,8539.32.20,,
__export__.l10n_br_fiscal_ncm_21337_38ec993d,8539.32.20,1,
__export__.l10n_br_fiscal_ncm_21338_4ca54cc3,8539.32.30,,
__export__.l10n_br_fiscal_ncm_21339_b47ce67b,8539.39.11,,
__export__.l10n_br_fiscal_ncm_21340_f0101e89,8539.39.12,,
__export__.l10n_br_fiscal_ncm_21341_415f489c,8539.39.13,,
__export__.l10n_br_fiscal_ncm_21342_181dca86,8539.39.19,,
__export__.l10n_br_fiscal_ncm_21343_b87a0f92,8539.39.90,,
__export__.l10n_br_fiscal_ncm_21344_ccbcc9dc,8539.41.10,,
__export__.l10n_br_fiscal_ncm_21345_81a57b29,8539.41.90,,
__export__.l10n_br_fiscal_ncm_21346_d6b29e68,8539.49.00,,
__export__.l10n_br_fiscal_ncm_21347_583a3375,8539.51.00,,
__export__.l10n_br_fiscal_ncm_21348_90e788b9,8539.52.00,,
__export__.l10n_br_fiscal_ncm_21349_361e3d57,8539.90.10,,
__export__.l10n_br_fiscal_ncm_21350_8d83a38e,8539.90.20,,
__export__.l10n_br_fiscal_ncm_21351_53b65295,8539.90.90,,
__export__.l10n_br_fiscal_ncm_21352_f4e1793d,8540.11.00,,
__export__.l10n_br_fiscal_ncm_21353_8ff3121e,8540.12.00,,
__export__.l10n_br_fiscal_ncm_21354_15320c42,8540.20.11,,
__export__.l10n_br_fiscal_ncm_21355_b28f2e38,8540.20.19,,
__export__.l10n_br_fiscal_ncm_21356_269905d2,8540.20.20,,
__export__.l10n_br_fiscal_ncm_21357_8c9d65b9,8540.20.90,,
__export__.l10n_br_fiscal_ncm_21358_85b0dd86,8540.40.00,,
__export__.l10n_br_fiscal_ncm_21359_37908258,8540.60.10,,
__export__.l10n_br_fiscal_ncm_21360_739d11c5,8540.60.90,,
__export__.l10n_br_fiscal_ncm_21361_a083951b,8540.71.00,,
__export__.l10n_br_fiscal_ncm_21362_f2899bb5,8540.79.00,,
__export__.l10n_br_fiscal_ncm_21363_8ea80b52,8540.81.00,,
__export__.l10n_br_fiscal_ncm_21364_8d7449f1,8540.89.10,,
__export__.l10n_br_fiscal_ncm_21365_a0c30c44,8540.89.90,,
__export__.l10n_br_fiscal_ncm_21366_1d11ef6f,8540.91.10,,
__export__.l10n_br_fiscal_ncm_21367_3b393a73,8540.91.20,,
__export__.l10n_br_fiscal_ncm_21368_394bb2a0,8540.91.30,,
__export__.l10n_br_fiscal_ncm_21369_720d2884,8540.91.40,,
__export__.l10n_br_fiscal_ncm_21370_42977fa5,8540.91.90,,
__export__.l10n_br_fiscal_ncm_21371_ae8dd64b,8540.99.00,,
__export__.l10n_br_fiscal_ncm_21372_f6cd00ee,8541.10.11,,
__export__.l10n_br_fiscal_ncm_21373_d64feec9,8541.10.12,,
__export__.l10n_br_fiscal_ncm_21374_1d472fd3,8541.10.19,,
__export__.l10n_br_fiscal_ncm_21375_86521d1d,8541.10.21,,
__export__.l10n_br_fiscal_ncm_21376_32a0a530,8541.10.22,,
__export__.l10n_br_fiscal_ncm_21377_a0133a0d,8541.10.29,,
__export__.l10n_br_fiscal_ncm_21378_ce4968d0,8541.10.31,,
__export__.l10n_br_fiscal_ncm_21379_fd7f5f84,8541.10.32,,
__export__.l10n_br_fiscal_ncm_21380_47b0f064,8541.10.39,,
__export__.l10n_br_fiscal_ncm_21381_9b2058a6,8541.10.91,,
__export__.l10n_br_fiscal_ncm_21382_48c93d16,8541.10.92,,
__export__.l10n_br_fiscal_ncm_21383_6f0b8525,8541.10.99,,
__export__.l10n_br_fiscal_ncm_21384_82a03f31,8541.21.10,,
__export__.l10n_br_fiscal_ncm_21385_800488cb,8541.21.20,,
__export__.l10n_br_fiscal_ncm_21386_34d4f685,8541.21.91,,
__export__.l10n_br_fiscal_ncm_21387_f4279271,8541.21.99,,
__export__.l10n_br_fiscal_ncm_21388_513efa48,8541.29.10,,
__export__.l10n_br_fiscal_ncm_21389_71a7ecc5,8541.29.20,,
__export__.l10n_br_fiscal_ncm_21390_9748c741,8541.30.11,,
__export__.l10n_br_fiscal_ncm_21391_64941f75,8541.30.19,,
__export__.l10n_br_fiscal_ncm_21392_51a9b66c,8541.30.21,,
__export__.l10n_br_fiscal_ncm_21393_90b14842,8541.30.29,,
__export__.l10n_br_fiscal_ncm_21394_a9617ded,8541.41.11,,
__export__.l10n_br_fiscal_ncm_21395_aed8d051,8541.41.12,,
__export__.l10n_br_fiscal_ncm_21396_8824c9d9,8541.41.21,,
__export__.l10n_br_fiscal_ncm_21397_4c6684eb,8541.41.22,,
__export__.l10n_br_fiscal_ncm_21398_58bb2b47,8541.41.23,,
__export__.l10n_br_fiscal_ncm_21399_11bd4d3b,8541.41.24,,
__export__.l10n_br_fiscal_ncm_21400_709bcb30,8541.42.10,,
__export__.l10n_br_fiscal_ncm_21401_f68ce004,8541.42.20,,
__export__.l10n_br_fiscal_ncm_21402_98668c59,8541.42.90,,
__export__.l10n_br_fiscal_ncm_21403_baf74b5f,8541.43.00,,
__export__.l10n_br_fiscal_ncm_21404_36a4feae,8541.43.00,1,
__export__.l10n_br_fiscal_ncm_21405_ca1eeb8a,8541.49.00,,
__export__.l10n_br_fiscal_ncm_21406_0d13a4b7,8541.51.00,,
__export__.l10n_br_fiscal_ncm_21407_5ae9a8c4,8541.59.00,,
__export__.l10n_br_fiscal_ncm_21408_204f64d0,8541.60.10,,
__export__.l10n_br_fiscal_ncm_21409_6f950f2e,8541.60.90,,
__export__.l10n_br_fiscal_ncm_21410_60165610,8541.90.10,,
__export__.l10n_br_fiscal_ncm_21411_13b1ad9d,8541.90.20,,
__export__.l10n_br_fiscal_ncm_21412_fa566a64,8541.90.90,,
__export__.l10n_br_fiscal_ncm_21413_acc955fb,8542.31.10,,
__export__.l10n_br_fiscal_ncm_21414_5d9bb63a,8542.31.10,1,
__export__.l10n_br_fiscal_ncm_21415_133c5baa,8542.31.20,,
__export__.l10n_br_fiscal_ncm_21416_822f26d2,8542.31.90,,
__export__.l10n_br_fiscal_ncm_21417_853ae0c9,8542.32.10,,
__export__.l10n_br_fiscal_ncm_21418_2cbbfe93,8542.32.10,1,
__export__.l10n_br_fiscal_ncm_21419_eab5faf4,8542.32.21,,
__export__.l10n_br_fiscal_ncm_21420_3b66a2b8,8542.32.29,,
__export__.l10n_br_fiscal_ncm_21421_f0b1cbe3,8542.32.91,,
__export__.l10n_br_fiscal_ncm_21422_df82fdc7,8542.32.99,,
__export__.l10n_br_fiscal_ncm_21423_a57fcc34,8542.32.99,1,
__export__.l10n_br_fiscal_ncm_21424_b9a57e36,8542.33.11,,
__export__.l10n_br_fiscal_ncm_21425_b57b5e1c,8542.33.19,,
__export__.l10n_br_fiscal_ncm_21426_06a70d06,8542.33.20,,
__export__.l10n_br_fiscal_ncm_21427_c47b6292,8542.33.90,,
__export__.l10n_br_fiscal_ncm_21428_081d0b3f,8542.39.11,,
__export__.l10n_br_fiscal_ncm_21429_b29c6989,8542.39.19,,
__export__.l10n_br_fiscal_ncm_21430_6e035986,8542.39.20,,
__export__.l10n_br_fiscal_ncm_21431_aade4327,8542.39.20,1,
__export__.l10n_br_fiscal_ncm_21432_b8091f4e,8542.39.31,,
__export__.l10n_br_fiscal_ncm_21433_92ef2c0a,8542.39.39,,
__export__.l10n_br_fiscal_ncm_21434_49967136,8542.39.91,,
__export__.l10n_br_fiscal_ncm_21435_1769715d,8542.39.99,,
__export__.l10n_br_fiscal_ncm_21436_26c12a5b,8542.90.00,,
__export__.l10n_br_fiscal_ncm_21437_3fc3053d,8543.10.00,,
__export__.l10n_br_fiscal_ncm_21439_928b6eeb,8543.20.00,1,
__export__.l10n_br_fiscal_ncm_21438_fbd58a31,8543.20.00,,
__export__.l10n_br_fiscal_ncm_21440_bf3cd175,8543.30.10,,
__export__.l10n_br_fiscal_ncm_21441_49361484,8543.30.90,,
__export__.l10n_br_fiscal_ncm_21442_2e4aa199,8543.40.00,,
__export__.l10n_br_fiscal_ncm_21443_62ead071,8543.70.11,,
__export__.l10n_br_fiscal_ncm_21444_e14799be,8543.70.11,1,
__export__.l10n_br_fiscal_ncm_21445_ea823330,8543.70.12,,
__export__.l10n_br_fiscal_ncm_21446_59bb13f3,8543.70.12,1,
__export__.l10n_br_fiscal_ncm_21447_297e35a9,8543.70.13,,
__export__.l10n_br_fiscal_ncm_21448_774af7de,8543.70.13,1,
__export__.l10n_br_fiscal_ncm_21449_c33aba25,8543.70.14,,
__export__.l10n_br_fiscal_ncm_21450_7482ee7d,8543.70.14,1,
__export__.l10n_br_fiscal_ncm_21451_d81196f6,8543.70.15,,
__export__.l10n_br_fiscal_ncm_21452_dd4dfa0b,8543.70.15,1,
__export__.l10n_br_fiscal_ncm_21453_0811b805,8543.70.19,,
__export__.l10n_br_fiscal_ncm_21454_edbba89e,8543.70.19,1,
__export__.l10n_br_fiscal_ncm_21455_93da3c73,8543.70.20,,
__export__.l10n_br_fiscal_ncm_21456_ee89c084,8543.70.31,,
__export__.l10n_br_fiscal_ncm_21457_ee5637ab,8543.70.32,,
__export__.l10n_br_fiscal_ncm_21458_a81dfce5,8543.70.33,,
__export__.l10n_br_fiscal_ncm_21459_f8c6bc69,8543.70.34,,
__export__.l10n_br_fiscal_ncm_21460_c85189c4,8543.70.35,,
__export__.l10n_br_fiscal_ncm_21461_4c90a015,8543.70.36,,
__export__.l10n_br_fiscal_ncm_21462_4da27821,8543.70.36,1,
__export__.l10n_br_fiscal_ncm_21463_12a64f13,8543.70.39,,
__export__.l10n_br_fiscal_ncm_21464_3fd6ace7,8543.70.39,1,
__export__.l10n_br_fiscal_ncm_21465_daf736e3,8543.70.39,2,
__export__.l10n_br_fiscal_ncm_21466_467111d1,8543.70.40,,
__export__.l10n_br_fiscal_ncm_21467_6593bc65,8543.70.50,,
__export__.l10n_br_fiscal_ncm_21468_6dfeedad,8543.70.91,,
__export__.l10n_br_fiscal_ncm_21469_c3cc5b13,8543.70.92,,
__export__.l10n_br_fiscal_ncm_21470_fd34e9fa,8543.70.99,,l10n_br_fiscal.tax_classification_200031
__export__.l10n_br_fiscal_ncm_21471_85f852ae,8543.70.99,1,l10n_br_fiscal.tax_classification_200031
__export__.l10n_br_fiscal_ncm_21472_562839d8,8543.90.10,,
__export__.l10n_br_fiscal_ncm_21473_6d1ecf9e,8543.90.90,,
__export__.l10n_br_fiscal_ncm_21474_97eca573,8544.11.00,,
__export__.l10n_br_fiscal_ncm_21475_1189fcd9,8544.19.10,,
__export__.l10n_br_fiscal_ncm_21476_d3f89c48,8544.19.90,,
__export__.l10n_br_fiscal_ncm_21477_cc5bd011,8544.20.00,,
__export__.l10n_br_fiscal_ncm_21478_51a2e3aa,8544.30.00,,
__export__.l10n_br_fiscal_ncm_21479_b0800831,8544.30.00,1,
__export__.l10n_br_fiscal_ncm_21480_c5810de2,8544.42.00,,
__export__.l10n_br_fiscal_ncm_21481_9c3bd3a0,8544.49.00,,
__export__.l10n_br_fiscal_ncm_21482_fb0eeadf,8544.49.00,1,
__export__.l10n_br_fiscal_ncm_21483_41f0662e,8544.60.00,,
__export__.l10n_br_fiscal_ncm_21484_c9027b94,8544.70.10,,
__export__.l10n_br_fiscal_ncm_21485_b8c52a7a,8544.70.20,,
__export__.l10n_br_fiscal_ncm_21486_6862de81,8544.70.30,,
__export__.l10n_br_fiscal_ncm_21487_9ab65ff0,8544.70.90,,
__export__.l10n_br_fiscal_ncm_21488_273252b9,8545.11.00,,
__export__.l10n_br_fiscal_ncm_21489_86dccb28,8545.19.10,,
__export__.l10n_br_fiscal_ncm_21490_81f2e19c,8545.19.20,,
__export__.l10n_br_fiscal_ncm_21491_495e1853,8545.19.90,,
__export__.l10n_br_fiscal_ncm_21492_1be54d38,8545.20.00,,
__export__.l10n_br_fiscal_ncm_21493_24fdaa49,8545.90.10,,
__export__.l10n_br_fiscal_ncm_21494_20106053,8545.90.20,,
__export__.l10n_br_fiscal_ncm_21495_05e1b70e,8545.90.30,,
__export__.l10n_br_fiscal_ncm_21496_6cb837bc,8545.90.90,,
__export__.l10n_br_fiscal_ncm_21497_57368387,8546.10.00,,
__export__.l10n_br_fiscal_ncm_21498_1804b27f,8546.20.00,,
__export__.l10n_br_fiscal_ncm_21499_51968642,8546.90.00,,
__export__.l10n_br_fiscal_ncm_21500_45de1ebb,8547.10.00,,
__export__.l10n_br_fiscal_ncm_21501_82617642,8547.20.10,,
__export__.l10n_br_fiscal_ncm_21502_e9925539,8547.20.90,,
__export__.l10n_br_fiscal_ncm_21503_5691a976,8547.90.00,,
__export__.l10n_br_fiscal_ncm_21504_1486935b,8548.00.10,,
__export__.l10n_br_fiscal_ncm_21505_19ea2454,8548.00.90,,
__export__.l10n_br_fiscal_ncm_21506_e553a689,8549.11.00,,
__export__.l10n_br_fiscal_ncm_21507_a53a0fd9,8549.11.00,1,
__export__.l10n_br_fiscal_ncm_21508_db229110,8549.12.00,,
__export__.l10n_br_fiscal_ncm_21509_bfc0f85b,8549.12.00,1,
__export__.l10n_br_fiscal_ncm_21510_ee8a57e9,8549.12.00,2,
__export__.l10n_br_fiscal_ncm_21511_b5f53a33,8549.12.00,3,
__export__.l10n_br_fiscal_ncm_21512_5bb27ea1,8549.13.00,,
__export__.l10n_br_fiscal_ncm_21513_1a2efb24,8549.13.00,1,
__export__.l10n_br_fiscal_ncm_21514_f0048ced,8549.13.00,2,
__export__.l10n_br_fiscal_ncm_21515_8d2525c4,8549.14.00,,
__export__.l10n_br_fiscal_ncm_21516_71630ede,8549.14.00,1,
__export__.l10n_br_fiscal_ncm_21517_30cd4003,8549.14.00,2,
__export__.l10n_br_fiscal_ncm_21518_56a59253,8549.19.00,,
__export__.l10n_br_fiscal_ncm_21519_37d0fcb0,8549.19.00,1,
__export__.l10n_br_fiscal_ncm_21520_a7c8ad43,8549.19.00,2,
__export__.l10n_br_fiscal_ncm_21521_785aad80,8549.21.00,,
__export__.l10n_br_fiscal_ncm_21522_4caa3b78,8549.21.00,1,
__export__.l10n_br_fiscal_ncm_21524_7ead12cb,8549.29.00,1,
__export__.l10n_br_fiscal_ncm_21523_faf27506,8549.29.00,,
__export__.l10n_br_fiscal_ncm_21525_937435b4,8549.31.00,,
__export__.l10n_br_fiscal_ncm_21526_31446300,8549.31.00,1,
__export__.l10n_br_fiscal_ncm_21527_ef9bfc2b,8549.39.00,,
__export__.l10n_br_fiscal_ncm_21528_6b2c2d6b,8549.39.00,1,
__export__.l10n_br_fiscal_ncm_21529_73758768,8549.91.00,,
__export__.l10n_br_fiscal_ncm_21530_6ecd733b,8549.91.00,1,
__export__.l10n_br_fiscal_ncm_21531_8afeaa75,8549.99.00,,
__export__.l10n_br_fiscal_ncm_21532_3acf8e0b,8549.99.00,1,
__export__.l10n_br_fiscal_ncm_21533_26755923,8601.10.00,,
__export__.l10n_br_fiscal_ncm_21534_14c7dc91,8601.20.00,,
__export__.l10n_br_fiscal_ncm_21535_3639d809,8602.10.00,,
__export__.l10n_br_fiscal_ncm_21536_17955fc6,8602.90.00,,
__export__.l10n_br_fiscal_ncm_21537_b23e3472,8603.10.00,,
__export__.l10n_br_fiscal_ncm_21538_433bb87a,8603.90.00,,
__export__.l10n_br_fiscal_ncm_21539_25cafc4e,8604.00.10,,
__export__.l10n_br_fiscal_ncm_21540_ad31df15,8604.00.90,,
__export__.l10n_br_fiscal_ncm_21541_3c6ee575,8605.00.10,,
__export__.l10n_br_fiscal_ncm_21542_47e4fde9,8605.00.90,,
__export__.l10n_br_fiscal_ncm_21543_655c4c44,8606.10.00,,
__export__.l10n_br_fiscal_ncm_21544_db1ad456,8606.30.00,,
__export__.l10n_br_fiscal_ncm_21545_1c27c9af,8606.91.00,,
__export__.l10n_br_fiscal_ncm_21546_8a4728e4,8606.92.00,,
__export__.l10n_br_fiscal_ncm_21547_6ec8e92b,8606.99.00,,
__export__.l10n_br_fiscal_ncm_21548_1ba2b504,8607.11.10,,
__export__.l10n_br_fiscal_ncm_21549_ecb931d3,8607.11.20,,
__export__.l10n_br_fiscal_ncm_21550_dc51d703,8607.12.00,,
__export__.l10n_br_fiscal_ncm_21551_d5a9a071,8607.19.11,,
__export__.l10n_br_fiscal_ncm_21552_f74ef5d2,8607.19.19,,
__export__.l10n_br_fiscal_ncm_21553_ea68fc79,8607.19.90,,
__export__.l10n_br_fiscal_ncm_21554_6770aeac,8607.21.00,,
__export__.l10n_br_fiscal_ncm_21555_bf063323,8607.29.00,,
__export__.l10n_br_fiscal_ncm_21556_e9cf4941,8607.30.00,,
__export__.l10n_br_fiscal_ncm_21557_43812fdf,8607.91.00,,
__export__.l10n_br_fiscal_ncm_21558_1ca32df8,8607.99.00,,
__export__.l10n_br_fiscal_ncm_21559_e59e08ff,8608.00.11,,
__export__.l10n_br_fiscal_ncm_21560_0c1ff8dd,8608.00.12,,
__export__.l10n_br_fiscal_ncm_21561_cb44910e,8608.00.90,,
__export__.l10n_br_fiscal_ncm_21562_c33b567f,8609.00.00,,
__export__.l10n_br_fiscal_ncm_21563_981b4951,8701.10.00,,
__export__.l10n_br_fiscal_ncm_21564_99bfbf55,8701.21.00,,
__export__.l10n_br_fiscal_ncm_21565_119e106b,8701.22.00,,
__export__.l10n_br_fiscal_ncm_21566_44b06396,8701.23.00,,
__export__.l10n_br_fiscal_ncm_21567_e7c5cf25,8701.24.00,,
__export__.l10n_br_fiscal_ncm_21568_9668ad1c,8701.29.00,,
__export__.l10n_br_fiscal_ncm_21569_4214a1c4,8701.30.00,,
__export__.l10n_br_fiscal_ncm_21570_25877136,8701.91.00,,
__export__.l10n_br_fiscal_ncm_21571_65d53d43,8701.91.00,1,
__export__.l10n_br_fiscal_ncm_21572_a9debfa6,8701.92.00,,
__export__.l10n_br_fiscal_ncm_21573_396a1f7a,8701.92.00,1,
__export__.l10n_br_fiscal_ncm_21574_dea9374b,8701.93.00,,
__export__.l10n_br_fiscal_ncm_21575_38169395,8701.93.00,1,
__export__.l10n_br_fiscal_ncm_21576_88fb7abc,8701.94.10,,
__export__.l10n_br_fiscal_ncm_21577_10171000,8701.94.90,,
__export__.l10n_br_fiscal_ncm_21578_5fb8284f,8701.94.90,1,
__export__.l10n_br_fiscal_ncm_21579_f1c4a395,8701.95.10,,
__export__.l10n_br_fiscal_ncm_21580_d5bd7038,8701.95.90,,
__export__.l10n_br_fiscal_ncm_21581_268e863d,8701.95.90,1,
__export__.l10n_br_fiscal_ncm_21582_a9d177d1,8702.10.00,,
__export__.l10n_br_fiscal_ncm_21583_1cad9154,8702.10.00,1,
__export__.l10n_br_fiscal_ncm_21584_92bedf3d,8702.10.00,2,
__export__.l10n_br_fiscal_ncm_21585_e5adcc24,8702.20.00,,
__export__.l10n_br_fiscal_ncm_21586_d6ebda8c,8702.20.00,1,
__export__.l10n_br_fiscal_ncm_21587_198efc7e,8702.20.00,2,
__export__.l10n_br_fiscal_ncm_21588_a74cd076,8702.30.00,,
__export__.l10n_br_fiscal_ncm_21589_3e984bdc,8702.30.00,1,
__export__.l10n_br_fiscal_ncm_21590_ba8054a0,8702.30.00,2,
__export__.l10n_br_fiscal_ncm_21591_f2e1a0e9,8702.40.10,,
__export__.l10n_br_fiscal_ncm_21592_26e16c22,8702.40.90,,
__export__.l10n_br_fiscal_ncm_21593_e42f8394,8702.40.90,1,
__export__.l10n_br_fiscal_ncm_21594_c9a4c229,8702.90.00,,
__export__.l10n_br_fiscal_ncm_21595_5bc69cf3,8702.90.00,1,
__export__.l10n_br_fiscal_ncm_21596_a753e689,8702.90.00,2,
__export__.l10n_br_fiscal_ncm_21597_9ff57401,8703.10.00,,
__export__.l10n_br_fiscal_ncm_21598_829ea2f0,8703.21.00,,l10n_br_fiscal.tax_classification_200015
__export__.l10n_br_fiscal_ncm_21599_73f5d458,8703.22.10,,l10n_br_fiscal.tax_classification_200015
__export__.l10n_br_fiscal_ncm_21600_296333d8,8703.22.90,,l10n_br_fiscal.tax_classification_200015
__export__.l10n_br_fiscal_ncm_21601_05d72448,8703.23.10,,l10n_br_fiscal.tax_classification_200015
__export__.l10n_br_fiscal_ncm_21602_706f913d,8703.23.10,1,l10n_br_fiscal.tax_classification_200015
__export__.l10n_br_fiscal_ncm_21603_4b006b3b,8703.23.90,,l10n_br_fiscal.tax_classification_200015
__export__.l10n_br_fiscal_ncm_21604_6a3b75b8,8703.23.90,1,l10n_br_fiscal.tax_classification_200015
__export__.l10n_br_fiscal_ncm_21605_b9b8037b,8703.24.10,,l10n_br_fiscal.tax_classification_200015
__export__.l10n_br_fiscal_ncm_21606_b3e48111,8703.24.90,,l10n_br_fiscal.tax_classification_200015
__export__.l10n_br_fiscal_ncm_21607_d4cb7f6a,8703.31.10,,l10n_br_fiscal.tax_classification_200015
__export__.l10n_br_fiscal_ncm_21608_17a53050,8703.31.90,,l10n_br_fiscal.tax_classification_200015
__export__.l10n_br_fiscal_ncm_21609_05c0ad0f,8703.32.10,,l10n_br_fiscal.tax_classification_200015
__export__.l10n_br_fiscal_ncm_21610_17af1ad5,8703.32.90,,l10n_br_fiscal.tax_classification_200015
__export__.l10n_br_fiscal_ncm_21611_5229a467,8703.33.10,,l10n_br_fiscal.tax_classification_200015
__export__.l10n_br_fiscal_ncm_21612_c502566b,8703.33.90,,l10n_br_fiscal.tax_classification_200015
__export__.l10n_br_fiscal_ncm_21613_80c9c77c,8703.40.00,,l10n_br_fiscal.tax_classification_200015
__export__.l10n_br_fiscal_ncm_21614_ace43301,8703.50.00,,l10n_br_fiscal.tax_classification_200015
__export__.l10n_br_fiscal_ncm_21615_5e528d48,8703.60.00,,l10n_br_fiscal.tax_classification_200015
__export__.l10n_br_fiscal_ncm_21616_b0669983,8703.70.00,,l10n_br_fiscal.tax_classification_200015
__export__.l10n_br_fiscal_ncm_21617_8d2800e1,8703.80.00,,l10n_br_fiscal.tax_classification_200015
__export__.l10n_br_fiscal_ncm_21618_fc660484,8703.90.00,,l10n_br_fiscal.tax_classification_200015
__export__.l10n_br_fiscal_ncm_21619_a1e92efc,8704.10.10,,
__export__.l10n_br_fiscal_ncm_21620_26686e12,8704.10.90,,
__export__.l10n_br_fiscal_ncm_21621_a1abb3eb,8704.21.10,,
__export__.l10n_br_fiscal_ncm_21622_c4ecee2e,8704.21.10,1,
__export__.l10n_br_fiscal_ncm_21623_b118c474,8704.21.20,,
__export__.l10n_br_fiscal_ncm_21624_a58d172d,8704.21.20,1,
__export__.l10n_br_fiscal_ncm_21625_6722d2e6,8704.21.30,,
__export__.l10n_br_fiscal_ncm_21626_9e164462,8704.21.30,1,
__export__.l10n_br_fiscal_ncm_21627_9201ac59,8704.21.90,,
__export__.l10n_br_fiscal_ncm_21628_4485c906,8704.21.90,1,
__export__.l10n_br_fiscal_ncm_21629_ad9e7aa8,8704.21.90,2,
__export__.l10n_br_fiscal_ncm_21630_9c508e2a,8704.22.10,,
__export__.l10n_br_fiscal_ncm_21631_c1997120,8704.22.20,,
__export__.l10n_br_fiscal_ncm_21632_c98b4eb1,8704.22.30,,
__export__.l10n_br_fiscal_ncm_21633_b41bf821,8704.22.90,,
__export__.l10n_br_fiscal_ncm_21634_d3b341f2,8704.23.10,,
__export__.l10n_br_fiscal_ncm_21635_ac8ac87d,8704.23.20,,
__export__.l10n_br_fiscal_ncm_21636_fb72beae,8704.23.30,,
__export__.l10n_br_fiscal_ncm_21637_742b7060,8704.23.40,,
__export__.l10n_br_fiscal_ncm_21638_4556d70f,8704.23.90,,
__export__.l10n_br_fiscal_ncm_21639_b93bb50d,8704.23.90,1,
__export__.l10n_br_fiscal_ncm_21640_40a42d8e,8704.31.10,,
__export__.l10n_br_fiscal_ncm_21641_358db601,8704.31.10,1,
__export__.l10n_br_fiscal_ncm_21642_4d7feeb7,8704.31.20,,
__export__.l10n_br_fiscal_ncm_21643_7fee1e4d,8704.31.20,1,
__export__.l10n_br_fiscal_ncm_21644_452f042b,8704.31.30,,
__export__.l10n_br_fiscal_ncm_21645_78c83ddf,8704.31.30,1,
__export__.l10n_br_fiscal_ncm_21646_2c42f869,8704.31.90,,
__export__.l10n_br_fiscal_ncm_21647_f30cbfec,8704.31.90,1,
__export__.l10n_br_fiscal_ncm_21648_18e8c730,8704.32.10,,
__export__.l10n_br_fiscal_ncm_21649_5e22a75f,8704.32.20,,
__export__.l10n_br_fiscal_ncm_21650_3e396f2c,8704.32.30,,
__export__.l10n_br_fiscal_ncm_21651_54dd8f3c,8704.32.90,,
__export__.l10n_br_fiscal_ncm_21652_c298027d,8704.41.00,,
__export__.l10n_br_fiscal_ncm_21653_4a55fce1,8704.41.00,1,
__export__.l10n_br_fiscal_ncm_21654_98aa3af1,8704.41.00,2,
__export__.l10n_br_fiscal_ncm_21655_7975338e,8704.41.00,3,
__export__.l10n_br_fiscal_ncm_21656_96be181d,8704.41.00,4,
__export__.l10n_br_fiscal_ncm_21657_190577d1,8704.42.00,,
__export__.l10n_br_fiscal_ncm_21658_2ba40a80,8704.43.00,,
__export__.l10n_br_fiscal_ncm_21659_3540fa22,8704.43.00,1,
__export__.l10n_br_fiscal_ncm_21660_89304790,8704.51.00,,
__export__.l10n_br_fiscal_ncm_21661_927fd858,8704.51.00,1,
__export__.l10n_br_fiscal_ncm_21662_b99f0aeb,8704.51.00,2,
__export__.l10n_br_fiscal_ncm_21663_8322d1bb,8704.51.00,3,
__export__.l10n_br_fiscal_ncm_21664_46ce8cb5,8704.52.00,,
__export__.l10n_br_fiscal_ncm_21665_fefb657f,8704.60.00,,
__export__.l10n_br_fiscal_ncm_21666_9b6327e4,8704.90.00,,
__export__.l10n_br_fiscal_ncm_21667_8a5f40d7,8705.10.20,,
__export__.l10n_br_fiscal_ncm_21668_92830129,8705.10.30,,
__export__.l10n_br_fiscal_ncm_21669_bbfcc69c,8705.10.90,,
__export__.l10n_br_fiscal_ncm_21670_97d40aa2,8705.20.00,,
__export__.l10n_br_fiscal_ncm_21671_5ad624ce,8705.30.00,,
__export__.l10n_br_fiscal_ncm_21672_ad1bbbf1,8705.40.00,,
__export__.l10n_br_fiscal_ncm_21673_d630caf0,8705.90.10,,
__export__.l10n_br_fiscal_ncm_21674_6d8d7efd,8705.90.90,,
__export__.l10n_br_fiscal_ncm_21675_1754cda1,8706.00.10,,
__export__.l10n_br_fiscal_ncm_21676_46b561e7,8706.00.10,1,
__export__.l10n_br_fiscal_ncm_21677_bbacb9ac,8706.00.20,,
__export__.l10n_br_fiscal_ncm_21678_fdda0cdd,8706.00.90,,
__export__.l10n_br_fiscal_ncm_21679_eaf978c3,8706.00.90,1,
__export__.l10n_br_fiscal_ncm_21680_116763b1,8707.10.00,,
__export__.l10n_br_fiscal_ncm_21681_86056511,8707.90.10,,
__export__.l10n_br_fiscal_ncm_21682_608495a6,8707.90.90,,
__export__.l10n_br_fiscal_ncm_21683_75a13b29,8707.90.90,1,
__export__.l10n_br_fiscal_ncm_21684_e22e53c3,8708.10.00,,
__export__.l10n_br_fiscal_ncm_21685_13054828,8708.21.00,,
__export__.l10n_br_fiscal_ncm_21686_55504f10,8708.22.00,,
__export__.l10n_br_fiscal_ncm_21687_816edaf9,8708.29.11,,
__export__.l10n_br_fiscal_ncm_21688_f3e10656,8708.29.12,,
__export__.l10n_br_fiscal_ncm_21689_922708bd,8708.29.13,,
__export__.l10n_br_fiscal_ncm_21690_56c6d97e,8708.29.14,,
__export__.l10n_br_fiscal_ncm_21691_edebe2f9,8708.29.19,,
__export__.l10n_br_fiscal_ncm_21692_6c009b7b,8708.29.91,,
__export__.l10n_br_fiscal_ncm_21693_8df352c0,8708.29.92,,
__export__.l10n_br_fiscal_ncm_21694_4947dea8,8708.29.93,,
__export__.l10n_br_fiscal_ncm_21695_9dc27172,8708.29.94,,
__export__.l10n_br_fiscal_ncm_21696_49f2795b,8708.29.95,,
__export__.l10n_br_fiscal_ncm_21697_cbf08606,8708.29.99,,l10n_br_fiscal.tax_classification_200031
__export__.l10n_br_fiscal_ncm_21698_2bbd6249,8708.30.11,,
__export__.l10n_br_fiscal_ncm_21699_57da34fe,8708.30.19,,
__export__.l10n_br_fiscal_ncm_21700_0167ccb1,8708.30.90,,
__export__.l10n_br_fiscal_ncm_21701_090702f5,8708.40.11,,
__export__.l10n_br_fiscal_ncm_21702_c7b0da3a,8708.40.19,,
__export__.l10n_br_fiscal_ncm_21703_d29a23d2,8708.40.80,,
__export__.l10n_br_fiscal_ncm_21704_af0b31c5,8708.40.90,,
__export__.l10n_br_fiscal_ncm_21705_e9fcb2ce,8708.50.11,,
__export__.l10n_br_fiscal_ncm_21706_5cbd5904,8708.50.12,,
__export__.l10n_br_fiscal_ncm_21707_7eadca7d,8708.50.19,,
__export__.l10n_br_fiscal_ncm_21708_521a7a15,8708.50.80,,
__export__.l10n_br_fiscal_ncm_21709_895cfbfc,8708.50.91,,
__export__.l10n_br_fiscal_ncm_21710_09271dc0,8708.50.99,,
__export__.l10n_br_fiscal_ncm_21711_58fb3f0a,8708.70.10,,
__export__.l10n_br_fiscal_ncm_21712_a5b6d6e2,8708.70.90,,
__export__.l10n_br_fiscal_ncm_21713_d48365cf,8708.80.00,,
__export__.l10n_br_fiscal_ncm_21714_8546adef,8708.80.00,1,
__export__.l10n_br_fiscal_ncm_21715_8edeb639,8708.80.00,2,
__export__.l10n_br_fiscal_ncm_21716_a110413a,8708.91.00,,
__export__.l10n_br_fiscal_ncm_21717_f8022e1e,8708.92.00,,
__export__.l10n_br_fiscal_ncm_21718_9b2a6540,8708.92.00,1,
__export__.l10n_br_fiscal_ncm_21719_42322838,8708.92.00,2,
__export__.l10n_br_fiscal_ncm_21720_801bb4eb,8708.93.00,,
__export__.l10n_br_fiscal_ncm_21721_9a658020,8708.93.00,1,
__export__.l10n_br_fiscal_ncm_21722_913e6f5d,8708.94.11,,
__export__.l10n_br_fiscal_ncm_21723_1f386f04,8708.94.12,,
__export__.l10n_br_fiscal_ncm_21724_b76f51e0,8708.94.13,,
__export__.l10n_br_fiscal_ncm_21725_a85abd49,8708.94.81,,
__export__.l10n_br_fiscal_ncm_21726_56cb2538,8708.94.82,,
__export__.l10n_br_fiscal_ncm_21727_9911056c,8708.94.83,,
__export__.l10n_br_fiscal_ncm_21728_77f3197e,8708.94.90,,
__export__.l10n_br_fiscal_ncm_21729_c78b518c,8708.95.10,,
__export__.l10n_br_fiscal_ncm_21730_c9102590,8708.95.21,,
__export__.l10n_br_fiscal_ncm_21731_ea570c26,8708.95.22,,
__export__.l10n_br_fiscal_ncm_21732_118f1c6d,8708.95.29,,
__export__.l10n_br_fiscal_ncm_21733_6f477c3a,8708.99.10,,l10n_br_fiscal.tax_classification_200031
__export__.l10n_br_fiscal_ncm_21734_906c4bd5,8708.99.90,,
__export__.l10n_br_fiscal_ncm_21735_481d61aa,8709.11.00,,
__export__.l10n_br_fiscal_ncm_21736_a463ea8d,8709.19.00,,
__export__.l10n_br_fiscal_ncm_21737_a792d42a,8709.90.00,,
__export__.l10n_br_fiscal_ncm_21738_fdc1bfcc,8710.00.00,,
__export__.l10n_br_fiscal_ncm_21739_4dabd55b,8711.10.00,,
__export__.l10n_br_fiscal_ncm_21740_a457ac30,8711.20.10,,
__export__.l10n_br_fiscal_ncm_21741_959076a3,8711.20.20,,
__export__.l10n_br_fiscal_ncm_21742_ef6ced85,8711.20.90,,
__export__.l10n_br_fiscal_ncm_21743_51d36430,8711.30.00,,
__export__.l10n_br_fiscal_ncm_21744_10225de0,8711.40.00,,
__export__.l10n_br_fiscal_ncm_21745_354486d8,8711.50.00,,
__export__.l10n_br_fiscal_ncm_21746_b6d9390b,8711.60.00,,
__export__.l10n_br_fiscal_ncm_21747_1a7451fb,8711.90.00,,
__export__.l10n_br_fiscal_ncm_21748_5c444797,8712.00.10,,
__export__.l10n_br_fiscal_ncm_21749_7a276e12,8712.00.10,1,
__export__.l10n_br_fiscal_ncm_21750_9686fb57,8712.00.90,,
__export__.l10n_br_fiscal_ncm_21751_16ca7eba,8713.10.00,,
__export__.l10n_br_fiscal_ncm_21752_d9d5f1e6,8713.90.00,,
__export__.l10n_br_fiscal_ncm_21753_fc770758,8714.10.00,,
__export__.l10n_br_fiscal_ncm_21754_97292e6b,8714.10.00,1,
__export__.l10n_br_fiscal_ncm_21755_98c1cead,8714.20.00,,
__export__.l10n_br_fiscal_ncm_21756_7f2e2aa3,8714.91.00,,
__export__.l10n_br_fiscal_ncm_21757_8ae2d52f,8714.92.00,,
__export__.l10n_br_fiscal_ncm_21758_54c26ac6,8714.93.11,,
__export__.l10n_br_fiscal_ncm_21759_afbd1d03,8714.93.19,,
__export__.l10n_br_fiscal_ncm_21760_c567cbca,8714.93.20,,
__export__.l10n_br_fiscal_ncm_21761_15b171a3,8714.94.10,,
__export__.l10n_br_fiscal_ncm_21762_5bcb2546,8714.94.90,,
__export__.l10n_br_fiscal_ncm_21763_5be4f4a8,8714.95.00,,
__export__.l10n_br_fiscal_ncm_21764_7412ec1b,8714.96.11,,
__export__.l10n_br_fiscal_ncm_21765_e2e01a59,8714.96.12,,
__export__.l10n_br_fiscal_ncm_21766_b5fc8f05,8714.96.19,,
__export__.l10n_br_fiscal_ncm_21767_998200c6,8714.96.90,,
__export__.l10n_br_fiscal_ncm_21768_84e7d761,8714.99.10,,
__export__.l10n_br_fiscal_ncm_21769_84b81f6c,8714.99.20,,
__export__.l10n_br_fiscal_ncm_21770_83e093f0,8714.99.90,,
__export__.l10n_br_fiscal_ncm_21771_d15f07fc,8715.00.00,,
__export__.l10n_br_fiscal_ncm_21772_dd269b49,8716.10.00,,
__export__.l10n_br_fiscal_ncm_21773_0e8e1519,8716.20.00,,
__export__.l10n_br_fiscal_ncm_21774_38e84f4f,8716.31.00,,
__export__.l10n_br_fiscal_ncm_21775_763ec491,8716.39.00,,
__export__.l10n_br_fiscal_ncm_21776_dd0253fd,8716.40.00,,
__export__.l10n_br_fiscal_ncm_21777_03fa7fc4,8716.80.00,,
__export__.l10n_br_fiscal_ncm_21778_4c867336,8716.80.00,1,
__export__.l10n_br_fiscal_ncm_21779_e60e371a,8716.80.00,2,
__export__.l10n_br_fiscal_ncm_21780_aaeb74b7,8716.90.10,,
__export__.l10n_br_fiscal_ncm_21781_55b95b87,8716.90.90,,
__export__.l10n_br_fiscal_ncm_21782_a8849c7e,8801.00.00,,
__export__.l10n_br_fiscal_ncm_21783_4930eb99,8802.11.00,,
__export__.l10n_br_fiscal_ncm_21784_48844261,8802.12.10,,
__export__.l10n_br_fiscal_ncm_21785_35ec0af9,8802.12.90,,
__export__.l10n_br_fiscal_ncm_21786_c478c1b2,8802.20.10,,
__export__.l10n_br_fiscal_ncm_21787_ab7b6f0e,8802.20.21,,
__export__.l10n_br_fiscal_ncm_21788_55aa8718,8802.20.22,,
__export__.l10n_br_fiscal_ncm_21789_422a1578,8802.20.90,,
__export__.l10n_br_fiscal_ncm_21790_c0ce9ffd,8802.30.10,,
__export__.l10n_br_fiscal_ncm_21791_775ba9eb,8802.30.21,,
__export__.l10n_br_fiscal_ncm_21792_3f2b4f9f,8802.30.29,,
__export__.l10n_br_fiscal_ncm_21793_cccf6c9a,8802.30.31,,
__export__.l10n_br_fiscal_ncm_21794_72f435ea,8802.30.39,,
__export__.l10n_br_fiscal_ncm_21795_8375e951,8802.30.90,,
__export__.l10n_br_fiscal_ncm_21796_c537561f,8802.40.10,,
__export__.l10n_br_fiscal_ncm_21797_adba7ab8,8802.40.90,,
__export__.l10n_br_fiscal_ncm_21798_b9668364,8802.60.00,,
__export__.l10n_br_fiscal_ncm_21799_29ccf05f,8804.00.00,,
__export__.l10n_br_fiscal_ncm_21800_51b03f86,8805.10.00,,
__export__.l10n_br_fiscal_ncm_21801_173dd57f,8805.21.00,,
__export__.l10n_br_fiscal_ncm_21802_8b9b0b62,8805.29.00,,
__export__.l10n_br_fiscal_ncm_21803_1482e607,8806.10.00,,
__export__.l10n_br_fiscal_ncm_21804_ded6600c,8806.21.00,,
__export__.l10n_br_fiscal_ncm_21805_19dafafb,8806.21.00,1,
__export__.l10n_br_fiscal_ncm_21806_47a79e00,8806.22.00,,
__export__.l10n_br_fiscal_ncm_21807_b3717674,8806.22.00,1,
__export__.l10n_br_fiscal_ncm_21808_4d81ad00,8806.23.00,,
__export__.l10n_br_fiscal_ncm_21809_75ad5614,8806.23.00,1,
__export__.l10n_br_fiscal_ncm_21810_13a12b69,8806.24.00,,
__export__.l10n_br_fiscal_ncm_21811_82352dd5,8806.24.00,1,
__export__.l10n_br_fiscal_ncm_21812_dcd2dba9,8806.29.00,,
__export__.l10n_br_fiscal_ncm_21813_e1622f5b,8806.29.00,1,
__export__.l10n_br_fiscal_ncm_21814_cf62a3fa,8806.91.00,,
__export__.l10n_br_fiscal_ncm_21815_ea26a8c8,8806.91.00,1,
__export__.l10n_br_fiscal_ncm_21816_62629508,8806.92.00,,
__export__.l10n_br_fiscal_ncm_21817_84ae68e5,8806.92.00,1,
__export__.l10n_br_fiscal_ncm_21818_91098d75,8806.93.00,,
__export__.l10n_br_fiscal_ncm_21819_1466063e,8806.93.00,1,
__export__.l10n_br_fiscal_ncm_21820_0a51d4ad,8806.94.00,,
__export__.l10n_br_fiscal_ncm_21821_1163b167,8806.94.00,1,
__export__.l10n_br_fiscal_ncm_21822_ef748c4f,8806.99.00,,
__export__.l10n_br_fiscal_ncm_21823_98782a85,8806.99.00,1,
__export__.l10n_br_fiscal_ncm_21824_2e7029f8,8807.10.00,,
__export__.l10n_br_fiscal_ncm_21825_f8b45bcb,8807.20.00,,
__export__.l10n_br_fiscal_ncm_21826_536eea1d,8807.30.00,,
__export__.l10n_br_fiscal_ncm_21827_0f1ba6cb,8807.90.00,,
__export__.l10n_br_fiscal_ncm_21828_50a24627,8901.10.00,,
__export__.l10n_br_fiscal_ncm_21829_3cc1e0b0,8901.20.00,,
__export__.l10n_br_fiscal_ncm_21830_095641c1,8901.30.00,,
__export__.l10n_br_fiscal_ncm_21831_0be3d2fc,8901.90.00,,
__export__.l10n_br_fiscal_ncm_21832_ed8aa230,8902.00.10,,
__export__.l10n_br_fiscal_ncm_21833_d7271110,8902.00.90,,
__export__.l10n_br_fiscal_ncm_21834_0a18f2bf,8903.11.00,,
__export__.l10n_br_fiscal_ncm_21835_e79cc1e3,8903.12.00,,
__export__.l10n_br_fiscal_ncm_21836_614a0ab8,8903.19.00,,
__export__.l10n_br_fiscal_ncm_21837_b852a87e,8903.21.00,,
__export__.l10n_br_fiscal_ncm_21838_ebcc96a1,8903.22.00,,
__export__.l10n_br_fiscal_ncm_21839_80b94348,8903.23.00,,
__export__.l10n_br_fiscal_ncm_21840_48151407,8903.31.00,,
__export__.l10n_br_fiscal_ncm_21841_fa7248e0,8903.32.00,,
__export__.l10n_br_fiscal_ncm_21842_ab13bea2,8903.33.00,,
__export__.l10n_br_fiscal_ncm_21843_bceb6542,8903.93.00,,
__export__.l10n_br_fiscal_ncm_21844_5b5633ca,8903.99.00,,
__export__.l10n_br_fiscal_ncm_21845_a036546c,8904.00.00,,
__export__.l10n_br_fiscal_ncm_21846_82d30925,8905.10.00,,
__export__.l10n_br_fiscal_ncm_21847_fb100891,8905.20.00,,
__export__.l10n_br_fiscal_ncm_21848_cf2ff776,8905.90.00,,
__export__.l10n_br_fiscal_ncm_21849_6faf451a,8905.90.00,1,
__export__.l10n_br_fiscal_ncm_21850_0c1e3f8a,8906.10.00,,
__export__.l10n_br_fiscal_ncm_21851_c04bc3af,8906.90.00,,
__export__.l10n_br_fiscal_ncm_21852_3af871b1,8907.10.00,,
__export__.l10n_br_fiscal_ncm_21853_f768ed9a,8907.90.00,,
__export__.l10n_br_fiscal_ncm_21854_a264f39c,8907.90.00,1,
__export__.l10n_br_fiscal_ncm_21855_ed9df358,8908.00.00,,
__export__.l10n_br_fiscal_ncm_21856_bab672a3,8908.00.00,1,
__export__.l10n_br_fiscal_ncm_21857_0b7684cb,9001.10.11,,
__export__.l10n_br_fiscal_ncm_21858_bdcb472c,9001.10.19,,
__export__.l10n_br_fiscal_ncm_21859_81ac6545,9001.10.20,,
__export__.l10n_br_fiscal_ncm_21860_4283305d,9001.20.00,,
__export__.l10n_br_fiscal_ncm_21861_b1112983,9001.30.00,,
__export__.l10n_br_fiscal_ncm_21862_0a162e5c,9001.40.00,,
__export__.l10n_br_fiscal_ncm_21863_93062826,9001.50.00,,
__export__.l10n_br_fiscal_ncm_21864_07d85319,9001.90.10,,
__export__.l10n_br_fiscal_ncm_21865_66f7e48a,9001.90.90,,
__export__.l10n_br_fiscal_ncm_21866_5581532d,9002.11.11,,
__export__.l10n_br_fiscal_ncm_21867_cf497c41,9002.11.19,,
__export__.l10n_br_fiscal_ncm_21868_2b059ad1,9002.11.19,1,
__export__.l10n_br_fiscal_ncm_21869_20e4d214,9002.11.20,,
__export__.l10n_br_fiscal_ncm_21870_025392d8,9002.11.90,,
__export__.l10n_br_fiscal_ncm_21871_14526ad2,9002.19.00,,
__export__.l10n_br_fiscal_ncm_21872_d4e113b8,9002.20.10,,
__export__.l10n_br_fiscal_ncm_21873_7b8a989f,9002.20.90,,
__export__.l10n_br_fiscal_ncm_21874_5495db4e,9002.90.00,,
__export__.l10n_br_fiscal_ncm_21875_95fac698,9003.11.00,,
__export__.l10n_br_fiscal_ncm_21876_21a2b156,9003.19.10,,
__export__.l10n_br_fiscal_ncm_21877_4914b1a2,9003.19.90,,
__export__.l10n_br_fiscal_ncm_21878_becce3dd,9003.90.10,,
__export__.l10n_br_fiscal_ncm_21879_9b302abd,9003.90.90,,
__export__.l10n_br_fiscal_ncm_21880_73c0a336,9004.10.00,,
__export__.l10n_br_fiscal_ncm_21881_6b3fdd79,9004.90.10,,
__export__.l10n_br_fiscal_ncm_21882_dc6d7601,9004.90.20,,
__export__.l10n_br_fiscal_ncm_21883_ffbad831,9004.90.90,,
__export__.l10n_br_fiscal_ncm_21884_8b4ceb41,9005.10.00,,
__export__.l10n_br_fiscal_ncm_21885_260f567d,9005.80.00,,
__export__.l10n_br_fiscal_ncm_21886_41f66cd7,9005.90.10,,
__export__.l10n_br_fiscal_ncm_21887_da2caa87,9005.90.90,,
__export__.l10n_br_fiscal_ncm_21888_08650a25,9006.30.00,,
__export__.l10n_br_fiscal_ncm_21889_5c99de78,9006.40.00,,
__export__.l10n_br_fiscal_ncm_21890_42ff67e7,9006.53.10,,
__export__.l10n_br_fiscal_ncm_21891_36a09764,9006.53.20,,
__export__.l10n_br_fiscal_ncm_21892_79883f02,9006.59.30,,
__export__.l10n_br_fiscal_ncm_21893_e62348d2,9006.59.40,,
__export__.l10n_br_fiscal_ncm_21894_d65a861e,9006.59.51,,
__export__.l10n_br_fiscal_ncm_21895_7c8cbb62,9006.59.59,,
__export__.l10n_br_fiscal_ncm_21896_0e59e067,9006.59.59,1,
__export__.l10n_br_fiscal_ncm_21897_7a04a3af,9006.61.00,,
__export__.l10n_br_fiscal_ncm_21898_c0aea0f2,9006.69.00,,
__export__.l10n_br_fiscal_ncm_21899_c0977d87,9006.69.00,1,
__export__.l10n_br_fiscal_ncm_21900_7ffe64ab,9006.91.10,,
__export__.l10n_br_fiscal_ncm_21901_b43c3ef7,9006.91.90,,
__export__.l10n_br_fiscal_ncm_21902_ce57fc48,9006.99.00,,
__export__.l10n_br_fiscal_ncm_21903_55dfb017,9007.10.00,,
__export__.l10n_br_fiscal_ncm_21904_ed47ae20,9007.10.00,1,
__export__.l10n_br_fiscal_ncm_21905_a19b84ad,9007.20.20,,
__export__.l10n_br_fiscal_ncm_21906_5a9ae4b0,9007.20.90,,
__export__.l10n_br_fiscal_ncm_21907_c6cdbc78,9007.91.00,,
__export__.l10n_br_fiscal_ncm_21908_9a86ac64,9007.92.00,,
__export__.l10n_br_fiscal_ncm_21909_a7f87cc8,9008.50.00,,
__export__.l10n_br_fiscal_ncm_21910_bf1d7f76,9008.90.00,,
__export__.l10n_br_fiscal_ncm_21911_6af4425f,9010.10.10,,
__export__.l10n_br_fiscal_ncm_21912_361ec7c2,9010.10.20,,
__export__.l10n_br_fiscal_ncm_21913_a6654f43,9010.10.90,,
__export__.l10n_br_fiscal_ncm_21914_a6734209,9010.50.10,,
__export__.l10n_br_fiscal_ncm_21915_b66cda8e,9010.50.20,,
__export__.l10n_br_fiscal_ncm_21917_14e3ad67,9010.50.90,1,
__export__.l10n_br_fiscal_ncm_21916_2e2df64a,9010.50.90,,
__export__.l10n_br_fiscal_ncm_21918_d08535bc,9010.60.00,,
__export__.l10n_br_fiscal_ncm_21919_bbadc30b,9010.90.10,,
__export__.l10n_br_fiscal_ncm_21920_193b6e20,9010.90.90,,
__export__.l10n_br_fiscal_ncm_21921_9382ebec,9011.10.00,,
__export__.l10n_br_fiscal_ncm_21922_4a890555,9011.20.10,,
__export__.l10n_br_fiscal_ncm_21923_e671d9d5,9011.20.20,,
__export__.l10n_br_fiscal_ncm_21924_4b307baa,9011.20.30,,
__export__.l10n_br_fiscal_ncm_21925_32d93d29,9011.80.10,,
__export__.l10n_br_fiscal_ncm_21926_98d419de,9011.80.90,,
__export__.l10n_br_fiscal_ncm_21927_d65f319c,9011.90.10,,
__export__.l10n_br_fiscal_ncm_21928_47e2d0c9,9011.90.90,,
__export__.l10n_br_fiscal_ncm_21929_8d3a8749,9012.10.10,,
__export__.l10n_br_fiscal_ncm_21930_e505996a,9012.10.90,,
__export__.l10n_br_fiscal_ncm_21931_0b13b08b,9012.90.10,,
__export__.l10n_br_fiscal_ncm_21932_bf4734bf,9012.90.90,,
__export__.l10n_br_fiscal_ncm_21933_6e9fbb2a,9013.10.10,,
__export__.l10n_br_fiscal_ncm_21934_c52552ee,9013.10.90,,
__export__.l10n_br_fiscal_ncm_21935_8ffe68e2,9013.20.00,,
__export__.l10n_br_fiscal_ncm_21936_ef13a163,9013.80.00,,
__export__.l10n_br_fiscal_ncm_21937_c517085c,9013.80.00,1,
__export__.l10n_br_fiscal_ncm_21938_58e08964,9013.90.00,,
__export__.l10n_br_fiscal_ncm_21939_6c9860d7,9014.10.00,,
__export__.l10n_br_fiscal_ncm_21940_2c26d5a3,9014.20.10,,
__export__.l10n_br_fiscal_ncm_21941_88188bce,9014.20.20,,
__export__.l10n_br_fiscal_ncm_21942_45f41428,9014.20.30,,
__export__.l10n_br_fiscal_ncm_21943_07b5f4c2,9014.20.90,,
__export__.l10n_br_fiscal_ncm_21944_5c437ecf,9014.80.10,,
__export__.l10n_br_fiscal_ncm_21945_87f231fd,9014.80.90,,
__export__.l10n_br_fiscal_ncm_21946_dc7fe3c4,9014.90.00,,
__export__.l10n_br_fiscal_ncm_21947_5370e4da,9015.10.00,,
__export__.l10n_br_fiscal_ncm_21948_e38ee868,9015.20.10,,
__export__.l10n_br_fiscal_ncm_21949_f61c678c,9015.20.90,,
__export__.l10n_br_fiscal_ncm_21950_b65cc991,9015.30.00,,
__export__.l10n_br_fiscal_ncm_21951_6352d78e,9015.40.00,,
__export__.l10n_br_fiscal_ncm_21952_2fdfd86c,9015.80.10,,
__export__.l10n_br_fiscal_ncm_21953_3b9fa80a,9015.80.90,,
__export__.l10n_br_fiscal_ncm_21954_124dc4d0,9015.90.10,,
__export__.l10n_br_fiscal_ncm_21955_eeee8b63,9015.90.90,,
__export__.l10n_br_fiscal_ncm_21956_f86fefb3,9016.00.10,,
__export__.l10n_br_fiscal_ncm_21957_47abb61d,9016.00.90,,
__export__.l10n_br_fiscal_ncm_21958_7457882c,9017.10.10,,
__export__.l10n_br_fiscal_ncm_21959_99e8874c,9017.10.90,,
__export__.l10n_br_fiscal_ncm_21960_5f0e21af,9017.20.00,,l10n_br_fiscal.tax_classification_200031
__export__.l10n_br_fiscal_ncm_21961_9b05615f,9017.30.10,,
__export__.l10n_br_fiscal_ncm_21962_3410f9e2,9017.30.20,,
__export__.l10n_br_fiscal_ncm_21963_b0099c1b,9017.30.90,,
__export__.l10n_br_fiscal_ncm_21964_3f3eb32e,9017.80.10,,
__export__.l10n_br_fiscal_ncm_21965_8b465ea6,9017.80.90,,
__export__.l10n_br_fiscal_ncm_21966_11e982a3,9017.90.10,,
__export__.l10n_br_fiscal_ncm_21967_3417652a,9017.90.90,,
__export__.l10n_br_fiscal_ncm_21968_cd30c5b7,9018.11.00,,
__export__.l10n_br_fiscal_ncm_21969_e3b1b7e4,9018.12.10,,
__export__.l10n_br_fiscal_ncm_21970_35fd660d,9018.12.90,,
__export__.l10n_br_fiscal_ncm_21971_d23dce8b,9018.13.00,,
__export__.l10n_br_fiscal_ncm_21972_4e769bf6,9018.14.10,,
__export__.l10n_br_fiscal_ncm_21973_1f5fa437,9018.14.20,,
__export__.l10n_br_fiscal_ncm_21974_44b8592d,9018.14.90,,
__export__.l10n_br_fiscal_ncm_21975_10a82860,9018.19.10,,
__export__.l10n_br_fiscal_ncm_21976_023d1529,9018.19.20,,
__export__.l10n_br_fiscal_ncm_21977_99cd81c5,9018.19.80,,
__export__.l10n_br_fiscal_ncm_21978_8fd1891e,9018.19.90,,
__export__.l10n_br_fiscal_ncm_21979_a1101cdf,9018.20.10,,l10n_br_fiscal.tax_classification_200030
__export__.l10n_br_fiscal_ncm_21980_7e80204b,9018.20.20,,
__export__.l10n_br_fiscal_ncm_21981_1fd9f908,9018.20.90,,
__export__.l10n_br_fiscal_ncm_21982_faa98b75,9018.31.11,,l10n_br_fiscal.tax_classification_200030
__export__.l10n_br_fiscal_ncm_21983_52ccfbf7,9018.31.19,,l10n_br_fiscal.tax_classification_200030
__export__.l10n_br_fiscal_ncm_21984_2643f016,9018.31.90,,l10n_br_fiscal.tax_classification_200030
__export__.l10n_br_fiscal_ncm_21985_5307baa7,9018.32.11,,l10n_br_fiscal.tax_classification_200030
__export__.l10n_br_fiscal_ncm_21986_7a7a61c4,9018.32.12,,l10n_br_fiscal.tax_classification_200030
__export__.l10n_br_fiscal_ncm_21987_90a83f6f,9018.32.13,,l10n_br_fiscal.tax_classification_200030
__export__.l10n_br_fiscal_ncm_21988_11c023a7,9018.32.19,,l10n_br_fiscal.tax_classification_200030
__export__.l10n_br_fiscal_ncm_21989_700946b9,9018.32.20,,l10n_br_fiscal.tax_classification_200030
__export__.l10n_br_fiscal_ncm_21990_03ddccfd,9018.39.10,,l10n_br_fiscal.tax_classification_200030
__export__.l10n_br_fiscal_ncm_21991_60f81194,9018.39.21,,
__export__.l10n_br_fiscal_ncm_21992_a8b50a9d,9018.39.22,,
__export__.l10n_br_fiscal_ncm_21993_bd84c13b,9018.39.23,,
__export__.l10n_br_fiscal_ncm_21994_d8e42a8c,9018.39.25,,
__export__.l10n_br_fiscal_ncm_21995_cb7303e5,9018.39.26,,
__export__.l10n_br_fiscal_ncm_21996_d621487f,9018.39.29,,l10n_br_fiscal.tax_classification_200030
__export__.l10n_br_fiscal_ncm_21997_ac81836c,9018.39.30,,l10n_br_fiscal.tax_classification_200030
__export__.l10n_br_fiscal_ncm_21998_4bf814d8,9018.39.91,,l10n_br_fiscal.tax_classification_200030
__export__.l10n_br_fiscal_ncm_21999_0f9db842,9018.39.99,,l10n_br_fiscal.tax_classification_200030
__export__.l10n_br_fiscal_ncm_22000_3ce3366d,9018.39.99,1,l10n_br_fiscal.tax_classification_200030
__export__.l10n_br_fiscal_ncm_22001_7c424d5c,9018.41.00,,
__export__.l10n_br_fiscal_ncm_22002_e468d239,9018.49.11,,l10n_br_fiscal.tax_classification_200030
__export__.l10n_br_fiscal_ncm_22003_7b83ad69,9018.49.12,,l10n_br_fiscal.tax_classification_200030
__export__.l10n_br_fiscal_ncm_22004_35f6ecaf,9018.49.19,,l10n_br_fiscal.tax_classification_200030
__export__.l10n_br_fiscal_ncm_22005_95fe47f9,9018.49.20,,l10n_br_fiscal.tax_classification_200030
__export__.l10n_br_fiscal_ncm_22006_25d625f2,9018.49.40,,
__export__.l10n_br_fiscal_ncm_22007_507f672a,9018.49.91,,
__export__.l10n_br_fiscal_ncm_22008_f8a18686,9018.49.99,,
__export__.l10n_br_fiscal_ncm_22009_5ff20b07,9018.49.99,1,
__export__.l10n_br_fiscal_ncm_22010_c451c312,9018.50.10,,
__export__.l10n_br_fiscal_ncm_22011_8a2e09d7,9018.50.90,,l10n_br_fiscal.tax_classification_200030
__export__.l10n_br_fiscal_ncm_22012_8d4da99a,9018.90.10,,l10n_br_fiscal.tax_classification_200030
__export__.l10n_br_fiscal_ncm_22013_cc1df346,9018.90.21,,l10n_br_fiscal.tax_classification_200030
__export__.l10n_br_fiscal_ncm_22014_346b19b4,9018.90.29,,
__export__.l10n_br_fiscal_ncm_22015_4aebdd65,9018.90.31,,
__export__.l10n_br_fiscal_ncm_22016_8a0c4188,9018.90.39,,
__export__.l10n_br_fiscal_ncm_22017_5f59c7b7,9018.90.40,,l10n_br_fiscal.tax_classification_200030
__export__.l10n_br_fiscal_ncm_22018_5368d73c,9018.90.50,,
__export__.l10n_br_fiscal_ncm_22019_a33d0c62,9018.90.61,,
__export__.l10n_br_fiscal_ncm_22020_6d3e64fc,9018.90.69,,
__export__.l10n_br_fiscal_ncm_22021_da683045,9018.90.91,,
__export__.l10n_br_fiscal_ncm_22022_e745a5a8,9018.90.93,,
__export__.l10n_br_fiscal_ncm_22023_3e9863e2,9018.90.94,,
__export__.l10n_br_fiscal_ncm_22024_cc1c2e63,9018.90.95,,l10n_br_fiscal.tax_classification_200030
__export__.l10n_br_fiscal_ncm_22025_e8a6f05b,9018.90.96,,
__export__.l10n_br_fiscal_ncm_22026_67472ad1,9018.90.99,,l10n_br_fiscal.tax_classification_200030
__export__.l10n_br_fiscal_ncm_22027_2ad31f7b,9018.90.99,1,l10n_br_fiscal.tax_classification_200030
__export__.l10n_br_fiscal_ncm_22028_6d1d7a1d,9018.90.99,2,l10n_br_fiscal.tax_classification_200030
__export__.l10n_br_fiscal_ncm_22029_3c816c33,9018.90.99,3,l10n_br_fiscal.tax_classification_200030
__export__.l10n_br_fiscal_ncm_22030_be50548f,9018.90.99,4,l10n_br_fiscal.tax_classification_200030
__export__.l10n_br_fiscal_ncm_22031_d919e0c5,9019.10.00,,
__export__.l10n_br_fiscal_ncm_22032_5efc022c,9019.20.10,,
__export__.l10n_br_fiscal_ncm_22033_638eaa89,9019.20.20,,
__export__.l10n_br_fiscal_ncm_22034_f825d010,9019.20.30,,
__export__.l10n_br_fiscal_ncm_22035_e0f09629,9019.20.40,,
__export__.l10n_br_fiscal_ncm_22036_3791d500,9019.20.90,,
__export__.l10n_br_fiscal_ncm_22037_ff6d0af5,9020.00.10,,
__export__.l10n_br_fiscal_ncm_22038_ad281ec0,9020.00.90,,
__export__.l10n_br_fiscal_ncm_22039_21ad58bf,9021.10.10,,l10n_br_fiscal.tax_classification_200030
__export__.l10n_br_fiscal_ncm_22040_ddb838ae,9021.10.20,,l10n_br_fiscal.tax_classification_200030
__export__.l10n_br_fiscal_ncm_22041_ee3bb1ee,9021.10.91,,
__export__.l10n_br_fiscal_ncm_22042_ab605ce9,9021.10.99,,
__export__.l10n_br_fiscal_ncm_22043_0c974c59,9021.21.10,,
__export__.l10n_br_fiscal_ncm_22044_6d04b5e2,9021.21.90,,
__export__.l10n_br_fiscal_ncm_22045_d052f59b,9021.29.00,,l10n_br_fiscal.tax_classification_200030
__export__.l10n_br_fiscal_ncm_22046_4f6bbeea,9021.31.10,,
__export__.l10n_br_fiscal_ncm_22047_e69a638a,9021.31.20,,
__export__.l10n_br_fiscal_ncm_22048_7098af0d,9021.31.90,,
__export__.l10n_br_fiscal_ncm_22049_31c16317,9021.39.11,,
__export__.l10n_br_fiscal_ncm_22050_1fc3eccc,9021.39.19,,
__export__.l10n_br_fiscal_ncm_22051_d5eca84e,9021.39.20,,
__export__.l10n_br_fiscal_ncm_22052_64e70271,9021.39.30,,
__export__.l10n_br_fiscal_ncm_22053_a8e63b8e,9021.39.40,,
__export__.l10n_br_fiscal_ncm_22054_1445e6ab,9021.39.80,,
__export__.l10n_br_fiscal_ncm_22055_55f2dd8c,9021.39.91,,
__export__.l10n_br_fiscal_ncm_22056_15b8debf,9021.39.99,,
__export__.l10n_br_fiscal_ncm_22057_ee251859,9021.40.00,,
__export__.l10n_br_fiscal_ncm_22058_2b58b180,9021.50.00,,l10n_br_fiscal.tax_classification_200030
__export__.l10n_br_fiscal_ncm_22059_28344dd5,9021.90.11,,l10n_br_fiscal.tax_classification_200030
__export__.l10n_br_fiscal_ncm_22060_a245767d,9021.90.12,,l10n_br_fiscal.tax_classification_200030
__export__.l10n_br_fiscal_ncm_22061_02450f67,9021.90.13,,
__export__.l10n_br_fiscal_ncm_22062_0ec98e47,9021.90.19,,l10n_br_fiscal.tax_classification_200030
__export__.l10n_br_fiscal_ncm_22063_0ef99b59,9021.90.80,,l10n_br_fiscal.tax_classification_200030
__export__.l10n_br_fiscal_ncm_22064_7392dba0,9021.90.91,,l10n_br_fiscal.tax_classification_200030
__export__.l10n_br_fiscal_ncm_22065_0d42af6a,9021.90.92,,
__export__.l10n_br_fiscal_ncm_22066_31e31796,9021.90.99,,l10n_br_fiscal.tax_classification_200030
__export__.l10n_br_fiscal_ncm_22067_a5744de0,9022.12.00,,
__export__.l10n_br_fiscal_ncm_22068_37a47031,9022.13.11,,
__export__.l10n_br_fiscal_ncm_22069_cb204788,9022.13.19,,
__export__.l10n_br_fiscal_ncm_22070_9f370be7,9022.13.90,,
__export__.l10n_br_fiscal_ncm_22071_cb15ed0b,9022.14.11,,
__export__.l10n_br_fiscal_ncm_22072_9d6f22c8,9022.14.12,,
__export__.l10n_br_fiscal_ncm_22073_fbd3721c,9022.14.13,,
__export__.l10n_br_fiscal_ncm_22074_d16cfa61,9022.14.19,,
__export__.l10n_br_fiscal_ncm_22075_2d5be317,9022.14.90,,
__export__.l10n_br_fiscal_ncm_22076_1a41d476,9022.19.10,,
__export__.l10n_br_fiscal_ncm_22077_968792ce,9022.19.91,,
__export__.l10n_br_fiscal_ncm_22078_5b933b1b,9022.19.99,,
__export__.l10n_br_fiscal_ncm_22079_ac7107c1,9022.21.10,,
__export__.l10n_br_fiscal_ncm_22080_47d45319,9022.21.20,,
__export__.l10n_br_fiscal_ncm_22081_e9bf15c3,9022.21.90,,
__export__.l10n_br_fiscal_ncm_22082_30d44819,9022.21.90,1,
__export__.l10n_br_fiscal_ncm_22083_504ea31b,9022.29.10,,
__export__.l10n_br_fiscal_ncm_22084_af5113d3,9022.29.90,,
__export__.l10n_br_fiscal_ncm_22085_5503416b,9022.30.00,,
__export__.l10n_br_fiscal_ncm_22086_280ccd91,9022.90.10,,
__export__.l10n_br_fiscal_ncm_22087_463164bb,9022.90.20,,
__export__.l10n_br_fiscal_ncm_22088_f153a9d0,9022.90.80,,
__export__.l10n_br_fiscal_ncm_22089_2418d8ba,9022.90.91,,
__export__.l10n_br_fiscal_ncm_22090_b66b3d1a,9022.90.99,,
__export__.l10n_br_fiscal_ncm_22091_6bc4bb60,9022.90.99,1,
__export__.l10n_br_fiscal_ncm_22092_aba461de,9023.00.00,,
__export__.l10n_br_fiscal_ncm_22093_43b2ad36,9023.00.00,1,
__export__.l10n_br_fiscal_ncm_22094_77896465,9023.00.00,2,
__export__.l10n_br_fiscal_ncm_22095_8e6ffbb5,9024.10.10,,
__export__.l10n_br_fiscal_ncm_22096_ee89b55b,9024.10.20,,
__export__.l10n_br_fiscal_ncm_22097_e084247e,9024.10.90,,
__export__.l10n_br_fiscal_ncm_22098_f8445cc7,9024.80.11,,
__export__.l10n_br_fiscal_ncm_22099_0304b392,9024.80.19,,
__export__.l10n_br_fiscal_ncm_22100_da3eae47,9024.80.21,,
__export__.l10n_br_fiscal_ncm_22101_72d9f150,9024.80.29,,
__export__.l10n_br_fiscal_ncm_22102_0f6a8d9e,9024.80.90,,
__export__.l10n_br_fiscal_ncm_22103_36b819df,9024.90.00,,
__export__.l10n_br_fiscal_ncm_22104_0c33aba8,9025.11.11,,
__export__.l10n_br_fiscal_ncm_22105_736be379,9025.11.19,,
__export__.l10n_br_fiscal_ncm_22106_b1071381,9025.11.91,,
__export__.l10n_br_fiscal_ncm_22107_0916bacd,9025.11.99,,
__export__.l10n_br_fiscal_ncm_22108_1ea451ad,9025.19.10,,
__export__.l10n_br_fiscal_ncm_22109_7b63e170,9025.19.90,,l10n_br_fiscal.tax_classification_200031
__export__.l10n_br_fiscal_ncm_22110_a44f0385,9025.80.00,,
__export__.l10n_br_fiscal_ncm_22111_250d0673,9025.90.10,,
__export__.l10n_br_fiscal_ncm_22112_abda8d6c,9025.90.90,,
__export__.l10n_br_fiscal_ncm_22113_b9652159,9026.10.11,,
__export__.l10n_br_fiscal_ncm_22114_f4e2fd29,9026.10.19,,
__export__.l10n_br_fiscal_ncm_22115_ed5dc2c4,9026.10.21,,
__export__.l10n_br_fiscal_ncm_22116_3d33ead4,9026.10.29,,
__export__.l10n_br_fiscal_ncm_22117_861e2801,9026.20.10,,
__export__.l10n_br_fiscal_ncm_22118_26c7f8aa,9026.20.90,,
__export__.l10n_br_fiscal_ncm_22119_5eb639ff,9026.80.00,,
__export__.l10n_br_fiscal_ncm_22120_2733c52f,9026.90.10,,
__export__.l10n_br_fiscal_ncm_22121_9693c9bb,9026.90.20,,
__export__.l10n_br_fiscal_ncm_22122_4be95f06,9026.90.90,,
__export__.l10n_br_fiscal_ncm_22123_8138de9d,9027.10.00,,
__export__.l10n_br_fiscal_ncm_22124_4a5577c6,9027.20.11,,
__export__.l10n_br_fiscal_ncm_22125_613fbb18,9027.20.12,,l10n_br_fiscal.tax_classification_200030
__export__.l10n_br_fiscal_ncm_22126_eecd364c,9027.20.19,,
__export__.l10n_br_fiscal_ncm_22127_514f4482,9027.20.21,,l10n_br_fiscal.tax_classification_200030
__export__.l10n_br_fiscal_ncm_22128_33e59fb1,9027.20.29,,l10n_br_fiscal.tax_classification_200030
__export__.l10n_br_fiscal_ncm_22129_42d3ca39,9027.30.11,,l10n_br_fiscal.tax_classification_200030
__export__.l10n_br_fiscal_ncm_22130_21808d75,9027.30.19,,l10n_br_fiscal.tax_classification_200030
__export__.l10n_br_fiscal_ncm_22131_2195625c,9027.30.20,,l10n_br_fiscal.tax_classification_200030
__export__.l10n_br_fiscal_ncm_22132_167198f1,9027.50.10,,
__export__.l10n_br_fiscal_ncm_22133_37e15760,9027.50.20,,l10n_br_fiscal.tax_classification_200030
__export__.l10n_br_fiscal_ncm_22134_e4ca804a,9027.50.30,,
__export__.l10n_br_fiscal_ncm_22135_1c0f415c,9027.50.40,,
__export__.l10n_br_fiscal_ncm_22136_245fb8e1,9027.50.50,,l10n_br_fiscal.tax_classification_200030
__export__.l10n_br_fiscal_ncm_22137_614b4c07,9027.50.90,,l10n_br_fiscal.tax_classification_200030
__export__.l10n_br_fiscal_ncm_22138_ae1ce70b,9027.81.00,,l10n_br_fiscal.tax_classification_200030
__export__.l10n_br_fiscal_ncm_22139_acc94e53,9027.89.11,,
__export__.l10n_br_fiscal_ncm_22140_95ed4fef,9027.89.12,,
__export__.l10n_br_fiscal_ncm_22141_f5b407dc,9027.89.13,,
__export__.l10n_br_fiscal_ncm_22142_81935a57,9027.89.14,,
__export__.l10n_br_fiscal_ncm_22143_a8754d54,9027.89.20,,
__export__.l10n_br_fiscal_ncm_22144_eb6455a1,9027.89.91,,
__export__.l10n_br_fiscal_ncm_22145_c3e86a9f,9027.89.99,,l10n_br_fiscal.tax_classification_200030
__export__.l10n_br_fiscal_ncm_22146_b9aabeee,9027.90.10,,l10n_br_fiscal.tax_classification_200030
__export__.l10n_br_fiscal_ncm_22147_f10d4a08,9027.90.91,,l10n_br_fiscal.tax_classification_200030
__export__.l10n_br_fiscal_ncm_22148_7bab8c33,9027.90.93,,l10n_br_fiscal.tax_classification_200030
__export__.l10n_br_fiscal_ncm_22149_eedc08b7,9027.90.99,,l10n_br_fiscal.tax_classification_200030
__export__.l10n_br_fiscal_ncm_22150_5d3bf5fd,9028.10.11,,
__export__.l10n_br_fiscal_ncm_22151_287cea92,9028.10.19,,
__export__.l10n_br_fiscal_ncm_22152_cbd1ce05,9028.10.90,,
__export__.l10n_br_fiscal_ncm_22153_f31b260d,9028.20.10,,
__export__.l10n_br_fiscal_ncm_22154_54758998,9028.20.20,,
__export__.l10n_br_fiscal_ncm_22155_ee8abd93,9028.30.11,,
__export__.l10n_br_fiscal_ncm_22156_5ca2b5a0,9028.30.19,,
__export__.l10n_br_fiscal_ncm_22157_12dd9090,9028.30.21,,
__export__.l10n_br_fiscal_ncm_22158_af03e754,9028.30.29,,
__export__.l10n_br_fiscal_ncm_22159_2e857cb6,9028.30.31,,
__export__.l10n_br_fiscal_ncm_22160_084250b4,9028.30.39,,
__export__.l10n_br_fiscal_ncm_22161_e955fc25,9028.30.90,,
__export__.l10n_br_fiscal_ncm_22162_d95cb4b6,9028.90.10,,
__export__.l10n_br_fiscal_ncm_22163_72bbb478,9028.90.90,,
__export__.l10n_br_fiscal_ncm_22164_8749b969,9029.10.10,,
__export__.l10n_br_fiscal_ncm_22165_7e4cceb3,9029.10.90,,
__export__.l10n_br_fiscal_ncm_22166_023d0d70,9029.20.10,,
__export__.l10n_br_fiscal_ncm_22167_da1efc95,9029.20.10,1,
__export__.l10n_br_fiscal_ncm_22168_11905833,9029.20.20,,
__export__.l10n_br_fiscal_ncm_22169_3cfdd7b4,9029.90.10,,
__export__.l10n_br_fiscal_ncm_22170_0c20d085,9029.90.90,,
__export__.l10n_br_fiscal_ncm_22171_c9d77c69,9030.10.10,,
__export__.l10n_br_fiscal_ncm_22172_5de6aecd,9030.10.90,,
__export__.l10n_br_fiscal_ncm_22173_170c6fd3,9030.20.10,,
__export__.l10n_br_fiscal_ncm_22174_62bc3bdf,9030.20.21,,
__export__.l10n_br_fiscal_ncm_22175_3cc50ee2,9030.20.22,,
__export__.l10n_br_fiscal_ncm_22176_c5432630,9030.20.29,,
__export__.l10n_br_fiscal_ncm_22177_bacf9dc8,9030.20.30,,
__export__.l10n_br_fiscal_ncm_22178_c984329a,9030.31.00,,
__export__.l10n_br_fiscal_ncm_22179_b9440d3d,9030.32.00,,
__export__.l10n_br_fiscal_ncm_22180_58a599ec,9030.33.11,,
__export__.l10n_br_fiscal_ncm_22181_724bbc40,9030.33.19,,
__export__.l10n_br_fiscal_ncm_22182_1a82d731,9030.33.21,,
__export__.l10n_br_fiscal_ncm_22183_c2d15452,9030.33.29,,
__export__.l10n_br_fiscal_ncm_22184_0ad9cb4a,9030.33.90,,
__export__.l10n_br_fiscal_ncm_22185_c0dfee19,9030.39.10,,
__export__.l10n_br_fiscal_ncm_22186_00d499cd,9030.39.90,,
__export__.l10n_br_fiscal_ncm_22187_6f69c257,9030.40.10,,
__export__.l10n_br_fiscal_ncm_22188_492ebad4,9030.40.20,,
__export__.l10n_br_fiscal_ncm_22189_c29d9403,9030.40.30,,
__export__.l10n_br_fiscal_ncm_22190_2a4e9486,9030.40.90,,
__export__.l10n_br_fiscal_ncm_22191_868803f1,9030.82.10,,
__export__.l10n_br_fiscal_ncm_22192_dedb54d3,9030.82.90,,
__export__.l10n_br_fiscal_ncm_22193_28e5afed,9030.84.10,,
__export__.l10n_br_fiscal_ncm_22194_71ff3d04,9030.84.20,,
__export__.l10n_br_fiscal_ncm_22195_d5717d9f,9030.84.90,,
__export__.l10n_br_fiscal_ncm_22196_579f9798,9030.89.10,,
__export__.l10n_br_fiscal_ncm_22197_a53bf391,9030.89.20,,
__export__.l10n_br_fiscal_ncm_22198_b96e07f8,9030.89.30,,
__export__.l10n_br_fiscal_ncm_22199_8e0dd92b,9030.89.40,,
__export__.l10n_br_fiscal_ncm_22200_5c2d6f0e,9030.89.90,,
__export__.l10n_br_fiscal_ncm_22201_1b5433c1,9030.90.10,,
__export__.l10n_br_fiscal_ncm_22202_046c391c,9030.90.90,,
__export__.l10n_br_fiscal_ncm_22203_196f1341,9031.10.00,,
__export__.l10n_br_fiscal_ncm_22204_8a74121c,9031.20.10,,
__export__.l10n_br_fiscal_ncm_22205_006f399f,9031.20.90,,
__export__.l10n_br_fiscal_ncm_22206_2acd73a5,9031.41.00,,
__export__.l10n_br_fiscal_ncm_22207_631bbdc2,9031.49.10,,
__export__.l10n_br_fiscal_ncm_22208_fb3d84ee,9031.49.20,,
__export__.l10n_br_fiscal_ncm_22209_20bc1b24,9031.49.90,,
__export__.l10n_br_fiscal_ncm_22210_308e34d4,9031.49.90,1,
__export__.l10n_br_fiscal_ncm_22211_cdd3c3e0,9031.80.11,,
__export__.l10n_br_fiscal_ncm_22212_bea2d607,9031.80.12,,
__export__.l10n_br_fiscal_ncm_22213_402ea094,9031.80.20,,
__export__.l10n_br_fiscal_ncm_22214_d9b31f84,9031.80.30,,
__export__.l10n_br_fiscal_ncm_22215_7b5d267c,9031.80.40,,
__export__.l10n_br_fiscal_ncm_22216_a424a1f3,9031.80.50,,
__export__.l10n_br_fiscal_ncm_22217_4faa5005,9031.80.60,,
__export__.l10n_br_fiscal_ncm_22218_9641e502,9031.80.91,,
__export__.l10n_br_fiscal_ncm_22219_a9b8029a,9031.80.99,,
__export__.l10n_br_fiscal_ncm_22220_22633481,9031.90.10,,
__export__.l10n_br_fiscal_ncm_22221_bebf8939,9031.90.90,,
__export__.l10n_br_fiscal_ncm_22222_f727bea4,9032.10.10,,
__export__.l10n_br_fiscal_ncm_22223_fdfb1bf4,9032.10.90,,
__export__.l10n_br_fiscal_ncm_22224_6af26b3a,9032.20.00,,
__export__.l10n_br_fiscal_ncm_22225_41971958,9032.81.00,,
__export__.l10n_br_fiscal_ncm_22226_a3174249,9032.89.11,,
__export__.l10n_br_fiscal_ncm_22227_fce6585d,9032.89.19,,
__export__.l10n_br_fiscal_ncm_22228_03100fa2,9032.89.21,,
__export__.l10n_br_fiscal_ncm_22229_b89da1cc,9032.89.22,,
__export__.l10n_br_fiscal_ncm_22230_bb28d531,9032.89.23,,
__export__.l10n_br_fiscal_ncm_22231_ba965f69,9032.89.24,,
__export__.l10n_br_fiscal_ncm_22232_4abe046d,9032.89.25,,
__export__.l10n_br_fiscal_ncm_22233_8b5fc5e4,9032.89.29,,
__export__.l10n_br_fiscal_ncm_22234_1bb918a7,9032.89.30,,
__export__.l10n_br_fiscal_ncm_22235_f712f4a6,9032.89.81,,
__export__.l10n_br_fiscal_ncm_22236_92469763,9032.89.82,,
__export__.l10n_br_fiscal_ncm_22237_1d8e06e4,9032.89.83,,
__export__.l10n_br_fiscal_ncm_22238_54e5249a,9032.89.84,,
__export__.l10n_br_fiscal_ncm_22239_d3eb2484,9032.89.89,,
__export__.l10n_br_fiscal_ncm_22240_8fedfeb4,9032.89.90,,
__export__.l10n_br_fiscal_ncm_22241_9eb977f4,9032.90.10,,
__export__.l10n_br_fiscal_ncm_22242_185ad231,9032.90.91,,
__export__.l10n_br_fiscal_ncm_22243_9a48df3c,9032.90.99,,
__export__.l10n_br_fiscal_ncm_22244_50391f91,9033.00.00,,
__export__.l10n_br_fiscal_ncm_22245_3c513fc3,9101.11.00,,
__export__.l10n_br_fiscal_ncm_22246_8606eac8,9101.19.00,,
__export__.l10n_br_fiscal_ncm_22247_6702a463,9101.21.00,,
__export__.l10n_br_fiscal_ncm_22248_7b63a42f,9101.29.00,,
__export__.l10n_br_fiscal_ncm_22249_32861ccd,9101.91.00,,
__export__.l10n_br_fiscal_ncm_22250_2f8df10c,9101.99.00,,
__export__.l10n_br_fiscal_ncm_22251_18e4866a,9102.11.10,,l10n_br_fiscal.tax_classification_200031
__export__.l10n_br_fiscal_ncm_22252_faf7f34e,9102.11.90,,l10n_br_fiscal.tax_classification_200031
__export__.l10n_br_fiscal_ncm_22253_fdd290c9,9102.12.10,,
__export__.l10n_br_fiscal_ncm_22254_000bec6b,9102.12.20,,
__export__.l10n_br_fiscal_ncm_22255_8aaf563a,9102.12.90,,
__export__.l10n_br_fiscal_ncm_22256_cce79f9d,9102.19.00,,
__export__.l10n_br_fiscal_ncm_22257_c7dc6261,9102.21.00,,
__export__.l10n_br_fiscal_ncm_22258_8df5b617,9102.29.00,,
__export__.l10n_br_fiscal_ncm_22259_57e65e36,9102.91.00,,l10n_br_fiscal.tax_classification_200031
__export__.l10n_br_fiscal_ncm_22260_7bfd9c81,9102.91.00,1,l10n_br_fiscal.tax_classification_200031
__export__.l10n_br_fiscal_ncm_22261_25fdc24b,9102.91.00,2,l10n_br_fiscal.tax_classification_200031
__export__.l10n_br_fiscal_ncm_22262_a0571479,9102.99.00,,
__export__.l10n_br_fiscal_ncm_22263_2ab6b2d5,9103.10.00,,l10n_br_fiscal.tax_classification_200031
__export__.l10n_br_fiscal_ncm_22264_83e26f4b,9103.90.00,,
__export__.l10n_br_fiscal_ncm_22265_8f41fae2,9104.00.00,,
__export__.l10n_br_fiscal_ncm_22266_3f7e266d,9105.11.00,,l10n_br_fiscal.tax_classification_200031
__export__.l10n_br_fiscal_ncm_22267_d8d6669e,9105.19.00,,
__export__.l10n_br_fiscal_ncm_22268_62e6fc84,9105.21.00,,
__export__.l10n_br_fiscal_ncm_22269_22591020,9105.29.00,,
__export__.l10n_br_fiscal_ncm_22270_51ccdff7,9105.91.00,,
__export__.l10n_br_fiscal_ncm_22271_6006cef8,9105.99.00,,
__export__.l10n_br_fiscal_ncm_22272_44794b36,9106.10.00,,
__export__.l10n_br_fiscal_ncm_22273_85b675d1,9106.90.00,,
__export__.l10n_br_fiscal_ncm_22274_ffba22dc,9107.00.10,,
__export__.l10n_br_fiscal_ncm_22275_1a9c0635,9107.00.90,,
__export__.l10n_br_fiscal_ncm_22276_0060b7e8,9108.11.10,,
__export__.l10n_br_fiscal_ncm_22277_6ecf4d52,9108.11.90,,
__export__.l10n_br_fiscal_ncm_22278_395e92be,9108.12.00,,
__export__.l10n_br_fiscal_ncm_22279_2a1ef701,9108.19.00,,
__export__.l10n_br_fiscal_ncm_22280_ffb6c801,9108.20.00,,
__export__.l10n_br_fiscal_ncm_22281_710abaf7,9108.90.00,,
__export__.l10n_br_fiscal_ncm_22282_a943496e,9109.10.00,,
__export__.l10n_br_fiscal_ncm_22283_23c9f554,9109.90.00,,
__export__.l10n_br_fiscal_ncm_22284_c118297e,9110.11.10,,
__export__.l10n_br_fiscal_ncm_22285_1479d6b2,9110.11.90,,
__export__.l10n_br_fiscal_ncm_22286_69d0208e,9110.12.00,,
__export__.l10n_br_fiscal_ncm_22287_35a17270,9110.19.00,,
__export__.l10n_br_fiscal_ncm_22288_a6a69893,9110.90.00,,
__export__.l10n_br_fiscal_ncm_22289_b27af2ab,9111.10.00,,
__export__.l10n_br_fiscal_ncm_22290_364c0dae,9111.20.10,,
__export__.l10n_br_fiscal_ncm_22291_777a1d36,9111.20.90,,
__export__.l10n_br_fiscal_ncm_22292_09fed7e2,9111.80.00,,
__export__.l10n_br_fiscal_ncm_22293_16c1f9b5,9111.90.10,,
__export__.l10n_br_fiscal_ncm_22294_e093db50,9111.90.90,,
__export__.l10n_br_fiscal_ncm_22295_caf0e121,9112.20.00,,
__export__.l10n_br_fiscal_ncm_22296_43e15489,9112.90.00,,
__export__.l10n_br_fiscal_ncm_22297_7f88dd88,9113.10.00,,
__export__.l10n_br_fiscal_ncm_22298_fae67962,9113.20.00,,
__export__.l10n_br_fiscal_ncm_22299_eaa20709,9113.90.00,,
__export__.l10n_br_fiscal_ncm_22300_04c2177b,9114.30.00,,
__export__.l10n_br_fiscal_ncm_22301_d3322b0c,9114.40.00,,
__export__.l10n_br_fiscal_ncm_22302_ebdf0b59,9114.90.00,,
__export__.l10n_br_fiscal_ncm_22303_fa0eb3cc,9201.10.00,,
__export__.l10n_br_fiscal_ncm_22304_ee0c5322,9201.20.00,,
__export__.l10n_br_fiscal_ncm_22305_701122b7,9201.90.00,,
__export__.l10n_br_fiscal_ncm_22306_0444dc9c,9202.10.00,,
__export__.l10n_br_fiscal_ncm_22307_09274da7,9202.90.00,,
__export__.l10n_br_fiscal_ncm_22308_e1bf3e7d,9205.10.00,,
__export__.l10n_br_fiscal_ncm_22309_340d0e15,9205.90.00,,
__export__.l10n_br_fiscal_ncm_22310_7a91fa5f,9206.00.00,,
__export__.l10n_br_fiscal_ncm_22311_90bff3ae,9207.10.10,,
__export__.l10n_br_fiscal_ncm_22312_e4592b75,9207.10.90,,
__export__.l10n_br_fiscal_ncm_22313_4ae63794,9207.90.10,,
__export__.l10n_br_fiscal_ncm_22314_911bed49,9207.90.90,,
__export__.l10n_br_fiscal_ncm_22315_c889e4cd,9208.10.00,,
__export__.l10n_br_fiscal_ncm_22316_c003c78a,9208.90.00,,
__export__.l10n_br_fiscal_ncm_22317_f2463b12,9209.30.00,,
__export__.l10n_br_fiscal_ncm_22318_7ddd3a3d,9209.91.00,,
__export__.l10n_br_fiscal_ncm_22319_feef90d1,9209.92.00,,
__export__.l10n_br_fiscal_ncm_22320_0d5ae38d,9209.94.00,,
__export__.l10n_br_fiscal_ncm_22321_cb0e98cb,9209.99.00,,
__export__.l10n_br_fiscal_ncm_22322_c47acdcd,9301.10.00,,
__export__.l10n_br_fiscal_ncm_22323_477a14c4,9301.20.00,,
__export__.l10n_br_fiscal_ncm_22324_20bcd4ff,9301.90.00,,
__export__.l10n_br_fiscal_ncm_22325_70fc0a5b,9302.00.00,,
__export__.l10n_br_fiscal_ncm_22326_b5ba070f,9303.10.00,,
__export__.l10n_br_fiscal_ncm_22327_00c5b469,9303.20.00,,
__export__.l10n_br_fiscal_ncm_22328_46c3f98d,9303.30.00,,
__export__.l10n_br_fiscal_ncm_22329_3ee214b9,9303.90.10,,
__export__.l10n_br_fiscal_ncm_22330_1b626892,9303.90.90,,
__export__.l10n_br_fiscal_ncm_22331_80fef34e,9303.90.90,1,
__export__.l10n_br_fiscal_ncm_22332_4ac588b3,9304.00.10,,
__export__.l10n_br_fiscal_ncm_22333_b17081b0,9304.00.90,,
__export__.l10n_br_fiscal_ncm_22334_777d7351,9305.10.00,,
__export__.l10n_br_fiscal_ncm_22335_c7022629,9305.20.00,,
__export__.l10n_br_fiscal_ncm_22336_bc257e5a,9305.91.00,,
__export__.l10n_br_fiscal_ncm_22337_2d6af941,9305.99.00,,
__export__.l10n_br_fiscal_ncm_22338_8d3ab3e2,9306.21.10,,
__export__.l10n_br_fiscal_ncm_22339_445aab98,9306.21.20,,
__export__.l10n_br_fiscal_ncm_22340_56cbae79,9306.21.30,,
__export__.l10n_br_fiscal_ncm_22341_e65072af,9306.21.90,,
__export__.l10n_br_fiscal_ncm_22342_6a898d9d,9306.29.00,,
__export__.l10n_br_fiscal_ncm_22343_0b3e4757,9306.29.00,1,
__export__.l10n_br_fiscal_ncm_22344_366722f3,9306.30.00,,
__export__.l10n_br_fiscal_ncm_22345_6ca4f39b,9306.90.10,,
__export__.l10n_br_fiscal_ncm_22346_2f41cb4e,9306.90.20,,
__export__.l10n_br_fiscal_ncm_22347_dd05b27b,9306.90.90,,
__export__.l10n_br_fiscal_ncm_22348_d4d1a0c2,9307.00.00,,
__export__.l10n_br_fiscal_ncm_22349_034828c2,9401.10.10,,
__export__.l10n_br_fiscal_ncm_22350_0c40ab2c,9401.10.90,,
__export__.l10n_br_fiscal_ncm_22351_3d74abc2,9401.20.00,,
__export__.l10n_br_fiscal_ncm_22352_1ac7a679,9401.20.00,1,
__export__.l10n_br_fiscal_ncm_22353_fa3a7152,9401.20.00,2,
__export__.l10n_br_fiscal_ncm_22354_521554e4,9401.20.00,3,
__export__.l10n_br_fiscal_ncm_22355_9799e961,9401.20.00,4,
__export__.l10n_br_fiscal_ncm_22356_44f8fc83,9401.31.00,,
__export__.l10n_br_fiscal_ncm_22357_e5d5494f,9401.39.00,,
__export__.l10n_br_fiscal_ncm_22358_29ea84b8,9401.41.00,,
__export__.l10n_br_fiscal_ncm_22359_85782759,9401.49.00,,
__export__.l10n_br_fiscal_ncm_22360_7c9aed1c,9401.52.00,,
__export__.l10n_br_fiscal_ncm_22361_3144c285,9401.53.00,,
__export__.l10n_br_fiscal_ncm_22362_bf1f2794,9401.59.00,,
__export__.l10n_br_fiscal_ncm_22363_1edf77fc,9401.61.00,,
__export__.l10n_br_fiscal_ncm_22364_f5283aea,9401.69.00,,
__export__.l10n_br_fiscal_ncm_22365_7712f8fa,9401.71.00,,
__export__.l10n_br_fiscal_ncm_22366_1eab79d0,9401.79.00,,
__export__.l10n_br_fiscal_ncm_22367_77bde465,9401.80.00,,
__export__.l10n_br_fiscal_ncm_22368_bdd22dea,9401.91.00,,
__export__.l10n_br_fiscal_ncm_22369_b4550521,9401.99.00,,
__export__.l10n_br_fiscal_ncm_22370_cbf7eaba,9402.10.00,,
__export__.l10n_br_fiscal_ncm_22371_bf93ac6e,9402.90.10,,l10n_br_fiscal.tax_classification_200030
__export__.l10n_br_fiscal_ncm_22372_93c3a8e4,9402.90.20,,l10n_br_fiscal.tax_classification_200030
__export__.l10n_br_fiscal_ncm_22373_06a303fe,9402.90.90,,l10n_br_fiscal.tax_classification_200030
__export__.l10n_br_fiscal_ncm_22374_bc2d8a74,9403.10.00,,
__export__.l10n_br_fiscal_ncm_22375_7be9fa9e,9403.20.00,,
__export__.l10n_br_fiscal_ncm_22376_cb68247e,9403.20.10,,
__export__.l10n_br_fiscal_ncm_22377_0460a1b1,9403.20.90,,
__export__.l10n_br_fiscal_ncm_22378_61b502c9,9403.30.00,,
__export__.l10n_br_fiscal_ncm_22379_c5981034,9403.40.00,,
__export__.l10n_br_fiscal_ncm_22380_f801d6d5,9403.50.00,,
__export__.l10n_br_fiscal_ncm_22381_662904ca,9403.60.00,,
__export__.l10n_br_fiscal_ncm_22382_ea2d0f3c,9403.70.00,,
__export__.l10n_br_fiscal_ncm_22383_63b60b7f,9403.82.00,,
__export__.l10n_br_fiscal_ncm_22384_ed5f4e39,9403.83.00,,
__export__.l10n_br_fiscal_ncm_22385_6c26fffe,9403.89.00,,
__export__.l10n_br_fiscal_ncm_22386_d1518924,9403.91.00,,
__export__.l10n_br_fiscal_ncm_22387_a22a8368,9403.99.00,,
__export__.l10n_br_fiscal_ncm_22388_87eb9517,9404.10.00,,
__export__.l10n_br_fiscal_ncm_22389_b5b8c404,9404.21.00,,
__export__.l10n_br_fiscal_ncm_22390_7e281f9e,9404.29.00,,
__export__.l10n_br_fiscal_ncm_22391_c4cee95e,9404.30.00,,
__export__.l10n_br_fiscal_ncm_22392_d7271de6,9404.40.00,,
__export__.l10n_br_fiscal_ncm_22393_b1f2b454,9404.90.00,,
__export__.l10n_br_fiscal_ncm_22394_bbc6090c,9405.11.10,,
__export__.l10n_br_fiscal_ncm_22395_89f9eb5f,9405.11.90,,
__export__.l10n_br_fiscal_ncm_22396_b543cf11,9405.19.10,,
__export__.l10n_br_fiscal_ncm_22397_30431d37,9405.19.90,,
__export__.l10n_br_fiscal_ncm_22398_71b68a88,9405.21.00,,
__export__.l10n_br_fiscal_ncm_22399_2aa43951,9405.29.00,,
__export__.l10n_br_fiscal_ncm_22400_048598b0,9405.31.00,,
__export__.l10n_br_fiscal_ncm_22401_c69616a7,9405.39.00,,
__export__.l10n_br_fiscal_ncm_22402_3d8fe4e3,9405.41.00,,
__export__.l10n_br_fiscal_ncm_22403_46a60a2d,9405.42.00,,
__export__.l10n_br_fiscal_ncm_22404_ddc162c2,9405.49.00,,
__export__.l10n_br_fiscal_ncm_22405_322a1a85,9405.49.00,1,
__export__.l10n_br_fiscal_ncm_22406_2b714551,9405.50.00,,
__export__.l10n_br_fiscal_ncm_22407_5a5a92fc,9405.61.00,,
__export__.l10n_br_fiscal_ncm_22408_a4b491f3,9405.69.00,,
__export__.l10n_br_fiscal_ncm_22409_1954f8ec,9405.91.00,,
__export__.l10n_br_fiscal_ncm_22410_c8fd3ada,9405.92.00,,
__export__.l10n_br_fiscal_ncm_22411_997f69cc,9405.99.00,,
__export__.l10n_br_fiscal_ncm_22412_1606d695,9406.10.10,,
__export__.l10n_br_fiscal_ncm_22413_9ceffb36,9406.10.90,,
__export__.l10n_br_fiscal_ncm_22414_fd26c559,9406.20.00,,
__export__.l10n_br_fiscal_ncm_22415_95a66a52,9406.90.10,,
__export__.l10n_br_fiscal_ncm_22416_0646e8e5,9406.90.20,,
__export__.l10n_br_fiscal_ncm_22417_2c2d32fd,9406.90.90,,
__export__.l10n_br_fiscal_ncm_22418_fac865ac,9503.00.10,,
__export__.l10n_br_fiscal_ncm_22419_ce4ac959,9503.00.21,,
__export__.l10n_br_fiscal_ncm_22420_2d1ccc69,9503.00.22,,
__export__.l10n_br_fiscal_ncm_22421_595c2c3c,9503.00.29,,
__export__.l10n_br_fiscal_ncm_22422_3d416401,9503.00.31,,
__export__.l10n_br_fiscal_ncm_22423_a847bbf4,9503.00.39,,
__export__.l10n_br_fiscal_ncm_22424_8df98e7d,9503.00.40,,
__export__.l10n_br_fiscal_ncm_22425_30ba7015,9503.00.50,,
__export__.l10n_br_fiscal_ncm_22426_05ba9214,9503.00.60,,
__export__.l10n_br_fiscal_ncm_22427_23bfb426,9503.00.70,,
__export__.l10n_br_fiscal_ncm_22428_4c05aa53,9503.00.80,,
__export__.l10n_br_fiscal_ncm_22429_828fc975,9503.00.91,,
__export__.l10n_br_fiscal_ncm_22430_9f78c1b6,9503.00.97,,
__export__.l10n_br_fiscal_ncm_22431_6f257da9,9503.00.98,,
__export__.l10n_br_fiscal_ncm_22432_3b0d8903,9503.00.99,,
__export__.l10n_br_fiscal_ncm_22433_e663b744,9504.20.00,,
__export__.l10n_br_fiscal_ncm_22434_f0033898,9504.20.00,1,
__export__.l10n_br_fiscal_ncm_22435_11403a31,9504.30.00,,
__export__.l10n_br_fiscal_ncm_22436_b47dcb2c,9504.40.00,,
__export__.l10n_br_fiscal_ncm_22437_9fd487c3,9504.50.00,,
__export__.l10n_br_fiscal_ncm_22438_a07d488b,9504.50.00,1,
__export__.l10n_br_fiscal_ncm_22439_c13a22f6,9504.50.00,2,
__export__.l10n_br_fiscal_ncm_22440_eae54496,9504.90.10,,
__export__.l10n_br_fiscal_ncm_22441_af137879,9504.90.90,,
__export__.l10n_br_fiscal_ncm_22442_c6ab9907,9504.90.90,1,
__export__.l10n_br_fiscal_ncm_22443_34e0665c,9504.90.90,2,
__export__.l10n_br_fiscal_ncm_22444_c727b2a3,9505.10.00,,
__export__.l10n_br_fiscal_ncm_22445_291997b0,9505.90.00,,
__export__.l10n_br_fiscal_ncm_22446_39a4cf02,9506.11.00,,
__export__.l10n_br_fiscal_ncm_22447_e66b7c05,9506.12.00,,
__export__.l10n_br_fiscal_ncm_22448_4fb15bf6,9506.19.00,,
__export__.l10n_br_fiscal_ncm_22449_f2797614,9506.21.00,,
__export__.l10n_br_fiscal_ncm_22450_a4d86afe,9506.29.00,,
__export__.l10n_br_fiscal_ncm_22451_cae4992a,9506.31.00,,
__export__.l10n_br_fiscal_ncm_22452_4e500bc9,9506.32.00,,
__export__.l10n_br_fiscal_ncm_22453_e9165c85,9506.39.00,,
__export__.l10n_br_fiscal_ncm_22454_5ce4fa59,9506.40.00,,
__export__.l10n_br_fiscal_ncm_22455_b02f6489,9506.51.00,,
__export__.l10n_br_fiscal_ncm_22456_829c35c2,9506.59.00,,
__export__.l10n_br_fiscal_ncm_22457_2378e46c,9506.61.00,,
__export__.l10n_br_fiscal_ncm_22458_2093e5aa,9506.62.00,,
__export__.l10n_br_fiscal_ncm_22459_fea75e49,9506.69.00,,
__export__.l10n_br_fiscal_ncm_22460_a05d1709,9506.70.00,,
__export__.l10n_br_fiscal_ncm_22461_fcc3a605,9506.91.00,,
__export__.l10n_br_fiscal_ncm_22462_a886a0d3,9506.91.00,1,
__export__.l10n_br_fiscal_ncm_22463_54bbd836,9506.99.00,,
__export__.l10n_br_fiscal_ncm_22464_a9b7774a,9507.10.00,,
__export__.l10n_br_fiscal_ncm_22465_68f04595,9507.20.00,,
__export__.l10n_br_fiscal_ncm_22466_d6f72f44,9507.30.00,,
__export__.l10n_br_fiscal_ncm_22467_00d411e7,9507.90.00,,
__export__.l10n_br_fiscal_ncm_22468_a2bbbbd6,9508.10.00,,
__export__.l10n_br_fiscal_ncm_22469_930ee865,9508.10.00,1,
__export__.l10n_br_fiscal_ncm_22470_6d8a2c4a,9508.21.10,,
__export__.l10n_br_fiscal_ncm_22471_af05d288,9508.21.20,,
__export__.l10n_br_fiscal_ncm_22472_4daee001,9508.21.90,,
__export__.l10n_br_fiscal_ncm_22473_1d050f18,9508.22.10,,
__export__.l10n_br_fiscal_ncm_22474_9cca1673,9508.22.90,,
__export__.l10n_br_fiscal_ncm_22475_efe47f35,9508.23.00,,
__export__.l10n_br_fiscal_ncm_22476_da7d3fb2,9508.24.00,,
__export__.l10n_br_fiscal_ncm_22477_8ad3113c,9508.25.00,,
__export__.l10n_br_fiscal_ncm_22478_86e244ae,9508.26.00,,
__export__.l10n_br_fiscal_ncm_22479_d2c27d2e,9508.29.00,,
__export__.l10n_br_fiscal_ncm_22480_e6a78d71,9508.30.00,,
__export__.l10n_br_fiscal_ncm_22481_d73c6462,9508.40.00,,
__export__.l10n_br_fiscal_ncm_22482_fe3dd986,9601.10.00,,
__export__.l10n_br_fiscal_ncm_22483_421ffab2,9601.90.00,,
__export__.l10n_br_fiscal_ncm_22484_1a873223,9602.00.10,,
__export__.l10n_br_fiscal_ncm_22485_f6596cd0,9602.00.20,,
__export__.l10n_br_fiscal_ncm_22486_c15c3e7a,9602.00.90,,
__export__.l10n_br_fiscal_ncm_22487_5680d58a,9603.10.00,,
__export__.l10n_br_fiscal_ncm_22488_8a64204e,9603.21.00,,l10n_br_fiscal.tax_classification_200035
__export__.l10n_br_fiscal_ncm_22489_91401a57,9603.29.00,,
__export__.l10n_br_fiscal_ncm_22490_fbbd0f72,9603.30.00,,
__export__.l10n_br_fiscal_ncm_22491_17038d71,9603.40.10,,
__export__.l10n_br_fiscal_ncm_22492_a211fae4,9603.40.90,,
__export__.l10n_br_fiscal_ncm_22493_e52cb631,9603.50.00,,
__export__.l10n_br_fiscal_ncm_22494_e7bbf50e,9603.90.00,,
__export__.l10n_br_fiscal_ncm_22495_f8d75689,9604.00.00,,
__export__.l10n_br_fiscal_ncm_22496_23a77ec0,9605.00.00,,
__export__.l10n_br_fiscal_ncm_22497_c1607353,9606.10.00,,
__export__.l10n_br_fiscal_ncm_22498_c9a55e6d,9606.21.00,,
__export__.l10n_br_fiscal_ncm_22499_9be94a87,9606.22.00,,
__export__.l10n_br_fiscal_ncm_22500_a8ea6e13,9606.29.00,,
__export__.l10n_br_fiscal_ncm_22501_82e2bf8e,9606.30.00,,
__export__.l10n_br_fiscal_ncm_22502_1121bec9,9607.11.00,,
__export__.l10n_br_fiscal_ncm_22503_bf65dce5,9607.19.00,,
__export__.l10n_br_fiscal_ncm_22504_5cf29342,9607.20.00,,
__export__.l10n_br_fiscal_ncm_22505_e65b1029,9608.10.00,,
__export__.l10n_br_fiscal_ncm_22506_ee2987bb,9608.20.00,,
__export__.l10n_br_fiscal_ncm_22507_442d4c22,9608.30.00,,
__export__.l10n_br_fiscal_ncm_22508_d12ef136,9608.40.00,,
__export__.l10n_br_fiscal_ncm_22509_87731947,9608.50.00,,
__export__.l10n_br_fiscal_ncm_22510_10abdb6b,9608.60.00,,
__export__.l10n_br_fiscal_ncm_22511_2fa53a56,9608.91.00,,
__export__.l10n_br_fiscal_ncm_22512_57d6baa8,9608.99.81,,
__export__.l10n_br_fiscal_ncm_22513_347d039b,9608.99.89,,
__export__.l10n_br_fiscal_ncm_22514_e64dee8b,9608.99.90,,
__export__.l10n_br_fiscal_ncm_22515_b010727f,9609.10.00,,
__export__.l10n_br_fiscal_ncm_22516_d4bc03ed,9609.20.00,,
__export__.l10n_br_fiscal_ncm_22517_60aab5c6,9609.90.00,,
__export__.l10n_br_fiscal_ncm_22518_57310740,9610.00.00,,
__export__.l10n_br_fiscal_ncm_22519_10f01038,9611.00.00,,
__export__.l10n_br_fiscal_ncm_22520_c51d6876,9612.10.00,,
__export__.l10n_br_fiscal_ncm_22521_898c260f,9612.10.00,1,
__export__.l10n_br_fiscal_ncm_22522_9d1959dc,9612.20.00,,
__export__.l10n_br_fiscal_ncm_22523_2adf8b62,9613.10.00,,
__export__.l10n_br_fiscal_ncm_22524_650c359f,9613.20.00,,
__export__.l10n_br_fiscal_ncm_22525_3bda5702,9613.80.00,,
__export__.l10n_br_fiscal_ncm_22526_5147ca1d,9613.90.00,,
__export__.l10n_br_fiscal_ncm_22527_a80ec53b,9614.00.00,,
__export__.l10n_br_fiscal_ncm_22528_f9aadedd,9615.11.00,,
__export__.l10n_br_fiscal_ncm_22529_2d0cef46,9615.19.00,,
__export__.l10n_br_fiscal_ncm_22530_2b1ee6b8,9615.90.00,,
__export__.l10n_br_fiscal_ncm_22531_fab4dcb6,9616.10.00,,
__export__.l10n_br_fiscal_ncm_22532_f4e6db2c,9616.20.00,,
__export__.l10n_br_fiscal_ncm_22533_c6f8412e,9617.00.10,,
__export__.l10n_br_fiscal_ncm_22534_ed1cd645,9617.00.20,,
__export__.l10n_br_fiscal_ncm_22535_7549e695,9618.00.00,,
__export__.l10n_br_fiscal_ncm_22538_a2488a50,9619.00.00,2,l10n_br_fiscal.tax_classification_200013
__export__.l10n_br_fiscal_ncm_22536_15553804,9619.00.00,,l10n_br_fiscal.tax_classification_200013
__export__.l10n_br_fiscal_ncm_22537_74b28ae1,9619.00.00,1,l10n_br_fiscal.tax_classification_200013
__export__.l10n_br_fiscal_ncm_22539_e65c2d33,9620.00.00,,
__export__.l10n_br_fiscal_ncm_22540_7223b0bf,9701.21.00,,
__export__.l10n_br_fiscal_ncm_22541_c6923aec,9701.22.00,,
__export__.l10n_br_fiscal_ncm_22542_d35df96d,9701.22.00,1,
__export__.l10n_br_fiscal_ncm_22543_6e01fa57,9701.29.00,,
__export__.l10n_br_fiscal_ncm_22544_60565a6b,9701.29.00,1,
__export__.l10n_br_fiscal_ncm_22545_d11977ab,9701.91.00,,l10n_br_fiscal.tax_classification_200039
__export__.l10n_br_fiscal_ncm_22546_4ad03473,9701.92.00,,
__export__.l10n_br_fiscal_ncm_22547_f12be991,9701.92.00,1,
__export__.l10n_br_fiscal_ncm_22548_89950a02,9701.99.00,,
__export__.l10n_br_fiscal_ncm_22549_283d42ef,9701.99.00,1,
__export__.l10n_br_fiscal_ncm_22550_9a696d00,9702.10.00,,
__export__.l10n_br_fiscal_ncm_22551_261fed9e,9702.90.00,,l10n_br_fiscal.tax_classification_200039
__export__.l10n_br_fiscal_ncm_22552_e55b0b1a,9703.10.00,,
__export__.l10n_br_fiscal_ncm_22553_303fd045,9703.90.00,,l10n_br_fiscal.tax_classification_200039
__export__.l10n_br_fiscal_ncm_22554_1d3bd78a,9704.00.00,,
__export__.l10n_br_fiscal_ncm_22555_c921d194,9705.10.00,,
__export__.l10n_br_fiscal_ncm_22556_080d9506,9705.21.00,,
__export__.l10n_br_fiscal_ncm_22557_f26c4f77,9705.22.00,,
__export__.l10n_br_fiscal_ncm_22558_2bf6de06,9705.29.00,,
__export__.l10n_br_fiscal_ncm_22559_00fa1227,9705.31.00,,
__export__.l10n_br_fiscal_ncm_22560_a1d04fb5,9705.39.00,,
__export__.l10n_br_fiscal_ncm_22561_75abbc68,9706.10.00,,
__export__.l10n_br_fiscal_ncm_22562_6da0d79b,9706.90.00,,
